{"id":"9aeecef0-7311-44a1-8a6b-7e3706380138","projectId":"b10d798b-ca0c-4d51-aa44-3c96821c3567","descriptionId":"siriusComponents://representationDescription?kind=diagramDescription&sourceKind=view&sourceId=74c5d045-51d7-359f-9634-611d0f1bef3d&sourceElementId=e1bd3b6d-357b-3068-b2e9-e0c1e19d6856","targetObjectId":"bd006d9a-d1f3-4376-9bf5-bec2c671a5ca","label":"Interconnection View","kind":"siriusComponents://representation?type=Diagram","representation":{"id":"9aeecef0-7311-44a1-8a6b-7e3706380138","kind":"siriusComponents://representation?type=Diagram","targetObjectId":"bd006d9a-d1f3-4376-9bf5-bec2c671a5ca","descriptionId":"siriusComponents://representationDescription?kind=diagramDescription&sourceKind=view&sourceId=74c5d045-51d7-359f-9634-611d0f1bef3d&sourceElementId=e1bd3b6d-357b-3068-b2e9-e0c1e19d6856","label":"Interconnection View","nodes":[{"id":"49e5e2ba-9ddb-3dae-b6d8-ebd1c62820b1","type":"node:rectangle","targetObjectId":"bd006d9a-d1f3-4376-9bf5-bec2c671a5ca","targetObjectKind":"siriusComponents://semantic?domain=sysml&entity=RequirementDefinition","targetObjectLabel":"RequirementDefinition","descriptionId":"siriusComponents://nodeDescription?sourceKind=view&sourceId=74c5d045-51d7-359f-9634-611d0f1bef3d&sourceElementId=4055a909-560d-3db5-a777-ea29c14cc2c2","borderNode":false,"modifiers":[],"state":"Normal","collapsingState":"EXPANDED","insideLabel":{"id":"7415e62f-22d0-3f26-9288-27e7a2e1d97d","text":"«requirement def»\nRequirementDefinition","insideLabelLocation":"TOP_CENTER","style":{"color":"#000000","fontSize":14,"bold":false,"italic":false,"underline":false,"strikeThrough":false,"iconURL":["/icons/full/obj16/RequirementDefinition.svg"],"background":"transparent","borderColor":"black","borderSize":0,"borderRadius":3,"borderStyle":"Solid","maxWidth":null},"isHeader":true,"headerSeparatorDisplayMode":"NEVER","overflowStrategy":"NONE","textAlign":"CENTER"},"outsideLabels":[],"style":{"background":"#ffffff","borderColor":"#000000","borderSize":1,"borderRadius":0,"borderStyle":"Solid"},"childrenLayoutStrategy":{"kind":"FreeForm"},"borderNodes":[],"childNodes":[{"id":"8050ab63-cf86-3972-8144-f746e1ffeb15","type":"node:rectangle","targetObjectId":"8597742e-8641-47a0-9008-b3cf64d6e37b","targetObjectKind":"siriusComponents://semantic?domain=sysml&entity=PartUsage","targetObjectLabel":"Player 1","descriptionId":"siriusComponents://nodeDescription?sourceKind=view&sourceId=74c5d045-51d7-359f-9634-611d0f1bef3d&sourceElementId=700133eb-7806-3dce-98d2-9ec37d212aaa","borderNode":false,"modifiers":[],"state":"Normal","collapsingState":"EXPANDED","insideLabel":{"id":"21e4d671-a12d-3cd4-a82a-53a3861da3d4","text":"«part»\nPlayer 1 : Engineer","insideLabelLocation":"TOP_CENTER","style":{"color":"#000000","fontSize":14,"bold":false,"italic":false,"underline":false,"strikeThrough":false,"iconURL":["/icons/full/obj16/PartUsage.svg"],"background":"transparent","borderColor":"black","borderSize":0,"borderRadius":3,"borderStyle":"Solid","maxWidth":null},"isHeader":true,"headerSeparatorDisplayMode":"IF_CHILDREN","overflowStrategy":"NONE","textAlign":"CENTER"},"outsideLabels":[],"style":{"background":"#ffffff","borderColor":"#000000","borderSize":1,"borderRadius":10,"borderStyle":"Solid"},"childrenLayoutStrategy":{"areChildNodesDraggable":false,"topGap":0,"bottomGap":0,"growableNodeIds":["siriusComponents://nodeDescription?sourceKind=view&sourceId=74c5d045-51d7-359f-9634-611d0f1bef3d&sourceElementId=a77b4c6c-526d-3fe4-822b-de505f743123"],"kind":"List"},"borderNodes":[{"id":"9a6c12be-752d-3e34-8e32-0d6c62923606","type":"node:image","targetObjectId":"cb77babe-4625-4f97-9b99-5d5430f20c99","targetObjectKind":"siriusComponents://semantic?domain=sysml&entity=PortUsage","targetObjectLabel":"port","descriptionId":"siriusComponents://nodeDescription?sourceKind=view&sourceId=74c5d045-51d7-359f-9634-611d0f1bef3d&sourceElementId=de70405c-a973-3bca-88a6-c6829548952d","borderNode":true,"modifiers":[],"state":"Normal","collapsingState":"EXPANDED","insideLabel":null,"outsideLabels":[{"id":"ae00f6ea-a4b7-30a9-8874-3398e1f7aa32","text":"port","outsideLabelLocation":"BOTTOM_MIDDLE","style":{"color":"#000000","fontSize":12,"bold":false,"italic":false,"underline":false,"strikeThrough":false,"iconURL":[],"background":"transparent","borderColor":"black","borderSize":0,"borderRadius":3,"borderStyle":"Solid","maxWidth":null},"overflowStrategy":"NONE","textAlign":"LEFT"}],"style":{"imageURL":"/images/Feature_Inout.svg","scalingFactor":1,"borderColor":"#000000","borderSize":1,"borderRadius":0,"borderStyle":"Solid","positionDependentRotation":true},"childrenLayoutStrategy":null,"borderNodes":[],"childNodes":[],"defaultWidth":10,"defaultHeight":10,"labelEditable":true,"pinned":false},{"id":"6024e654-e5a0-39b4-9926-e1b89022fabc","type":"node:image","targetObjectId":"a413af4c-693e-4162-ae24-4771cbf469fc","targetObjectKind":"siriusComponents://semantic?domain=sysml&entity=PortUsage","targetObjectLabel":"port","descriptionId":"siriusComponents://nodeDescription?sourceKind=view&sourceId=74c5d045-51d7-359f-9634-611d0f1bef3d&sourceElementId=de70405c-a973-3bca-88a6-c6829548952d","borderNode":true,"modifiers":[],"state":"Normal","collapsingState":"EXPANDED","insideLabel":null,"outsideLabels":[{"id":"32d5a6cd-03f7-33be-9cdd-d129603c1984","text":"port","outsideLabelLocation":"BOTTOM_MIDDLE","style":{"color":"#000000","fontSize":12,"bold":false,"italic":false,"underline":false,"strikeThrough":false,"iconURL":[],"background":"transparent","borderColor":"black","borderSize":0,"borderRadius":3,"borderStyle":"Solid","maxWidth":null},"overflowStrategy":"NONE","textAlign":"LEFT"}],"style":{"imageURL":"/images/Feature_Inout.svg","scalingFactor":1,"borderColor":"#000000","borderSize":1,"borderRadius":0,"borderStyle":"Solid","positionDependentRotation":true},"childrenLayoutStrategy":null,"borderNodes":[],"childNodes":[],"defaultWidth":10,"defaultHeight":10,"labelEditable":true,"pinned":false},{"id":"d12c5042-762e-33c8-ba5e-101d4467ab53","type":"node:image","targetObjectId":"1e86c610-9800-41b3-8e3a-3c399c6c8a83","targetObjectKind":"siriusComponents://semantic?domain=sysml&entity=PortUsage","targetObjectLabel":"port","descriptionId":"siriusComponents://nodeDescription?sourceKind=view&sourceId=74c5d045-51d7-359f-9634-611d0f1bef3d&sourceElementId=de70405c-a973-3bca-88a6-c6829548952d","borderNode":true,"modifiers":[],"state":"Normal","collapsingState":"EXPANDED","insideLabel":null,"outsideLabels":[{"id":"0d7409bf-54a1-3246-b2e1-6cd11c47d812","text":"port","outsideLabelLocation":"BOTTOM_MIDDLE","style":{"color":"#000000","fontSize":12,"bold":false,"italic":false,"underline":false,"strikeThrough":false,"iconURL":[],"background":"transparent","borderColor":"black","borderSize":0,"borderRadius":3,"borderStyle":"Solid","maxWidth":null},"overflowStrategy":"NONE","textAlign":"LEFT"}],"style":{"imageURL":"/images/Feature_Inout.svg","scalingFactor":1,"borderColor":"#000000","borderSize":1,"borderRadius":0,"borderStyle":"Solid","positionDependentRotation":true},"childrenLayoutStrategy":null,"borderNodes":[],"childNodes":[],"defaultWidth":10,"defaultHeight":10,"labelEditable":true,"pinned":false}],"childNodes":[{"id":"a88c6dd4-7d87-330a-b938-763ce6929b50","type":"node:rectangle","targetObjectId":"8597742e-8641-47a0-9008-b3cf64d6e37b","targetObjectKind":"siriusComponents://semantic?domain=sysml&entity=PartUsage","targetObjectLabel":"Player 1","descriptionId":"siriusComponents://nodeDescription?sourceKind=view&sourceId=74c5d045-51d7-359f-9634-611d0f1bef3d&sourceElementId=9f871f18-dbda-3798-8e28-094acfae6a2d","borderNode":false,"modifiers":["Hidden"],"state":"Hidden","collapsingState":"EXPANDED","insideLabel":{"id":"6d20e617-5efd-3750-ad56-88d8d7e47695","text":"doc","insideLabelLocation":"TOP_CENTER","style":{"color":"#000000","fontSize":12,"bold":false,"italic":true,"underline":false,"strikeThrough":false,"iconURL":[],"background":"transparent","borderColor":"black","borderSize":0,"borderRadius":3,"borderStyle":"Solid","maxWidth":null},"isHeader":true,"headerSeparatorDisplayMode":"NEVER","overflowStrategy":"NONE","textAlign":"CENTER"},"outsideLabels":[],"style":{"background":"transparent","borderColor":"#000000","borderSize":1,"borderRadius":0,"borderStyle":"Solid"},"childrenLayoutStrategy":{"areChildNodesDraggable":true,"topGap":0,"bottomGap":10,"growableNodeIds":[],"kind":"List"},"borderNodes":[],"childNodes":[{"id":"cef91929-ae82-3c4d-8bef-251b94b33d35","type":"node:icon-label","targetObjectId":"ed2e44c0-540b-4d0a-b78c-7b182894ac2e","targetObjectKind":"siriusComponents://semantic?domain=sysml&entity=Documentation","targetObjectLabel":"","descriptionId":"siriusComponents://nodeDescription?sourceKind=view&sourceId=74c5d045-51d7-359f-9634-611d0f1bef3d&sourceElementId=ead1b457-81d2-3ed3-92e3-fbf1d0633176","borderNode":false,"modifiers":[],"state":"Hidden","collapsingState":"EXPANDED","insideLabel":{"id":"31f45994-aca4-375e-b888-efb25f637420","text":"Engineer role, interacting with other roles through an interaction port.","insideLabelLocation":"TOP_LEFT","style":{"color":"#000000","fontSize":14,"bold":false,"italic":false,"underline":false,"strikeThrough":false,"iconURL":["/icons/full/obj16/Documentation.svg"],"background":"transparent","borderColor":"black","borderSize":0,"borderRadius":3,"borderStyle":"Solid","maxWidth":null},"isHeader":false,"headerSeparatorDisplayMode":"NEVER","overflowStrategy":"WRAP","textAlign":"LEFT"},"outsideLabels":[],"style":{"background":"transparent"},"childrenLayoutStrategy":null,"borderNodes":[],"childNodes":[],"defaultWidth":125,"defaultHeight":15,"labelEditable":true,"pinned":false}],"defaultWidth":125,"defaultHeight":60,"labelEditable":false,"pinned":false},{"id":"d32965fc-349b-39ad-b523-39ca51958ec5","type":"node:rectangle","targetObjectId":"8597742e-8641-47a0-9008-b3cf64d6e37b","targetObjectKind":"siriusComponents://semantic?domain=sysml&entity=PartUsage","targetObjectLabel":"Player 1","descriptionId":"siriusComponents://nodeDescription?sourceKind=view&sourceId=74c5d045-51d7-359f-9634-611d0f1bef3d&sourceElementId=85d2283f-c727-34f0-ba1b-695e544d15a7","borderNode":false,"modifiers":["Hidden"],"state":"Hidden","collapsingState":"EXPANDED","insideLabel":{"id":"b6eb8efe-6698-367f-9dc2-dc5b908ab787","text":"attributes","insideLabelLocation":"TOP_CENTER","style":{"color":"#000000","fontSize":12,"bold":false,"italic":true,"underline":false,"strikeThrough":false,"iconURL":[],"background":"transparent","borderColor":"black","borderSize":0,"borderRadius":3,"borderStyle":"Solid","maxWidth":null},"isHeader":true,"headerSeparatorDisplayMode":"NEVER","overflowStrategy":"NONE","textAlign":"CENTER"},"outsideLabels":[],"style":{"background":"transparent","borderColor":"#000000","borderSize":1,"borderRadius":0,"borderStyle":"Solid"},"childrenLayoutStrategy":{"areChildNodesDraggable":true,"topGap":0,"bottomGap":10,"growableNodeIds":[],"kind":"List"},"borderNodes":[],"childNodes":[{"id":"c01d812f-9e16-363a-9a55-f3348544da6f","type":"node:icon-label","targetObjectId":"7798acc3-1929-41be-a315-41b736ba8199","targetObjectKind":"siriusComponents://semantic?domain=sysml&entity=AttributeUsage","targetObjectLabel":"negotiationSkill","descriptionId":"siriusComponents://nodeDescription?sourceKind=view&sourceId=74c5d045-51d7-359f-9634-611d0f1bef3d&sourceElementId=476c2177-8dca-3dfc-a55d-d5ab09e6eaf2","borderNode":false,"modifiers":[],"state":"Hidden","collapsingState":"EXPANDED","insideLabel":{"id":"15dc06eb-6be9-34b8-aa12-fcd6967a227a","text":"^negotiationSkill : ScalarValues::Real","insideLabelLocation":"TOP_LEFT","style":{"color":"#000000","fontSize":14,"bold":false,"italic":true,"underline":false,"strikeThrough":false,"iconURL":["/icons/full/obj16/AttributeUsage.svg"],"background":"transparent","borderColor":"black","borderSize":0,"borderRadius":3,"borderStyle":"Solid","maxWidth":null},"isHeader":false,"headerSeparatorDisplayMode":"NEVER","overflowStrategy":"WRAP","textAlign":"LEFT"},"outsideLabels":[],"style":{"background":"transparent"},"childrenLayoutStrategy":null,"borderNodes":[],"childNodes":[],"defaultWidth":125,"defaultHeight":15,"labelEditable":false,"pinned":false},{"id":"d3d25986-4308-3a36-afac-1979fda74ef7","type":"node:icon-label","targetObjectId":"e9597568-7cf0-4622-a97d-46571c47d950","targetObjectKind":"siriusComponents://semantic?domain=sysml&entity=AttributeUsage","targetObjectLabel":"projectSkill","descriptionId":"siriusComponents://nodeDescription?sourceKind=view&sourceId=74c5d045-51d7-359f-9634-611d0f1bef3d&sourceElementId=476c2177-8dca-3dfc-a55d-d5ab09e6eaf2","borderNode":false,"modifiers":[],"state":"Hidden","collapsingState":"EXPANDED","insideLabel":{"id":"30815e10-8d59-3de3-baee-67481e8c0ffb","text":"^projectSkill : ScalarValues::Real","insideLabelLocation":"TOP_LEFT","style":{"color":"#000000","fontSize":14,"bold":false,"italic":true,"underline":false,"strikeThrough":false,"iconURL":["/icons/full/obj16/AttributeUsage.svg"],"background":"transparent","borderColor":"black","borderSize":0,"borderRadius":3,"borderStyle":"Solid","maxWidth":null},"isHeader":false,"headerSeparatorDisplayMode":"NEVER","overflowStrategy":"WRAP","textAlign":"LEFT"},"outsideLabels":[],"style":{"background":"transparent"},"childrenLayoutStrategy":null,"borderNodes":[],"childNodes":[],"defaultWidth":125,"defaultHeight":15,"labelEditable":false,"pinned":false}],"defaultWidth":125,"defaultHeight":60,"labelEditable":false,"pinned":false},{"id":"1c88b56e-2c80-31f0-8e6e-6d0d8b21dffd","type":"node:rectangle","targetObjectId":"8597742e-8641-47a0-9008-b3cf64d6e37b","targetObjectKind":"siriusComponents://semantic?domain=sysml&entity=PartUsage","targetObjectLabel":"Player 1","descriptionId":"siriusComponents://nodeDescription?sourceKind=view&sourceId=74c5d045-51d7-359f-9634-611d0f1bef3d&sourceElementId=a77b4c6c-526d-3fe4-822b-de505f743123","borderNode":false,"modifiers":["Hidden"],"state":"Hidden","collapsingState":"EXPANDED","insideLabel":{"id":"1ab87be7-0770-3325-902a-694017e4e82b","text":"parts","insideLabelLocation":"TOP_CENTER","style":{"color":"#000000","fontSize":12,"bold":false,"italic":true,"underline":false,"strikeThrough":false,"iconURL":[],"background":"transparent","borderColor":"black","borderSize":0,"borderRadius":3,"borderStyle":"Solid","maxWidth":null},"isHeader":true,"headerSeparatorDisplayMode":"NEVER","overflowStrategy":"NONE","textAlign":"CENTER"},"outsideLabels":[],"style":{"background":"transparent","borderColor":"#000000","borderSize":1,"borderRadius":0,"borderStyle":"Solid"},"childrenLayoutStrategy":{"kind":"FreeForm"},"borderNodes":[],"childNodes":[],"defaultWidth":125,"defaultHeight":150,"labelEditable":false,"pinned":false}],"defaultWidth":150,"defaultHeight":60,"labelEditable":true,"pinned":false},{"id":"e7b54b72-14ab-3fc1-970c-47bc111160fd","type":"node:rectangle","targetObjectId":"e9328c10-9c91-4c3f-86e0-5cef626d632f","targetObjectKind":"siriusComponents://semantic?domain=sysml&entity=PartUsage","targetObjectLabel":"Player 2","descriptionId":"siriusComponents://nodeDescription?sourceKind=view&sourceId=74c5d045-51d7-359f-9634-611d0f1bef3d&sourceElementId=700133eb-7806-3dce-98d2-9ec37d212aaa","borderNode":false,"modifiers":[],"state":"Normal","collapsingState":"EXPANDED","insideLabel":{"id":"fef6d8ff-6f33-33ea-9a1b-9d8f4e50d440","text":"«part»\nPlayer 2 : Architect","insideLabelLocation":"TOP_CENTER","style":{"color":"#000000","fontSize":14,"bold":false,"italic":false,"underline":false,"strikeThrough":false,"iconURL":["/icons/full/obj16/PartUsage.svg"],"background":"transparent","borderColor":"black","borderSize":0,"borderRadius":3,"borderStyle":"Solid","maxWidth":null},"isHeader":true,"headerSeparatorDisplayMode":"IF_CHILDREN","overflowStrategy":"NONE","textAlign":"CENTER"},"outsideLabels":[],"style":{"background":"#ffffff","borderColor":"#000000","borderSize":1,"borderRadius":10,"borderStyle":"Solid"},"childrenLayoutStrategy":{"areChildNodesDraggable":false,"topGap":0,"bottomGap":0,"growableNodeIds":["siriusComponents://nodeDescription?sourceKind=view&sourceId=74c5d045-51d7-359f-9634-611d0f1bef3d&sourceElementId=a77b4c6c-526d-3fe4-822b-de505f743123"],"kind":"List"},"borderNodes":[{"id":"328fa51e-1aa2-3813-a778-0f15281cb4ae","type":"node:image","targetObjectId":"c9b8a91f-bdfc-4724-8193-0320eaccc25a","targetObjectKind":"siriusComponents://semantic?domain=sysml&entity=PortUsage","targetObjectLabel":"port","descriptionId":"siriusComponents://nodeDescription?sourceKind=view&sourceId=74c5d045-51d7-359f-9634-611d0f1bef3d&sourceElementId=de70405c-a973-3bca-88a6-c6829548952d","borderNode":true,"modifiers":[],"state":"Normal","collapsingState":"EXPANDED","insideLabel":null,"outsideLabels":[{"id":"447e6ed9-7807-3326-b345-9b664884068f","text":"port","outsideLabelLocation":"BOTTOM_MIDDLE","style":{"color":"#000000","fontSize":12,"bold":false,"italic":false,"underline":false,"strikeThrough":false,"iconURL":[],"background":"transparent","borderColor":"black","borderSize":0,"borderRadius":3,"borderStyle":"Solid","maxWidth":null},"overflowStrategy":"NONE","textAlign":"LEFT"}],"style":{"imageURL":"/images/Feature_Inout.svg","scalingFactor":1,"borderColor":"#000000","borderSize":1,"borderRadius":0,"borderStyle":"Solid","positionDependentRotation":true},"childrenLayoutStrategy":null,"borderNodes":[],"childNodes":[],"defaultWidth":10,"defaultHeight":10,"labelEditable":true,"pinned":false},{"id":"ad2db237-3bb6-3bcf-a8a1-5f85c7176ec7","type":"node:image","targetObjectId":"cfbd1254-ae7b-4a5a-972e-15a31928fa4b","targetObjectKind":"siriusComponents://semantic?domain=sysml&entity=PortUsage","targetObjectLabel":"port","descriptionId":"siriusComponents://nodeDescription?sourceKind=view&sourceId=74c5d045-51d7-359f-9634-611d0f1bef3d&sourceElementId=de70405c-a973-3bca-88a6-c6829548952d","borderNode":true,"modifiers":[],"state":"Normal","collapsingState":"EXPANDED","insideLabel":null,"outsideLabels":[{"id":"b7dc6269-21b8-337e-b887-c236b642c759","text":"port","outsideLabelLocation":"BOTTOM_MIDDLE","style":{"color":"#000000","fontSize":12,"bold":false,"italic":false,"underline":false,"strikeThrough":false,"iconURL":[],"background":"transparent","borderColor":"black","borderSize":0,"borderRadius":3,"borderStyle":"Solid","maxWidth":null},"overflowStrategy":"NONE","textAlign":"LEFT"}],"style":{"imageURL":"/images/Feature_Inout.svg","scalingFactor":1,"borderColor":"#000000","borderSize":1,"borderRadius":0,"borderStyle":"Solid","positionDependentRotation":true},"childrenLayoutStrategy":null,"borderNodes":[],"childNodes":[],"defaultWidth":10,"defaultHeight":10,"labelEditable":true,"pinned":false},{"id":"61a07fc9-f5ea-3d33-b2c0-423dbd396e08","type":"node:image","targetObjectId":"147003b6-972c-4d8b-98a9-3699f28186f7","targetObjectKind":"siriusComponents://semantic?domain=sysml&entity=PortUsage","targetObjectLabel":"port","descriptionId":"siriusComponents://nodeDescription?sourceKind=view&sourceId=74c5d045-51d7-359f-9634-611d0f1bef3d&sourceElementId=de70405c-a973-3bca-88a6-c6829548952d","borderNode":true,"modifiers":[],"state":"Normal","collapsingState":"EXPANDED","insideLabel":null,"outsideLabels":[{"id":"2e35168c-500b-3488-a8ba-e39ec06166ed","text":"port","outsideLabelLocation":"BOTTOM_MIDDLE","style":{"color":"#000000","fontSize":12,"bold":false,"italic":false,"underline":false,"strikeThrough":false,"iconURL":[],"background":"transparent","borderColor":"black","borderSize":0,"borderRadius":3,"borderStyle":"Solid","maxWidth":null},"overflowStrategy":"NONE","textAlign":"LEFT"}],"style":{"imageURL":"/images/Feature_Inout.svg","scalingFactor":1,"borderColor":"#000000","borderSize":1,"borderRadius":0,"borderStyle":"Solid","positionDependentRotation":true},"childrenLayoutStrategy":null,"borderNodes":[],"childNodes":[],"defaultWidth":10,"defaultHeight":10,"labelEditable":true,"pinned":false}],"childNodes":[{"id":"688cdc1c-5738-3d7c-bdd4-30b196ed5669","type":"node:rectangle","targetObjectId":"e9328c10-9c91-4c3f-86e0-5cef626d632f","targetObjectKind":"siriusComponents://semantic?domain=sysml&entity=PartUsage","targetObjectLabel":"Player 2","descriptionId":"siriusComponents://nodeDescription?sourceKind=view&sourceId=74c5d045-51d7-359f-9634-611d0f1bef3d&sourceElementId=9f871f18-dbda-3798-8e28-094acfae6a2d","borderNode":false,"modifiers":["Hidden"],"state":"Hidden","collapsingState":"EXPANDED","insideLabel":{"id":"ebbfcffb-03a5-36a9-83f4-81b5f9239793","text":"doc","insideLabelLocation":"TOP_CENTER","style":{"color":"#000000","fontSize":12,"bold":false,"italic":true,"underline":false,"strikeThrough":false,"iconURL":[],"background":"transparent","borderColor":"black","borderSize":0,"borderRadius":3,"borderStyle":"Solid","maxWidth":null},"isHeader":true,"headerSeparatorDisplayMode":"NEVER","overflowStrategy":"NONE","textAlign":"CENTER"},"outsideLabels":[],"style":{"background":"transparent","borderColor":"#000000","borderSize":1,"borderRadius":0,"borderStyle":"Solid"},"childrenLayoutStrategy":{"areChildNodesDraggable":true,"topGap":0,"bottomGap":10,"growableNodeIds":[],"kind":"List"},"borderNodes":[],"childNodes":[{"id":"47e42db9-c501-3f58-862e-b18a13b6a5d8","type":"node:icon-label","targetObjectId":"d22fa8c4-bd03-4822-8de8-604f96e91ba2","targetObjectKind":"siriusComponents://semantic?domain=sysml&entity=Documentation","targetObjectLabel":"","descriptionId":"siriusComponents://nodeDescription?sourceKind=view&sourceId=74c5d045-51d7-359f-9634-611d0f1bef3d&sourceElementId=ead1b457-81d2-3ed3-92e3-fbf1d0633176","borderNode":false,"modifiers":[],"state":"Hidden","collapsingState":"EXPANDED","insideLabel":{"id":"d3bb7cde-cff0-35fc-a230-5c0910dc5cb9","text":"Architect role, interacts with others for negotiation and collaboration","insideLabelLocation":"TOP_LEFT","style":{"color":"#000000","fontSize":14,"bold":false,"italic":false,"underline":false,"strikeThrough":false,"iconURL":["/icons/full/obj16/Documentation.svg"],"background":"transparent","borderColor":"black","borderSize":0,"borderRadius":3,"borderStyle":"Solid","maxWidth":null},"isHeader":false,"headerSeparatorDisplayMode":"NEVER","overflowStrategy":"WRAP","textAlign":"LEFT"},"outsideLabels":[],"style":{"background":"transparent"},"childrenLayoutStrategy":null,"borderNodes":[],"childNodes":[],"defaultWidth":125,"defaultHeight":15,"labelEditable":true,"pinned":false}],"defaultWidth":125,"defaultHeight":60,"labelEditable":false,"pinned":false},{"id":"8f114ffc-0480-300f-8586-68dc0dbdd55b","type":"node:rectangle","targetObjectId":"e9328c10-9c91-4c3f-86e0-5cef626d632f","targetObjectKind":"siriusComponents://semantic?domain=sysml&entity=PartUsage","targetObjectLabel":"Player 2","descriptionId":"siriusComponents://nodeDescription?sourceKind=view&sourceId=74c5d045-51d7-359f-9634-611d0f1bef3d&sourceElementId=85d2283f-c727-34f0-ba1b-695e544d15a7","borderNode":false,"modifiers":["Hidden"],"state":"Hidden","collapsingState":"EXPANDED","insideLabel":{"id":"145b9812-4213-3303-b71f-b1bcfd2b8d0c","text":"attributes","insideLabelLocation":"TOP_CENTER","style":{"color":"#000000","fontSize":12,"bold":false,"italic":true,"underline":false,"strikeThrough":false,"iconURL":[],"background":"transparent","borderColor":"black","borderSize":0,"borderRadius":3,"borderStyle":"Solid","maxWidth":null},"isHeader":true,"headerSeparatorDisplayMode":"NEVER","overflowStrategy":"NONE","textAlign":"CENTER"},"outsideLabels":[],"style":{"background":"transparent","borderColor":"#000000","borderSize":1,"borderRadius":0,"borderStyle":"Solid"},"childrenLayoutStrategy":{"areChildNodesDraggable":true,"topGap":0,"bottomGap":10,"growableNodeIds":[],"kind":"List"},"borderNodes":[],"childNodes":[{"id":"160b6478-0ad2-33f8-aa5b-d79d8a1ac308","type":"node:icon-label","targetObjectId":"6b0ecd60-0692-4e06-9548-5f1f9705878d","targetObjectKind":"siriusComponents://semantic?domain=sysml&entity=AttributeUsage","targetObjectLabel":"negotiationSkill","descriptionId":"siriusComponents://nodeDescription?sourceKind=view&sourceId=74c5d045-51d7-359f-9634-611d0f1bef3d&sourceElementId=476c2177-8dca-3dfc-a55d-d5ab09e6eaf2","borderNode":false,"modifiers":[],"state":"Hidden","collapsingState":"EXPANDED","insideLabel":{"id":"2355d6d7-623f-3586-ba66-a34e31ede3d6","text":"^negotiationSkill : ScalarValues::Real","insideLabelLocation":"TOP_LEFT","style":{"color":"#000000","fontSize":14,"bold":false,"italic":true,"underline":false,"strikeThrough":false,"iconURL":["/icons/full/obj16/AttributeUsage.svg"],"background":"transparent","borderColor":"black","borderSize":0,"borderRadius":3,"borderStyle":"Solid","maxWidth":null},"isHeader":false,"headerSeparatorDisplayMode":"NEVER","overflowStrategy":"WRAP","textAlign":"LEFT"},"outsideLabels":[],"style":{"background":"transparent"},"childrenLayoutStrategy":null,"borderNodes":[],"childNodes":[],"defaultWidth":125,"defaultHeight":15,"labelEditable":false,"pinned":false},{"id":"afa92335-100c-3cb6-8b1f-5ef6c3f1b24f","type":"node:icon-label","targetObjectId":"39b3bb25-33d5-4f31-b926-b68466f15df5","targetObjectKind":"siriusComponents://semantic?domain=sysml&entity=AttributeUsage","targetObjectLabel":"visionSkill","descriptionId":"siriusComponents://nodeDescription?sourceKind=view&sourceId=74c5d045-51d7-359f-9634-611d0f1bef3d&sourceElementId=476c2177-8dca-3dfc-a55d-d5ab09e6eaf2","borderNode":false,"modifiers":[],"state":"Hidden","collapsingState":"EXPANDED","insideLabel":{"id":"f5a87ff3-bc19-374e-abda-09f1d81a4a99","text":"^visionSkill : ScalarValues::Real","insideLabelLocation":"TOP_LEFT","style":{"color":"#000000","fontSize":14,"bold":false,"italic":true,"underline":false,"strikeThrough":false,"iconURL":["/icons/full/obj16/AttributeUsage.svg"],"background":"transparent","borderColor":"black","borderSize":0,"borderRadius":3,"borderStyle":"Solid","maxWidth":null},"isHeader":false,"headerSeparatorDisplayMode":"NEVER","overflowStrategy":"WRAP","textAlign":"LEFT"},"outsideLabels":[],"style":{"background":"transparent"},"childrenLayoutStrategy":null,"borderNodes":[],"childNodes":[],"defaultWidth":125,"defaultHeight":15,"labelEditable":false,"pinned":false}],"defaultWidth":125,"defaultHeight":60,"labelEditable":false,"pinned":false},{"id":"dbf132a5-0ac5-3c20-96f8-08c91c316c8b","type":"node:rectangle","targetObjectId":"e9328c10-9c91-4c3f-86e0-5cef626d632f","targetObjectKind":"siriusComponents://semantic?domain=sysml&entity=PartUsage","targetObjectLabel":"Player 2","descriptionId":"siriusComponents://nodeDescription?sourceKind=view&sourceId=74c5d045-51d7-359f-9634-611d0f1bef3d&sourceElementId=a77b4c6c-526d-3fe4-822b-de505f743123","borderNode":false,"modifiers":["Hidden"],"state":"Hidden","collapsingState":"EXPANDED","insideLabel":{"id":"db286a9c-63aa-3368-813a-4eb0a8c5e6ab","text":"parts","insideLabelLocation":"TOP_CENTER","style":{"color":"#000000","fontSize":12,"bold":false,"italic":true,"underline":false,"strikeThrough":false,"iconURL":[],"background":"transparent","borderColor":"black","borderSize":0,"borderRadius":3,"borderStyle":"Solid","maxWidth":null},"isHeader":true,"headerSeparatorDisplayMode":"NEVER","overflowStrategy":"NONE","textAlign":"CENTER"},"outsideLabels":[],"style":{"background":"transparent","borderColor":"#000000","borderSize":1,"borderRadius":0,"borderStyle":"Solid"},"childrenLayoutStrategy":{"kind":"FreeForm"},"borderNodes":[],"childNodes":[],"defaultWidth":125,"defaultHeight":150,"labelEditable":false,"pinned":false}],"defaultWidth":150,"defaultHeight":60,"labelEditable":true,"pinned":false},{"id":"79254fd6-eeb9-3a68-8119-6780387a1525","type":"node:rectangle","targetObjectId":"71eca489-d4af-4c82-be4d-70cbb09bcf1e","targetObjectKind":"siriusComponents://semantic?domain=sysml&entity=PartUsage","targetObjectLabel":"Player 3","descriptionId":"siriusComponents://nodeDescription?sourceKind=view&sourceId=74c5d045-51d7-359f-9634-611d0f1bef3d&sourceElementId=700133eb-7806-3dce-98d2-9ec37d212aaa","borderNode":false,"modifiers":[],"state":"Normal","collapsingState":"EXPANDED","insideLabel":{"id":"ce288694-d559-33f3-81e7-bbccb5305ede","text":"«part»\nPlayer 3 : ProjectManager","insideLabelLocation":"TOP_CENTER","style":{"color":"#000000","fontSize":14,"bold":false,"italic":false,"underline":false,"strikeThrough":false,"iconURL":["/icons/full/obj16/PartUsage.svg"],"background":"transparent","borderColor":"black","borderSize":0,"borderRadius":3,"borderStyle":"Solid","maxWidth":null},"isHeader":true,"headerSeparatorDisplayMode":"IF_CHILDREN","overflowStrategy":"NONE","textAlign":"CENTER"},"outsideLabels":[],"style":{"background":"#ffffff","borderColor":"#000000","borderSize":1,"borderRadius":10,"borderStyle":"Solid"},"childrenLayoutStrategy":{"areChildNodesDraggable":false,"topGap":0,"bottomGap":0,"growableNodeIds":["siriusComponents://nodeDescription?sourceKind=view&sourceId=74c5d045-51d7-359f-9634-611d0f1bef3d&sourceElementId=a77b4c6c-526d-3fe4-822b-de505f743123"],"kind":"List"},"borderNodes":[{"id":"915f9910-a474-37b8-a638-82f40534054e","type":"node:image","targetObjectId":"5157ee86-820f-4dcb-8720-f23dd9d26ada","targetObjectKind":"siriusComponents://semantic?domain=sysml&entity=PortUsage","targetObjectLabel":"port","descriptionId":"siriusComponents://nodeDescription?sourceKind=view&sourceId=74c5d045-51d7-359f-9634-611d0f1bef3d&sourceElementId=de70405c-a973-3bca-88a6-c6829548952d","borderNode":true,"modifiers":[],"state":"Normal","collapsingState":"EXPANDED","insideLabel":null,"outsideLabels":[{"id":"5bae241b-2649-3f76-9ccb-9af6c5af1482","text":"port","outsideLabelLocation":"BOTTOM_MIDDLE","style":{"color":"#000000","fontSize":12,"bold":false,"italic":false,"underline":false,"strikeThrough":false,"iconURL":[],"background":"transparent","borderColor":"black","borderSize":0,"borderRadius":3,"borderStyle":"Solid","maxWidth":null},"overflowStrategy":"NONE","textAlign":"LEFT"}],"style":{"imageURL":"/images/Feature_Inout.svg","scalingFactor":1,"borderColor":"#000000","borderSize":1,"borderRadius":0,"borderStyle":"Solid","positionDependentRotation":true},"childrenLayoutStrategy":null,"borderNodes":[],"childNodes":[],"defaultWidth":10,"defaultHeight":10,"labelEditable":true,"pinned":false},{"id":"b9c228a7-5130-30e8-94d9-8f4b27a9fa86","type":"node:image","targetObjectId":"ed166193-02e4-426d-977c-9e9803439a1d","targetObjectKind":"siriusComponents://semantic?domain=sysml&entity=PortUsage","targetObjectLabel":"port","descriptionId":"siriusComponents://nodeDescription?sourceKind=view&sourceId=74c5d045-51d7-359f-9634-611d0f1bef3d&sourceElementId=de70405c-a973-3bca-88a6-c6829548952d","borderNode":true,"modifiers":[],"state":"Normal","collapsingState":"EXPANDED","insideLabel":null,"outsideLabels":[{"id":"f5986e29-71e6-3e95-b7e1-7688763b88fb","text":"port","outsideLabelLocation":"BOTTOM_MIDDLE","style":{"color":"#000000","fontSize":12,"bold":false,"italic":false,"underline":false,"strikeThrough":false,"iconURL":[],"background":"transparent","borderColor":"black","borderSize":0,"borderRadius":3,"borderStyle":"Solid","maxWidth":null},"overflowStrategy":"NONE","textAlign":"LEFT"}],"style":{"imageURL":"/images/Feature_Inout.svg","scalingFactor":1,"borderColor":"#000000","borderSize":1,"borderRadius":0,"borderStyle":"Solid","positionDependentRotation":true},"childrenLayoutStrategy":null,"borderNodes":[],"childNodes":[],"defaultWidth":10,"defaultHeight":10,"labelEditable":true,"pinned":false},{"id":"dd25122d-d83b-31cb-a8eb-5a724abecdc9","type":"node:image","targetObjectId":"9e957671-f4a9-42ed-8374-a6d886cfc6ec","targetObjectKind":"siriusComponents://semantic?domain=sysml&entity=PortUsage","targetObjectLabel":"port","descriptionId":"siriusComponents://nodeDescription?sourceKind=view&sourceId=74c5d045-51d7-359f-9634-611d0f1bef3d&sourceElementId=de70405c-a973-3bca-88a6-c6829548952d","borderNode":true,"modifiers":[],"state":"Normal","collapsingState":"EXPANDED","insideLabel":null,"outsideLabels":[{"id":"53986b0f-4875-3e0d-bb4a-f30de7c00f6d","text":"port","outsideLabelLocation":"BOTTOM_MIDDLE","style":{"color":"#000000","fontSize":12,"bold":false,"italic":false,"underline":false,"strikeThrough":false,"iconURL":[],"background":"transparent","borderColor":"black","borderSize":0,"borderRadius":3,"borderStyle":"Solid","maxWidth":null},"overflowStrategy":"NONE","textAlign":"LEFT"}],"style":{"imageURL":"/images/Feature_Inout.svg","scalingFactor":1,"borderColor":"#000000","borderSize":1,"borderRadius":0,"borderStyle":"Solid","positionDependentRotation":true},"childrenLayoutStrategy":null,"borderNodes":[],"childNodes":[],"defaultWidth":10,"defaultHeight":10,"labelEditable":true,"pinned":false}],"childNodes":[{"id":"97da5e45-f6ff-3040-b3b2-d2133e6a34d3","type":"node:rectangle","targetObjectId":"71eca489-d4af-4c82-be4d-70cbb09bcf1e","targetObjectKind":"siriusComponents://semantic?domain=sysml&entity=PartUsage","targetObjectLabel":"Player 3","descriptionId":"siriusComponents://nodeDescription?sourceKind=view&sourceId=74c5d045-51d7-359f-9634-611d0f1bef3d&sourceElementId=9f871f18-dbda-3798-8e28-094acfae6a2d","borderNode":false,"modifiers":["Hidden"],"state":"Hidden","collapsingState":"EXPANDED","insideLabel":{"id":"fd58278c-e303-3d66-90c0-51881622a0bd","text":"doc","insideLabelLocation":"TOP_CENTER","style":{"color":"#000000","fontSize":12,"bold":false,"italic":true,"underline":false,"strikeThrough":false,"iconURL":[],"background":"transparent","borderColor":"black","borderSize":0,"borderRadius":3,"borderStyle":"Solid","maxWidth":null},"isHeader":true,"headerSeparatorDisplayMode":"NEVER","overflowStrategy":"NONE","textAlign":"CENTER"},"outsideLabels":[],"style":{"background":"transparent","borderColor":"#000000","borderSize":1,"borderRadius":0,"borderStyle":"Solid"},"childrenLayoutStrategy":{"areChildNodesDraggable":true,"topGap":0,"bottomGap":10,"growableNodeIds":[],"kind":"List"},"borderNodes":[],"childNodes":[{"id":"c513b966-b717-38c9-a80d-660a0b7fa911","type":"node:icon-label","targetObjectId":"35d686fc-aa11-4253-a96c-51ce91892d5e","targetObjectKind":"siriusComponents://semantic?domain=sysml&entity=Documentation","targetObjectLabel":"","descriptionId":"siriusComponents://nodeDescription?sourceKind=view&sourceId=74c5d045-51d7-359f-9634-611d0f1bef3d&sourceElementId=ead1b457-81d2-3ed3-92e3-fbf1d0633176","borderNode":false,"modifiers":[],"state":"Hidden","collapsingState":"EXPANDED","insideLabel":{"id":"2f2c32be-0464-3436-a736-c7d339c48ba0","text":"Project manager role, handles project tasks and negotiates with other roles.","insideLabelLocation":"TOP_LEFT","style":{"color":"#000000","fontSize":14,"bold":false,"italic":false,"underline":false,"strikeThrough":false,"iconURL":["/icons/full/obj16/Documentation.svg"],"background":"transparent","borderColor":"black","borderSize":0,"borderRadius":3,"borderStyle":"Solid","maxWidth":null},"isHeader":false,"headerSeparatorDisplayMode":"NEVER","overflowStrategy":"WRAP","textAlign":"LEFT"},"outsideLabels":[],"style":{"background":"transparent"},"childrenLayoutStrategy":null,"borderNodes":[],"childNodes":[],"defaultWidth":125,"defaultHeight":15,"labelEditable":true,"pinned":false}],"defaultWidth":125,"defaultHeight":60,"labelEditable":false,"pinned":false},{"id":"48cddd1d-37fc-327b-bc02-983718e6ea2d","type":"node:rectangle","targetObjectId":"71eca489-d4af-4c82-be4d-70cbb09bcf1e","targetObjectKind":"siriusComponents://semantic?domain=sysml&entity=PartUsage","targetObjectLabel":"Player 3","descriptionId":"siriusComponents://nodeDescription?sourceKind=view&sourceId=74c5d045-51d7-359f-9634-611d0f1bef3d&sourceElementId=85d2283f-c727-34f0-ba1b-695e544d15a7","borderNode":false,"modifiers":["Hidden"],"state":"Hidden","collapsingState":"EXPANDED","insideLabel":{"id":"63aee71c-ff54-35b9-826d-1e47d23bc5ae","text":"attributes","insideLabelLocation":"TOP_CENTER","style":{"color":"#000000","fontSize":12,"bold":false,"italic":true,"underline":false,"strikeThrough":false,"iconURL":[],"background":"transparent","borderColor":"black","borderSize":0,"borderRadius":3,"borderStyle":"Solid","maxWidth":null},"isHeader":true,"headerSeparatorDisplayMode":"NEVER","overflowStrategy":"NONE","textAlign":"CENTER"},"outsideLabels":[],"style":{"background":"transparent","borderColor":"#000000","borderSize":1,"borderRadius":0,"borderStyle":"Solid"},"childrenLayoutStrategy":{"areChildNodesDraggable":true,"topGap":0,"bottomGap":10,"growableNodeIds":[],"kind":"List"},"borderNodes":[],"childNodes":[{"id":"142169e3-e8ae-37ed-86f6-2ed39aa57301","type":"node:icon-label","targetObjectId":"3767c02d-2a31-45df-9783-99e22d607344","targetObjectKind":"siriusComponents://semantic?domain=sysml&entity=AttributeUsage","targetObjectLabel":"communicationSkill","descriptionId":"siriusComponents://nodeDescription?sourceKind=view&sourceId=74c5d045-51d7-359f-9634-611d0f1bef3d&sourceElementId=476c2177-8dca-3dfc-a55d-d5ab09e6eaf2","borderNode":false,"modifiers":[],"state":"Hidden","collapsingState":"EXPANDED","insideLabel":{"id":"548fcb46-bab0-323c-9a98-9d2d6b92a7b7","text":"^communicationSkill : ScalarValues::Real","insideLabelLocation":"TOP_LEFT","style":{"color":"#000000","fontSize":14,"bold":false,"italic":true,"underline":false,"strikeThrough":false,"iconURL":["/icons/full/obj16/AttributeUsage.svg"],"background":"transparent","borderColor":"black","borderSize":0,"borderRadius":3,"borderStyle":"Solid","maxWidth":null},"isHeader":false,"headerSeparatorDisplayMode":"NEVER","overflowStrategy":"WRAP","textAlign":"LEFT"},"outsideLabels":[],"style":{"background":"transparent"},"childrenLayoutStrategy":null,"borderNodes":[],"childNodes":[],"defaultWidth":125,"defaultHeight":15,"labelEditable":false,"pinned":false},{"id":"a84b4584-884f-3013-a50a-04158377e983","type":"node:icon-label","targetObjectId":"443021be-8fe1-41f6-8f24-359d1792c46a","targetObjectKind":"siriusComponents://semantic?domain=sysml&entity=AttributeUsage","targetObjectLabel":"negotiationSkill","descriptionId":"siriusComponents://nodeDescription?sourceKind=view&sourceId=74c5d045-51d7-359f-9634-611d0f1bef3d&sourceElementId=476c2177-8dca-3dfc-a55d-d5ab09e6eaf2","borderNode":false,"modifiers":[],"state":"Hidden","collapsingState":"EXPANDED","insideLabel":{"id":"0ecaa53b-4257-32f4-a8ec-cb7422c21a80","text":"^negotiationSkill : ScalarValues::Real","insideLabelLocation":"TOP_LEFT","style":{"color":"#000000","fontSize":14,"bold":false,"italic":true,"underline":false,"strikeThrough":false,"iconURL":["/icons/full/obj16/AttributeUsage.svg"],"background":"transparent","borderColor":"black","borderSize":0,"borderRadius":3,"borderStyle":"Solid","maxWidth":null},"isHeader":false,"headerSeparatorDisplayMode":"NEVER","overflowStrategy":"WRAP","textAlign":"LEFT"},"outsideLabels":[],"style":{"background":"transparent"},"childrenLayoutStrategy":null,"borderNodes":[],"childNodes":[],"defaultWidth":125,"defaultHeight":15,"labelEditable":false,"pinned":false},{"id":"95f6bdd3-1998-301e-8ee1-58b5337db7c7","type":"node:icon-label","targetObjectId":"0a074953-7d12-4001-9ac4-a2a1177a3f2c","targetObjectKind":"siriusComponents://semantic?domain=sysml&entity=AttributeUsage","targetObjectLabel":"timeManagementSkill","descriptionId":"siriusComponents://nodeDescription?sourceKind=view&sourceId=74c5d045-51d7-359f-9634-611d0f1bef3d&sourceElementId=476c2177-8dca-3dfc-a55d-d5ab09e6eaf2","borderNode":false,"modifiers":[],"state":"Hidden","collapsingState":"EXPANDED","insideLabel":{"id":"5bc3360b-98d7-3bad-967d-8f33013cf650","text":"^timeManagementSkill : ScalarValues::Real","insideLabelLocation":"TOP_LEFT","style":{"color":"#000000","fontSize":14,"bold":false,"italic":true,"underline":false,"strikeThrough":false,"iconURL":["/icons/full/obj16/AttributeUsage.svg"],"background":"transparent","borderColor":"black","borderSize":0,"borderRadius":3,"borderStyle":"Solid","maxWidth":null},"isHeader":false,"headerSeparatorDisplayMode":"NEVER","overflowStrategy":"WRAP","textAlign":"LEFT"},"outsideLabels":[],"style":{"background":"transparent"},"childrenLayoutStrategy":null,"borderNodes":[],"childNodes":[],"defaultWidth":125,"defaultHeight":15,"labelEditable":false,"pinned":false}],"defaultWidth":125,"defaultHeight":60,"labelEditable":false,"pinned":false},{"id":"c8d25246-8760-3f2c-a230-fc53ab9d7ae3","type":"node:rectangle","targetObjectId":"71eca489-d4af-4c82-be4d-70cbb09bcf1e","targetObjectKind":"siriusComponents://semantic?domain=sysml&entity=PartUsage","targetObjectLabel":"Player 3","descriptionId":"siriusComponents://nodeDescription?sourceKind=view&sourceId=74c5d045-51d7-359f-9634-611d0f1bef3d&sourceElementId=a77b4c6c-526d-3fe4-822b-de505f743123","borderNode":false,"modifiers":["Hidden"],"state":"Hidden","collapsingState":"EXPANDED","insideLabel":{"id":"9cef1c11-734d-3dfb-aba9-61f27ecf4e03","text":"parts","insideLabelLocation":"TOP_CENTER","style":{"color":"#000000","fontSize":12,"bold":false,"italic":true,"underline":false,"strikeThrough":false,"iconURL":[],"background":"transparent","borderColor":"black","borderSize":0,"borderRadius":3,"borderStyle":"Solid","maxWidth":null},"isHeader":true,"headerSeparatorDisplayMode":"NEVER","overflowStrategy":"NONE","textAlign":"CENTER"},"outsideLabels":[],"style":{"background":"transparent","borderColor":"#000000","borderSize":1,"borderRadius":0,"borderStyle":"Solid"},"childrenLayoutStrategy":{"kind":"FreeForm"},"borderNodes":[],"childNodes":[],"defaultWidth":125,"defaultHeight":150,"labelEditable":false,"pinned":false}],"defaultWidth":150,"defaultHeight":60,"labelEditable":true,"pinned":false},{"id":"76a1c48b-db0c-3787-a0c2-585c93fdd2bb","type":"node:rectangle","targetObjectId":"123b4c58-ad1f-441d-87dc-6eb3e8484777","targetObjectKind":"siriusComponents://semantic?domain=sysml&entity=PartUsage","targetObjectLabel":"Player 4","descriptionId":"siriusComponents://nodeDescription?sourceKind=view&sourceId=74c5d045-51d7-359f-9634-611d0f1bef3d&sourceElementId=700133eb-7806-3dce-98d2-9ec37d212aaa","borderNode":false,"modifiers":[],"state":"Normal","collapsingState":"EXPANDED","insideLabel":{"id":"23a71768-282d-3f79-a3af-25494ed929dd","text":"«part»\nPlayer 4 : CostConsultant","insideLabelLocation":"TOP_CENTER","style":{"color":"#000000","fontSize":14,"bold":false,"italic":false,"underline":false,"strikeThrough":false,"iconURL":["/icons/full/obj16/PartUsage.svg"],"background":"transparent","borderColor":"black","borderSize":0,"borderRadius":3,"borderStyle":"Solid","maxWidth":null},"isHeader":true,"headerSeparatorDisplayMode":"IF_CHILDREN","overflowStrategy":"NONE","textAlign":"CENTER"},"outsideLabels":[],"style":{"background":"#ffffff","borderColor":"#000000","borderSize":1,"borderRadius":10,"borderStyle":"Solid"},"childrenLayoutStrategy":{"areChildNodesDraggable":false,"topGap":0,"bottomGap":0,"growableNodeIds":["siriusComponents://nodeDescription?sourceKind=view&sourceId=74c5d045-51d7-359f-9634-611d0f1bef3d&sourceElementId=a77b4c6c-526d-3fe4-822b-de505f743123"],"kind":"List"},"borderNodes":[{"id":"8d296425-b299-3aa0-9291-758dda5bc49f","type":"node:image","targetObjectId":"299b95a2-d1cb-4342-a766-5cd12a479703","targetObjectKind":"siriusComponents://semantic?domain=sysml&entity=PortUsage","targetObjectLabel":"port","descriptionId":"siriusComponents://nodeDescription?sourceKind=view&sourceId=74c5d045-51d7-359f-9634-611d0f1bef3d&sourceElementId=de70405c-a973-3bca-88a6-c6829548952d","borderNode":true,"modifiers":[],"state":"Normal","collapsingState":"EXPANDED","insideLabel":null,"outsideLabels":[{"id":"d43a6839-cbee-3977-a6f2-8c40e813dcc3","text":"port","outsideLabelLocation":"BOTTOM_MIDDLE","style":{"color":"#000000","fontSize":12,"bold":false,"italic":false,"underline":false,"strikeThrough":false,"iconURL":[],"background":"transparent","borderColor":"black","borderSize":0,"borderRadius":3,"borderStyle":"Solid","maxWidth":null},"overflowStrategy":"NONE","textAlign":"LEFT"}],"style":{"imageURL":"/images/Feature_Inout.svg","scalingFactor":1,"borderColor":"#000000","borderSize":1,"borderRadius":0,"borderStyle":"Solid","positionDependentRotation":true},"childrenLayoutStrategy":null,"borderNodes":[],"childNodes":[],"defaultWidth":10,"defaultHeight":10,"labelEditable":true,"pinned":false},{"id":"4ba6b543-c4e8-3d02-bd74-b06b77208441","type":"node:image","targetObjectId":"e100ceb1-aa72-4601-9d94-0db0765f6fbd","targetObjectKind":"siriusComponents://semantic?domain=sysml&entity=PortUsage","targetObjectLabel":"port","descriptionId":"siriusComponents://nodeDescription?sourceKind=view&sourceId=74c5d045-51d7-359f-9634-611d0f1bef3d&sourceElementId=de70405c-a973-3bca-88a6-c6829548952d","borderNode":true,"modifiers":[],"state":"Normal","collapsingState":"EXPANDED","insideLabel":null,"outsideLabels":[{"id":"a1441e63-0c99-3d02-977b-3f3c03d844e1","text":"port","outsideLabelLocation":"BOTTOM_MIDDLE","style":{"color":"#000000","fontSize":12,"bold":false,"italic":false,"underline":false,"strikeThrough":false,"iconURL":[],"background":"transparent","borderColor":"black","borderSize":0,"borderRadius":3,"borderStyle":"Solid","maxWidth":null},"overflowStrategy":"NONE","textAlign":"LEFT"}],"style":{"imageURL":"/images/Feature_Inout.svg","scalingFactor":1,"borderColor":"#000000","borderSize":1,"borderRadius":0,"borderStyle":"Solid","positionDependentRotation":true},"childrenLayoutStrategy":null,"borderNodes":[],"childNodes":[],"defaultWidth":10,"defaultHeight":10,"labelEditable":true,"pinned":false},{"id":"ac0b4b76-4345-303f-a362-7fd47f2557b6","type":"node:image","targetObjectId":"85307514-d53b-42e2-8d10-e8f3e6a16ab8","targetObjectKind":"siriusComponents://semantic?domain=sysml&entity=PortUsage","targetObjectLabel":"port","descriptionId":"siriusComponents://nodeDescription?sourceKind=view&sourceId=74c5d045-51d7-359f-9634-611d0f1bef3d&sourceElementId=de70405c-a973-3bca-88a6-c6829548952d","borderNode":true,"modifiers":[],"state":"Normal","collapsingState":"EXPANDED","insideLabel":null,"outsideLabels":[{"id":"8c41ee48-35c9-3de9-bc7c-7e8d3ac71bf9","text":"port","outsideLabelLocation":"BOTTOM_MIDDLE","style":{"color":"#000000","fontSize":12,"bold":false,"italic":false,"underline":false,"strikeThrough":false,"iconURL":[],"background":"transparent","borderColor":"black","borderSize":0,"borderRadius":3,"borderStyle":"Solid","maxWidth":null},"overflowStrategy":"NONE","textAlign":"LEFT"}],"style":{"imageURL":"/images/Feature_Inout.svg","scalingFactor":1,"borderColor":"#000000","borderSize":1,"borderRadius":0,"borderStyle":"Solid","positionDependentRotation":true},"childrenLayoutStrategy":null,"borderNodes":[],"childNodes":[],"defaultWidth":10,"defaultHeight":10,"labelEditable":true,"pinned":false}],"childNodes":[{"id":"b7cd5c09-12ea-3898-9d9f-d9bcf29a1419","type":"node:rectangle","targetObjectId":"123b4c58-ad1f-441d-87dc-6eb3e8484777","targetObjectKind":"siriusComponents://semantic?domain=sysml&entity=PartUsage","targetObjectLabel":"Player 4","descriptionId":"siriusComponents://nodeDescription?sourceKind=view&sourceId=74c5d045-51d7-359f-9634-611d0f1bef3d&sourceElementId=9f871f18-dbda-3798-8e28-094acfae6a2d","borderNode":false,"modifiers":["Hidden"],"state":"Hidden","collapsingState":"EXPANDED","insideLabel":{"id":"9c828e0c-3fc2-38e9-a1f5-067d5a163d7e","text":"doc","insideLabelLocation":"TOP_CENTER","style":{"color":"#000000","fontSize":12,"bold":false,"italic":true,"underline":false,"strikeThrough":false,"iconURL":[],"background":"transparent","borderColor":"black","borderSize":0,"borderRadius":3,"borderStyle":"Solid","maxWidth":null},"isHeader":true,"headerSeparatorDisplayMode":"NEVER","overflowStrategy":"NONE","textAlign":"CENTER"},"outsideLabels":[],"style":{"background":"transparent","borderColor":"#000000","borderSize":1,"borderRadius":0,"borderStyle":"Solid"},"childrenLayoutStrategy":{"areChildNodesDraggable":true,"topGap":0,"bottomGap":10,"growableNodeIds":[],"kind":"List"},"borderNodes":[],"childNodes":[{"id":"6b0533bb-0872-3581-a9cf-0a1f2cce517d","type":"node:icon-label","targetObjectId":"98023f4b-997b-47c1-8c37-7c52847242c7","targetObjectKind":"siriusComponents://semantic?domain=sysml&entity=Documentation","targetObjectLabel":"","descriptionId":"siriusComponents://nodeDescription?sourceKind=view&sourceId=74c5d045-51d7-359f-9634-611d0f1bef3d&sourceElementId=ead1b457-81d2-3ed3-92e3-fbf1d0633176","borderNode":false,"modifiers":[],"state":"Hidden","collapsingState":"EXPANDED","insideLabel":{"id":"10cf3f2b-981c-329c-bff7-dc93247c936a","text":"Cost consultant role, focused on cost control and negotiation.","insideLabelLocation":"TOP_LEFT","style":{"color":"#000000","fontSize":14,"bold":false,"italic":false,"underline":false,"strikeThrough":false,"iconURL":["/icons/full/obj16/Documentation.svg"],"background":"transparent","borderColor":"black","borderSize":0,"borderRadius":3,"borderStyle":"Solid","maxWidth":null},"isHeader":false,"headerSeparatorDisplayMode":"NEVER","overflowStrategy":"WRAP","textAlign":"LEFT"},"outsideLabels":[],"style":{"background":"transparent"},"childrenLayoutStrategy":null,"borderNodes":[],"childNodes":[],"defaultWidth":125,"defaultHeight":15,"labelEditable":true,"pinned":false}],"defaultWidth":125,"defaultHeight":60,"labelEditable":false,"pinned":false},{"id":"09942019-259e-3142-8089-47d33ea27b0a","type":"node:rectangle","targetObjectId":"123b4c58-ad1f-441d-87dc-6eb3e8484777","targetObjectKind":"siriusComponents://semantic?domain=sysml&entity=PartUsage","targetObjectLabel":"Player 4","descriptionId":"siriusComponents://nodeDescription?sourceKind=view&sourceId=74c5d045-51d7-359f-9634-611d0f1bef3d&sourceElementId=85d2283f-c727-34f0-ba1b-695e544d15a7","borderNode":false,"modifiers":["Hidden"],"state":"Hidden","collapsingState":"EXPANDED","insideLabel":{"id":"fe524ab2-5238-3059-9bf7-6b922565a742","text":"attributes","insideLabelLocation":"TOP_CENTER","style":{"color":"#000000","fontSize":12,"bold":false,"italic":true,"underline":false,"strikeThrough":false,"iconURL":[],"background":"transparent","borderColor":"black","borderSize":0,"borderRadius":3,"borderStyle":"Solid","maxWidth":null},"isHeader":true,"headerSeparatorDisplayMode":"NEVER","overflowStrategy":"NONE","textAlign":"CENTER"},"outsideLabels":[],"style":{"background":"transparent","borderColor":"#000000","borderSize":1,"borderRadius":0,"borderStyle":"Solid"},"childrenLayoutStrategy":{"areChildNodesDraggable":true,"topGap":0,"bottomGap":10,"growableNodeIds":[],"kind":"List"},"borderNodes":[],"childNodes":[{"id":"2e28ec93-d197-3ad6-b730-2b217545f624","type":"node:icon-label","targetObjectId":"b449dcd9-fbc1-462d-bc89-1d7249d594f5","targetObjectKind":"siriusComponents://semantic?domain=sysml&entity=AttributeUsage","targetObjectLabel":"negotiationSkill","descriptionId":"siriusComponents://nodeDescription?sourceKind=view&sourceId=74c5d045-51d7-359f-9634-611d0f1bef3d&sourceElementId=476c2177-8dca-3dfc-a55d-d5ab09e6eaf2","borderNode":false,"modifiers":[],"state":"Hidden","collapsingState":"EXPANDED","insideLabel":{"id":"0e1733c3-f75d-343a-8d20-a22a6ea5ea53","text":"^negotiationSkill : ScalarValues::Real","insideLabelLocation":"TOP_LEFT","style":{"color":"#000000","fontSize":14,"bold":false,"italic":true,"underline":false,"strikeThrough":false,"iconURL":["/icons/full/obj16/AttributeUsage.svg"],"background":"transparent","borderColor":"black","borderSize":0,"borderRadius":3,"borderStyle":"Solid","maxWidth":null},"isHeader":false,"headerSeparatorDisplayMode":"NEVER","overflowStrategy":"WRAP","textAlign":"LEFT"},"outsideLabels":[],"style":{"background":"transparent"},"childrenLayoutStrategy":null,"borderNodes":[],"childNodes":[],"defaultWidth":125,"defaultHeight":15,"labelEditable":false,"pinned":false},{"id":"8a7b2b9c-6e5d-3ccd-9d1f-73212181cdb3","type":"node:icon-label","targetObjectId":"87fcf5c1-f052-413c-ac44-062273dd179f","targetObjectKind":"siriusComponents://semantic?domain=sysml&entity=AttributeUsage","targetObjectLabel":"costControlSkill","descriptionId":"siriusComponents://nodeDescription?sourceKind=view&sourceId=74c5d045-51d7-359f-9634-611d0f1bef3d&sourceElementId=476c2177-8dca-3dfc-a55d-d5ab09e6eaf2","borderNode":false,"modifiers":[],"state":"Hidden","collapsingState":"EXPANDED","insideLabel":{"id":"4f324a72-3a82-370d-b4f0-579cd0adc5c0","text":"^costControlSkill : ScalarValues::Real","insideLabelLocation":"TOP_LEFT","style":{"color":"#000000","fontSize":14,"bold":false,"italic":true,"underline":false,"strikeThrough":false,"iconURL":["/icons/full/obj16/AttributeUsage.svg"],"background":"transparent","borderColor":"black","borderSize":0,"borderRadius":3,"borderStyle":"Solid","maxWidth":null},"isHeader":false,"headerSeparatorDisplayMode":"NEVER","overflowStrategy":"WRAP","textAlign":"LEFT"},"outsideLabels":[],"style":{"background":"transparent"},"childrenLayoutStrategy":null,"borderNodes":[],"childNodes":[],"defaultWidth":125,"defaultHeight":15,"labelEditable":false,"pinned":false}],"defaultWidth":125,"defaultHeight":60,"labelEditable":false,"pinned":false},{"id":"711b890c-e218-34df-82e0-9bc4bfd48dbb","type":"node:rectangle","targetObjectId":"123b4c58-ad1f-441d-87dc-6eb3e8484777","targetObjectKind":"siriusComponents://semantic?domain=sysml&entity=PartUsage","targetObjectLabel":"Player 4","descriptionId":"siriusComponents://nodeDescription?sourceKind=view&sourceId=74c5d045-51d7-359f-9634-611d0f1bef3d&sourceElementId=a77b4c6c-526d-3fe4-822b-de505f743123","borderNode":false,"modifiers":["Hidden"],"state":"Hidden","collapsingState":"EXPANDED","insideLabel":{"id":"7a08bc8b-e35e-36bf-aa8c-86294a275368","text":"parts","insideLabelLocation":"TOP_CENTER","style":{"color":"#000000","fontSize":12,"bold":false,"italic":true,"underline":false,"strikeThrough":false,"iconURL":[],"background":"transparent","borderColor":"black","borderSize":0,"borderRadius":3,"borderStyle":"Solid","maxWidth":null},"isHeader":true,"headerSeparatorDisplayMode":"NEVER","overflowStrategy":"NONE","textAlign":"CENTER"},"outsideLabels":[],"style":{"background":"transparent","borderColor":"#000000","borderSize":1,"borderRadius":0,"borderStyle":"Solid"},"childrenLayoutStrategy":{"kind":"FreeForm"},"borderNodes":[],"childNodes":[],"defaultWidth":125,"defaultHeight":150,"labelEditable":false,"pinned":false}],"defaultWidth":150,"defaultHeight":60,"labelEditable":true,"pinned":false}],"defaultWidth":700,"defaultHeight":400,"labelEditable":true,"pinned":false}],"edges":[{"id":"43e93be5-26d4-3b51-934c-8db813edd1b0","type":"edge:straight","targetObjectId":"c557ed98-ac59-4dc3-a7a5-e9135ae65a17","targetObjectKind":"siriusComponents://semantic?domain=sysml&entity=BindingConnectorAsUsage","targetObjectLabel":"bind","descriptionId":"siriusComponents://edgeDescription?sourceKind=view&sourceId=74c5d045-51d7-359f-9634-611d0f1bef3d&sourceElementId=3d1c5a31-5567-3e8a-8cd5-011bc74140f3","beginLabel":null,"centerLabel":null,"endLabel":null,"sourceId":"9a6c12be-752d-3e34-8e32-0d6c62923606","targetId":"328fa51e-1aa2-3813-a778-0f15281cb4ae","modifiers":[],"state":"Normal","style":{"size":1,"lineStyle":"Solid","sourceArrow":"None","targetArrow":"None","color":"#000000"},"centerLabelEditable":false},{"id":"17d0d27d-7c4f-34e4-bbce-9594a2dc1d85","type":"edge:straight","targetObjectId":"9d8ef6fc-9fb2-490c-8102-1df4e38dbb6b","targetObjectKind":"siriusComponents://semantic?domain=sysml&entity=BindingConnectorAsUsage","targetObjectLabel":"bind","descriptionId":"siriusComponents://edgeDescription?sourceKind=view&sourceId=74c5d045-51d7-359f-9634-611d0f1bef3d&sourceElementId=3d1c5a31-5567-3e8a-8cd5-011bc74140f3","beginLabel":null,"centerLabel":null,"endLabel":null,"sourceId":"915f9910-a474-37b8-a638-82f40534054e","targetId":"6024e654-e5a0-39b4-9926-e1b89022fabc","modifiers":[],"state":"Normal","style":{"size":1,"lineStyle":"Solid","sourceArrow":"None","targetArrow":"None","color":"#000000"},"centerLabelEditable":false},{"id":"bf256cb7-751b-3563-aad9-fe7cb4d56d5b","type":"edge:straight","targetObjectId":"22375ae3-5da1-4151-a349-e5662b52859a","targetObjectKind":"siriusComponents://semantic?domain=sysml&entity=BindingConnectorAsUsage","targetObjectLabel":"bind","descriptionId":"siriusComponents://edgeDescription?sourceKind=view&sourceId=74c5d045-51d7-359f-9634-611d0f1bef3d&sourceElementId=3d1c5a31-5567-3e8a-8cd5-011bc74140f3","beginLabel":null,"centerLabel":null,"endLabel":null,"sourceId":"8d296425-b299-3aa0-9291-758dda5bc49f","targetId":"d12c5042-762e-33c8-ba5e-101d4467ab53","modifiers":[],"state":"Normal","style":{"size":1,"lineStyle":"Solid","sourceArrow":"None","targetArrow":"None","color":"#000000"},"centerLabelEditable":false},{"id":"c4f87e19-eec9-3d6e-ad8c-e0e93196f5cd","type":"edge:straight","targetObjectId":"c6eb26b9-3e7d-4c0c-9527-bdcefee23685","targetObjectKind":"siriusComponents://semantic?domain=sysml&entity=BindingConnectorAsUsage","targetObjectLabel":"bind","descriptionId":"siriusComponents://edgeDescription?sourceKind=view&sourceId=74c5d045-51d7-359f-9634-611d0f1bef3d&sourceElementId=3d1c5a31-5567-3e8a-8cd5-011bc74140f3","beginLabel":null,"centerLabel":null,"endLabel":null,"sourceId":"b9c228a7-5130-30e8-94d9-8f4b27a9fa86","targetId":"4ba6b543-c4e8-3d02-bd74-b06b77208441","modifiers":[],"state":"Normal","style":{"size":1,"lineStyle":"Solid","sourceArrow":"None","targetArrow":"None","color":"#000000"},"centerLabelEditable":false},{"id":"f018acba-b4ed-3083-bc7c-badd4cc2db59","type":"edge:straight","targetObjectId":"715fe4b5-ea53-4f17-9856-4f5112153f06","targetObjectKind":"siriusComponents://semantic?domain=sysml&entity=BindingConnectorAsUsage","targetObjectLabel":"bind","descriptionId":"siriusComponents://edgeDescription?sourceKind=view&sourceId=74c5d045-51d7-359f-9634-611d0f1bef3d&sourceElementId=3d1c5a31-5567-3e8a-8cd5-011bc74140f3","beginLabel":null,"centerLabel":null,"endLabel":null,"sourceId":"dd25122d-d83b-31cb-a8eb-5a724abecdc9","targetId":"ad2db237-3bb6-3bcf-a8a1-5f85c7176ec7","modifiers":[],"state":"Normal","style":{"size":1,"lineStyle":"Solid","sourceArrow":"None","targetArrow":"None","color":"#000000"},"centerLabelEditable":false},{"id":"88aa8919-57e8-324a-af48-a86c9839a739","type":"edge:straight","targetObjectId":"66d59507-32ec-41bf-af15-efbf1ddc5ddd","targetObjectKind":"siriusComponents://semantic?domain=sysml&entity=BindingConnectorAsUsage","targetObjectLabel":"bind","descriptionId":"siriusComponents://edgeDescription?sourceKind=view&sourceId=74c5d045-51d7-359f-9634-611d0f1bef3d&sourceElementId=3d1c5a31-5567-3e8a-8cd5-011bc74140f3","beginLabel":null,"centerLabel":null,"endLabel":null,"sourceId":"61a07fc9-f5ea-3d33-b2c0-423dbd396e08","targetId":"ac0b4b76-4345-303f-a362-7fd47f2557b6","modifiers":[],"state":"Normal","style":{"size":1,"lineStyle":"Solid","sourceArrow":"None","targetArrow":"None","color":"#000000"},"centerLabelEditable":false}],"layoutData":{"nodeLayoutData":{"6b0533bb-0872-3581-a9cf-0a1f2cce517d":{"id":"6b0533bb-0872-3581-a9cf-0a1f2cce517d","position":{"x":0.0,"y":0.0},"size":{"width":125.0,"height":15.0},"resizedByUser":false},"afa92335-100c-3cb6-8b1f-5ef6c3f1b24f":{"id":"afa92335-100c-3cb6-8b1f-5ef6c3f1b24f","position":{"x":0.0,"y":0.0},"size":{"width":125.0,"height":15.0},"resizedByUser":false},"dd25122d-d83b-31cb-a8eb-5a724abecdc9":{"id":"dd25122d-d83b-31cb-a8eb-5a724abecdc9","position":{"x":154.3004846171875,"y":-11.0},"size":{"width":16.0,"height":16.0},"resizedByUser":false},"8f114ffc-0480-300f-8586-68dc0dbdd55b":{"id":"8f114ffc-0480-300f-8586-68dc0dbdd55b","position":{"x":0.0,"y":0.0},"size":{"width":125.0,"height":60.0},"resizedByUser":false},"b9c228a7-5130-30e8-94d9-8f4b27a9fa86":{"id":"b9c228a7-5130-30e8-94d9-8f4b27a9fa86","position":{"x":216.1137933330078,"y":16.0},"size":{"width":16.0,"height":16.0},"resizedByUser":false},"76a1c48b-db0c-3787-a0c2-585c93fdd2bb":{"id":"76a1c48b-db0c-3787-a0c2-585c93fdd2bb","position":{"x":449.143041560807,"y":297.09209675321944},"size":{"width":218.3794183330078,"height":66.0},"resizedByUser":true},"ac0b4b76-4345-303f-a362-7fd47f2557b6":{"id":"ac0b4b76-4345-303f-a362-7fd47f2557b6","position":{"x":68.68970916650392,"y":-11.0},"size":{"width":16.0,"height":16.0},"resizedByUser":false},"e7b54b72-14ab-3fc1-970c-47bc111160fd":{"id":"e7b54b72-14ab-3fc1-970c-47bc111160fd","position":{"x":457.2488154865882,"y":50.6009635925293},"size":{"width":177.27364440722656,"height":60.0},"resizedByUser":false},"c8d25246-8760-3f2c-a230-fc53ab9d7ae3":{"id":"c8d25246-8760-3f2c-a230-fc53ab9d7ae3","position":{"x":0.0,"y":0.0},"size":{"width":125.0,"height":150.0},"resizedByUser":false},"79254fd6-eeb9-3a68-8119-6780387a1525":{"id":"79254fd6-eeb9-3a68-8119-6780387a1525","position":{"x":54.906654357910156,"y":322.59209675321944},"size":{"width":221.1137933330078,"height":60.0},"resizedByUser":false},"4ba6b543-c4e8-3d02-bd74-b06b77208441":{"id":"4ba6b543-c4e8-3d02-bd74-b06b77208441","position":{"x":-11.0,"y":41.5},"size":{"width":16.0,"height":16.0},"resizedByUser":false},"49e5e2ba-9ddb-3dae-b6d8-ebd1c62820b1":{"id":"49e5e2ba-9ddb-3dae-b6d8-ebd1c62820b1","position":{"x":3.085975238145352,"y":35.861159519170315},"size":{"width":700.0,"height":400.0},"resizedByUser":false},"8a7b2b9c-6e5d-3ccd-9d1f-73212181cdb3":{"id":"8a7b2b9c-6e5d-3ccd-9d1f-73212181cdb3","position":{"x":0.0,"y":0.0},"size":{"width":185.3794183330078,"height":15.0},"resizedByUser":false},"48cddd1d-37fc-327b-bc02-983718e6ea2d":{"id":"48cddd1d-37fc-327b-bc02-983718e6ea2d","position":{"x":0.0,"y":0.0},"size":{"width":125.0,"height":60.0},"resizedByUser":false},"c513b966-b717-38c9-a80d-660a0b7fa911":{"id":"c513b966-b717-38c9-a80d-660a0b7fa911","position":{"x":0.0,"y":0.0},"size":{"width":125.0,"height":15.0},"resizedByUser":false},"d12c5042-762e-33c8-ba5e-101d4467ab53":{"id":"d12c5042-762e-33c8-ba5e-101d4467ab53","position":{"x":125.0,"y":55.0},"size":{"width":16.0,"height":16.0},"resizedByUser":false},"2e28ec93-d197-3ad6-b730-2b217545f624":{"id":"2e28ec93-d197-3ad6-b730-2b217545f624","position":{"x":0.0,"y":0.0},"size":{"width":185.3794183330078,"height":15.0},"resizedByUser":false},"d32965fc-349b-39ad-b523-39ca51958ec5":{"id":"d32965fc-349b-39ad-b523-39ca51958ec5","position":{"x":0.0,"y":0.0},"size":{"width":125.0,"height":60.0},"resizedByUser":false},"915f9910-a474-37b8-a638-82f40534054e":{"id":"915f9910-a474-37b8-a638-82f40534054e","position":{"x":8.0,"y":-11.0},"size":{"width":16.0,"height":16.0},"resizedByUser":false},"688cdc1c-5738-3d7c-bdd4-30b196ed5669":{"id":"688cdc1c-5738-3d7c-bdd4-30b196ed5669","position":{"x":0.0,"y":0.0},"size":{"width":125.0,"height":60.0},"resizedByUser":false},"47e42db9-c501-3f58-862e-b18a13b6a5d8":{"id":"47e42db9-c501-3f58-862e-b18a13b6a5d8","position":{"x":0.0,"y":0.0},"size":{"width":125.0,"height":15.0},"resizedByUser":false},"160b6478-0ad2-33f8-aa5b-d79d8a1ac308":{"id":"160b6478-0ad2-33f8-aa5b-d79d8a1ac308","position":{"x":0.0,"y":0.0},"size":{"width":125.0,"height":15.0},"resizedByUser":false},"142169e3-e8ae-37ed-86f6-2ed39aa57301":{"id":"142169e3-e8ae-37ed-86f6-2ed39aa57301","position":{"x":0.0,"y":0.0},"size":{"width":125.0,"height":15.0},"resizedByUser":false},"b7cd5c09-12ea-3898-9d9f-d9bcf29a1419":{"id":"b7cd5c09-12ea-3898-9d9f-d9bcf29a1419","position":{"x":0.0,"y":0.0},"size":{"width":185.3794183330078,"height":60.0},"resizedByUser":false},"97da5e45-f6ff-3040-b3b2-d2133e6a34d3":{"id":"97da5e45-f6ff-3040-b3b2-d2133e6a34d3","position":{"x":0.0,"y":0.0},"size":{"width":125.0,"height":60.0},"resizedByUser":false},"ad2db237-3bb6-3bcf-a8a1-5f85c7176ec7":{"id":"ad2db237-3bb6-3bcf-a8a1-5f85c7176ec7","position":{"x":143.23442136498522,"y":55.0},"size":{"width":16.0,"height":16.0},"resizedByUser":false},"95f6bdd3-1998-301e-8ee1-58b5337db7c7":{"id":"95f6bdd3-1998-301e-8ee1-58b5337db7c7","position":{"x":0.0,"y":0.0},"size":{"width":125.0,"height":15.0},"resizedByUser":false},"1c88b56e-2c80-31f0-8e6e-6d0d8b21dffd":{"id":"1c88b56e-2c80-31f0-8e6e-6d0d8b21dffd","position":{"x":0.0,"y":0.0},"size":{"width":125.0,"height":150.0},"resizedByUser":false},"8d296425-b299-3aa0-9291-758dda5bc49f":{"id":"8d296425-b299-3aa0-9291-758dda5bc49f","position":{"x":29.706231454006,"y":-11.0},"size":{"width":16.0,"height":16.0},"resizedByUser":false},"c01d812f-9e16-363a-9a55-f3348544da6f":{"id":"c01d812f-9e16-363a-9a55-f3348544da6f","position":{"x":0.0,"y":0.0},"size":{"width":125.0,"height":15.0},"resizedByUser":false},"a88c6dd4-7d87-330a-b938-763ce6929b50":{"id":"a88c6dd4-7d87-330a-b938-763ce6929b50","position":{"x":0.0,"y":0.0},"size":{"width":125.0,"height":60.0},"resizedByUser":false},"9a6c12be-752d-3e34-8e32-0d6c62923606":{"id":"9a6c12be-752d-3e34-8e32-0d6c62923606","position":{"x":170.3004846171875,"y":15.0},"size":{"width":16.0,"height":16.0},"resizedByUser":false},"d3d25986-4308-3a36-afac-1979fda74ef7":{"id":"d3d25986-4308-3a36-afac-1979fda74ef7","position":{"x":0.0,"y":0.0},"size":{"width":125.0,"height":15.0},"resizedByUser":false},"dbf132a5-0ac5-3c20-96f8-08c91c316c8b":{"id":"dbf132a5-0ac5-3c20-96f8-08c91c316c8b","position":{"x":0.0,"y":0.0},"size":{"width":125.0,"height":150.0},"resizedByUser":false},"8050ab63-cf86-3972-8144-f746e1ffeb15":{"id":"8050ab63-cf86-3972-8144-f746e1ffeb15","position":{"x":54.906654357910156,"y":50.6009635925293},"size":{"width":175.3004846171875,"height":60.0},"resizedByUser":false},"328fa51e-1aa2-3813-a778-0f15281cb4ae":{"id":"328fa51e-1aa2-3813-a778-0f15281cb4ae","position":{"x":-11.0,"y":15.0},"size":{"width":16.0,"height":16.0},"resizedByUser":false},"711b890c-e218-34df-82e0-9bc4bfd48dbb":{"id":"711b890c-e218-34df-82e0-9bc4bfd48dbb","position":{"x":0.0,"y":0.0},"size":{"width":185.3794183330078,"height":150.0},"resizedByUser":false},"a84b4584-884f-3013-a50a-04158377e983":{"id":"a84b4584-884f-3013-a50a-04158377e983","position":{"x":0.0,"y":0.0},"size":{"width":125.0,"height":15.0},"resizedByUser":false},"61a07fc9-f5ea-3d33-b2c0-423dbd396e08":{"id":"61a07fc9-f5ea-3d33-b2c0-423dbd396e08","position":{"x":60.58393524072267,"y":55.0},"size":{"width":16.0,"height":16.0},"resizedByUser":false},"09942019-259e-3142-8089-47d33ea27b0a":{"id":"09942019-259e-3142-8089-47d33ea27b0a","position":{"x":0.0,"y":0.0},"size":{"width":185.3794183330078,"height":60.0},"resizedByUser":false},"cef91929-ae82-3c4d-8bef-251b94b33d35":{"id":"cef91929-ae82-3c4d-8bef-251b94b33d35","position":{"x":0.0,"y":0.0},"size":{"width":125.0,"height":15.0},"resizedByUser":false},"6024e654-e5a0-39b4-9926-e1b89022fabc":{"id":"6024e654-e5a0-39b4-9926-e1b89022fabc","position":{"x":8.0,"y":55.0},"size":{"width":16.0,"height":16.0},"resizedByUser":false}},"edgeLayoutData":{},"labelLayoutData":{}}}}