{"id":"1bd6264f-4663-4dd1-a694-f5fe2934f967","projectId":"cc766b4d-566f-4709-84de-99896c39a6b7","descriptionId":"siriusComponents://representationDescription?kind=diagramDescription&sourceKind=view&sourceId=8dcd14b0-6259-3193-ad2c-743f394c68e4&sourceElementId=db495705-e917-319b-af55-a32ad63f4089","targetObjectId":"86509844-d8d1-4b45-98d7-7d4e7b653864","label":"General View","kind":"siriusComponents://representation?type=Diagram","representation":{"id":"1bd6264f-4663-4dd1-a694-f5fe2934f967","kind":"siriusComponents://representation?type=Diagram","targetObjectId":"86509844-d8d1-4b45-98d7-7d4e7b653864","descriptionId":"siriusComponents://representationDescription?kind=diagramDescription&sourceKind=view&sourceId=8dcd14b0-6259-3193-ad2c-743f394c68e4&sourceElementId=db495705-e917-319b-af55-a32ad63f4089","label":"General View","nodes":[{"id":"c77eeb44-8169-3ff5-8348-c747c90d6367","type":"customnode:sysmlpackage","targetObjectId":"4e9d38c5-3ca2-469d-8227-45955dd70c8a","targetObjectKind":"siriusComponents://semantic?domain=sysml&entity=Package","targetObjectLabel":"Requirements and Use Case","descriptionId":"siriusComponents://nodeDescription?sourceKind=view&sourceId=8dcd14b0-6259-3193-ad2c-743f394c68e4&sourceElementId=c0ac286a-69c6-389a-9635-a559ec3e942d","borderNode":false,"modifiers":[],"state":"Normal","collapsingState":"EXPANDED","insideLabel":{"id":"57da6c95-d8a6-3aea-8dda-2d8b734c25ef","text":"Requirements and Use Case","insideLabelLocation":"TOP_CENTER","style":{"color":"#000000","fontSize":14,"bold":false,"italic":false,"underline":false,"strikeThrough":false,"iconURL":["/icons/full/obj16/Package.svg"],"background":"transparent","borderColor":"black","borderSize":0,"borderRadius":3,"borderStyle":"Solid","maxWidth":null},"isHeader":false,"headerSeparatorDisplayMode":"NEVER","overflowStrategy":"NONE","textAlign":"CENTER"},"outsideLabels":[],"style":{"background":"#ffffff","borderColor":"#000000","borderSize":1,"borderStyle":"Solid"},"childrenLayoutStrategy":{"kind":"FreeForm"},"borderNodes":[],"childNodes":[{"id":"08fa7f96-2947-3c70-8f65-301fd4aae50a","type":"customnode:sysmlpackage","targetObjectId":"11ce66a6-b0f4-4019-baad-90a936a8b86e","targetObjectKind":"siriusComponents://semantic?domain=sysml&entity=Package","targetObjectLabel":"Game Requirements","descriptionId":"siriusComponents://nodeDescription?sourceKind=view&sourceId=8dcd14b0-6259-3193-ad2c-743f394c68e4&sourceElementId=c0ac286a-69c6-389a-9635-a559ec3e942d","borderNode":false,"modifiers":[],"state":"Normal","collapsingState":"EXPANDED","insideLabel":{"id":"a59395ef-df99-379f-9414-cdbeeaefde3c","text":"Game Requirements","insideLabelLocation":"TOP_CENTER","style":{"color":"#000000","fontSize":14,"bold":false,"italic":false,"underline":false,"strikeThrough":false,"iconURL":["/icons/full/obj16/Package.svg"],"background":"transparent","borderColor":"black","borderSize":0,"borderRadius":3,"borderStyle":"Solid","maxWidth":null},"isHeader":false,"headerSeparatorDisplayMode":"NEVER","overflowStrategy":"NONE","textAlign":"CENTER"},"outsideLabels":[],"style":{"background":"#ffffff","borderColor":"#000000","borderSize":1,"borderStyle":"Solid"},"childrenLayoutStrategy":{"kind":"FreeForm"},"borderNodes":[],"childNodes":[{"id":"3978900b-7181-3acb-9265-9ab907202413","type":"node:rectangle","targetObjectId":"26f9569c-aa93-4551-9af6-a8d78aecd0bd","targetObjectKind":"siriusComponents://semantic?domain=sysml&entity=RequirementDefinition","targetObjectLabel":"FireWeaponRequirement","descriptionId":"siriusComponents://nodeDescription?sourceKind=view&sourceId=8dcd14b0-6259-3193-ad2c-743f394c68e4&sourceElementId=38402f15-6e82-36f0-8424-61f6f73a5ed2","borderNode":false,"modifiers":[],"state":"Normal","collapsingState":"EXPANDED","insideLabel":{"id":"fd68b34c-2acf-39b4-8e71-b05fdd9fae78","text":"«requirement def»\nFireWeaponRequirement","insideLabelLocation":"TOP_CENTER","style":{"color":"#000000","fontSize":14,"bold":false,"italic":false,"underline":false,"strikeThrough":false,"iconURL":["/icons/full/obj16/RequirementDefinition.svg"],"background":"transparent","borderColor":"black","borderSize":0,"borderRadius":3,"borderStyle":"Solid","maxWidth":null},"isHeader":true,"headerSeparatorDisplayMode":"IF_CHILDREN","overflowStrategy":"NONE","textAlign":"CENTER"},"outsideLabels":[],"style":{"background":"#ffffff","borderColor":"#000000","borderSize":1,"borderRadius":0,"borderStyle":"Solid"},"childrenLayoutStrategy":{"areChildNodesDraggable":false,"topGap":0,"bottomGap":0,"growableNodeIds":[],"kind":"List"},"borderNodes":[],"childNodes":[{"id":"d0361a30-b863-3491-88a9-d5da8a3bd0d2","type":"node:rectangle","targetObjectId":"26f9569c-aa93-4551-9af6-a8d78aecd0bd","targetObjectKind":"siriusComponents://semantic?domain=sysml&entity=RequirementDefinition","targetObjectLabel":"FireWeaponRequirement","descriptionId":"siriusComponents://nodeDescription?sourceKind=view&sourceId=8dcd14b0-6259-3193-ad2c-743f394c68e4&sourceElementId=5362b06b-0ed6-324d-a896-39f812723d4d","borderNode":false,"modifiers":[],"state":"Normal","collapsingState":"EXPANDED","insideLabel":{"id":"eb2e2d00-a49c-3513-8765-c3407a2ed652","text":"doc","insideLabelLocation":"TOP_CENTER","style":{"color":"#000000","fontSize":12,"bold":false,"italic":true,"underline":false,"strikeThrough":false,"iconURL":[],"background":"transparent","borderColor":"black","borderSize":0,"borderRadius":3,"borderStyle":"Solid","maxWidth":null},"isHeader":true,"headerSeparatorDisplayMode":"NEVER","overflowStrategy":"NONE","textAlign":"CENTER"},"outsideLabels":[],"style":{"background":"transparent","borderColor":"#000000","borderSize":1,"borderRadius":0,"borderStyle":"Solid"},"childrenLayoutStrategy":{"areChildNodesDraggable":true,"topGap":0,"bottomGap":10,"growableNodeIds":[],"kind":"List"},"borderNodes":[],"childNodes":[{"id":"aab3b168-5d40-3d90-9bd3-5e0c61b11fa3","type":"node:icon-label","targetObjectId":"72a26326-a473-4eb4-b6a3-a5a7c1655430","targetObjectKind":"siriusComponents://semantic?domain=sysml&entity=Documentation","targetObjectLabel":"","descriptionId":"siriusComponents://nodeDescription?sourceKind=view&sourceId=8dcd14b0-6259-3193-ad2c-743f394c68e4&sourceElementId=66c5cbdc-97ba-3e87-bf28-782130f7e931","borderNode":false,"modifiers":[],"state":"Normal","collapsingState":"EXPANDED","insideLabel":{"id":"5fa567cf-46ba-3a0d-979a-8d05e62a504d","text":"The player shall be able to fire the weapon if there is ammunition available.","insideLabelLocation":"TOP_LEFT","style":{"color":"#000000","fontSize":14,"bold":false,"italic":false,"underline":false,"strikeThrough":false,"iconURL":["/icons/full/obj16/Documentation.svg"],"background":"transparent","borderColor":"black","borderSize":0,"borderRadius":3,"borderStyle":"Solid","maxWidth":null},"isHeader":false,"headerSeparatorDisplayMode":"NEVER","overflowStrategy":"WRAP","textAlign":"LEFT"},"outsideLabels":[],"style":{"background":"transparent"},"childrenLayoutStrategy":null,"borderNodes":[],"childNodes":[],"defaultWidth":125,"defaultHeight":15,"labelEditable":true,"pinned":false}],"defaultWidth":125,"defaultHeight":60,"labelEditable":false,"pinned":false},{"id":"2bc3c9aa-fe5c-3d06-8de8-0b8db3018b87","type":"node:rectangle","targetObjectId":"26f9569c-aa93-4551-9af6-a8d78aecd0bd","targetObjectKind":"siriusComponents://semantic?domain=sysml&entity=RequirementDefinition","targetObjectLabel":"FireWeaponRequirement","descriptionId":"siriusComponents://nodeDescription?sourceKind=view&sourceId=8dcd14b0-6259-3193-ad2c-743f394c68e4&sourceElementId=e9eb8e50-3a1f-3d76-8f0b-c219261ce58e","borderNode":false,"modifiers":[],"state":"Normal","collapsingState":"EXPANDED","insideLabel":{"id":"fa74deb2-a2a6-3191-9bef-645447fa361a","text":"attributes","insideLabelLocation":"TOP_CENTER","style":{"color":"#000000","fontSize":12,"bold":false,"italic":true,"underline":false,"strikeThrough":false,"iconURL":[],"background":"transparent","borderColor":"black","borderSize":0,"borderRadius":3,"borderStyle":"Solid","maxWidth":null},"isHeader":true,"headerSeparatorDisplayMode":"NEVER","overflowStrategy":"NONE","textAlign":"CENTER"},"outsideLabels":[],"style":{"background":"transparent","borderColor":"#000000","borderSize":1,"borderRadius":0,"borderStyle":"Solid"},"childrenLayoutStrategy":{"areChildNodesDraggable":true,"topGap":0,"bottomGap":10,"growableNodeIds":[],"kind":"List"},"borderNodes":[],"childNodes":[{"id":"41da45bb-ab11-3767-a1fd-2abc4a815ba1","type":"node:icon-label","targetObjectId":"89c7f09f-f76d-46f0-8132-de0ce67e839e","targetObjectKind":"siriusComponents://semantic?domain=sysml&entity=AttributeUsage","targetObjectLabel":"ammoAvailable","descriptionId":"siriusComponents://nodeDescription?sourceKind=view&sourceId=8dcd14b0-6259-3193-ad2c-743f394c68e4&sourceElementId=468e6394-6ea7-32f3-8137-479931d875d3","borderNode":false,"modifiers":[],"state":"Normal","collapsingState":"EXPANDED","insideLabel":{"id":"2ef96613-531a-31ec-9df1-d92c9ec6a3e3","text":"ammoAvailable = ","insideLabelLocation":"TOP_LEFT","style":{"color":"#000000","fontSize":14,"bold":false,"italic":false,"underline":false,"strikeThrough":false,"iconURL":["/icons/full/obj16/AttributeUsage.svg"],"background":"transparent","borderColor":"black","borderSize":0,"borderRadius":3,"borderStyle":"Solid","maxWidth":null},"isHeader":false,"headerSeparatorDisplayMode":"NEVER","overflowStrategy":"WRAP","textAlign":"LEFT"},"outsideLabels":[],"style":{"background":"transparent"},"childrenLayoutStrategy":null,"borderNodes":[],"childNodes":[],"defaultWidth":125,"defaultHeight":15,"labelEditable":true,"pinned":false}],"defaultWidth":125,"defaultHeight":60,"labelEditable":false,"pinned":false},{"id":"393ddbc4-f06f-3db6-95cc-d43d0d154c58","type":"node:rectangle","targetObjectId":"26f9569c-aa93-4551-9af6-a8d78aecd0bd","targetObjectKind":"siriusComponents://semantic?domain=sysml&entity=RequirementDefinition","targetObjectLabel":"FireWeaponRequirement","descriptionId":"siriusComponents://nodeDescription?sourceKind=view&sourceId=8dcd14b0-6259-3193-ad2c-743f394c68e4&sourceElementId=b4ef6223-56a6-3d71-a60d-3856e0d56e6d","borderNode":false,"modifiers":["Hidden"],"state":"Hidden","collapsingState":"EXPANDED","insideLabel":{"id":"ed1ce5d8-5170-3960-8f00-75c1b947615f","text":"requirements","insideLabelLocation":"TOP_CENTER","style":{"color":"#000000","fontSize":12,"bold":false,"italic":true,"underline":false,"strikeThrough":false,"iconURL":[],"background":"transparent","borderColor":"black","borderSize":0,"borderRadius":3,"borderStyle":"Solid","maxWidth":null},"isHeader":true,"headerSeparatorDisplayMode":"NEVER","overflowStrategy":"NONE","textAlign":"CENTER"},"outsideLabels":[],"style":{"background":"transparent","borderColor":"#000000","borderSize":1,"borderRadius":0,"borderStyle":"Solid"},"childrenLayoutStrategy":{"areChildNodesDraggable":true,"topGap":0,"bottomGap":10,"growableNodeIds":[],"kind":"List"},"borderNodes":[],"childNodes":[],"defaultWidth":125,"defaultHeight":60,"labelEditable":false,"pinned":false},{"id":"36373150-fac1-3949-a400-b9ff3c47252f","type":"node:rectangle","targetObjectId":"26f9569c-aa93-4551-9af6-a8d78aecd0bd","targetObjectKind":"siriusComponents://semantic?domain=sysml&entity=RequirementDefinition","targetObjectLabel":"FireWeaponRequirement","descriptionId":"siriusComponents://nodeDescription?sourceKind=view&sourceId=8dcd14b0-6259-3193-ad2c-743f394c68e4&sourceElementId=c54a1573-81f0-3e2b-99f9-952e1b586bbc","borderNode":false,"modifiers":[],"state":"Normal","collapsingState":"EXPANDED","insideLabel":{"id":"b47605c2-f085-3688-b436-f676d3358c8d","text":"assume constraints","insideLabelLocation":"TOP_CENTER","style":{"color":"#000000","fontSize":12,"bold":false,"italic":true,"underline":false,"strikeThrough":false,"iconURL":[],"background":"transparent","borderColor":"black","borderSize":0,"borderRadius":3,"borderStyle":"Solid","maxWidth":null},"isHeader":true,"headerSeparatorDisplayMode":"NEVER","overflowStrategy":"NONE","textAlign":"CENTER"},"outsideLabels":[],"style":{"background":"transparent","borderColor":"#000000","borderSize":1,"borderRadius":0,"borderStyle":"Solid"},"childrenLayoutStrategy":{"areChildNodesDraggable":true,"topGap":0,"bottomGap":10,"growableNodeIds":[],"kind":"List"},"borderNodes":[],"childNodes":[{"id":"a7d6c28e-c8dd-38f5-8197-1f25719e1249","type":"node:icon-label","targetObjectId":"62bbe6c9-6644-44af-a23d-ffa67b06b840","targetObjectKind":"siriusComponents://semantic?domain=sysml&entity=ConstraintUsage","targetObjectLabel":"","descriptionId":"siriusComponents://nodeDescription?sourceKind=view&sourceId=8dcd14b0-6259-3193-ad2c-743f394c68e4&sourceElementId=df5a2604-44ad-39da-83c3-d31a01ae148b","borderNode":false,"modifiers":[],"state":"Normal","collapsingState":"EXPANDED","insideLabel":{"id":"1d65926e-841b-3957-9b06-d26853015b97","text":"null","insideLabelLocation":"TOP_LEFT","style":{"color":"#000000","fontSize":14,"bold":false,"italic":false,"underline":false,"strikeThrough":false,"iconURL":["/icons/full/obj16/ConstraintUsage.svg"],"background":"transparent","borderColor":"black","borderSize":0,"borderRadius":3,"borderStyle":"Solid","maxWidth":null},"isHeader":false,"headerSeparatorDisplayMode":"NEVER","overflowStrategy":"WRAP","textAlign":"LEFT"},"outsideLabels":[],"style":{"background":"transparent"},"childrenLayoutStrategy":null,"borderNodes":[],"childNodes":[],"defaultWidth":125,"defaultHeight":15,"labelEditable":true,"pinned":false}],"defaultWidth":125,"defaultHeight":60,"labelEditable":false,"pinned":false},{"id":"f777e6c9-42e4-3456-b735-0079bf669243","type":"node:rectangle","targetObjectId":"26f9569c-aa93-4551-9af6-a8d78aecd0bd","targetObjectKind":"siriusComponents://semantic?domain=sysml&entity=RequirementDefinition","targetObjectLabel":"FireWeaponRequirement","descriptionId":"siriusComponents://nodeDescription?sourceKind=view&sourceId=8dcd14b0-6259-3193-ad2c-743f394c68e4&sourceElementId=cd0aa201-6656-362d-a520-3488c846f463","borderNode":false,"modifiers":["Hidden"],"state":"Hidden","collapsingState":"EXPANDED","insideLabel":{"id":"74959339-cf20-3f42-96fa-6862d5831917","text":"require constraints","insideLabelLocation":"TOP_CENTER","style":{"color":"#000000","fontSize":12,"bold":false,"italic":true,"underline":false,"strikeThrough":false,"iconURL":[],"background":"transparent","borderColor":"black","borderSize":0,"borderRadius":3,"borderStyle":"Solid","maxWidth":null},"isHeader":true,"headerSeparatorDisplayMode":"NEVER","overflowStrategy":"NONE","textAlign":"CENTER"},"outsideLabels":[],"style":{"background":"transparent","borderColor":"#000000","borderSize":1,"borderRadius":0,"borderStyle":"Solid"},"childrenLayoutStrategy":{"areChildNodesDraggable":true,"topGap":0,"bottomGap":10,"growableNodeIds":[],"kind":"List"},"borderNodes":[],"childNodes":[],"defaultWidth":125,"defaultHeight":60,"labelEditable":false,"pinned":false},{"id":"388181fc-63f4-338b-8901-a87b6dd8238f","type":"node:rectangle","targetObjectId":"26f9569c-aa93-4551-9af6-a8d78aecd0bd","targetObjectKind":"siriusComponents://semantic?domain=sysml&entity=RequirementDefinition","targetObjectLabel":"FireWeaponRequirement","descriptionId":"siriusComponents://nodeDescription?sourceKind=view&sourceId=8dcd14b0-6259-3193-ad2c-743f394c68e4&sourceElementId=52bfcd14-267f-3197-9c52-631866c33529","borderNode":false,"modifiers":[],"state":"Normal","collapsingState":"EXPANDED","insideLabel":{"id":"b68c515c-6c63-3838-b201-c6d8fa270eaf","text":"subject","insideLabelLocation":"TOP_CENTER","style":{"color":"#000000","fontSize":12,"bold":false,"italic":true,"underline":false,"strikeThrough":false,"iconURL":[],"background":"transparent","borderColor":"black","borderSize":0,"borderRadius":3,"borderStyle":"Solid","maxWidth":null},"isHeader":true,"headerSeparatorDisplayMode":"NEVER","overflowStrategy":"NONE","textAlign":"CENTER"},"outsideLabels":[],"style":{"background":"transparent","borderColor":"#000000","borderSize":1,"borderRadius":0,"borderStyle":"Solid"},"childrenLayoutStrategy":{"areChildNodesDraggable":true,"topGap":0,"bottomGap":10,"growableNodeIds":[],"kind":"List"},"borderNodes":[],"childNodes":[{"id":"7c6c20b8-af9c-3a46-9987-b0d04b91971c","type":"node:icon-label","targetObjectId":"1d41bc08-f0fd-4c87-b6af-170d07b3285b","targetObjectKind":"siriusComponents://semantic?domain=sysml&entity=ReferenceUsage","targetObjectLabel":"player","descriptionId":"siriusComponents://nodeDescription?sourceKind=view&sourceId=8dcd14b0-6259-3193-ad2c-743f394c68e4&sourceElementId=1e63348e-d7a2-3f49-81fd-ec23a0386b41","borderNode":false,"modifiers":[],"state":"Normal","collapsingState":"EXPANDED","insideLabel":{"id":"6aacbada-72e0-38db-8841-a2a4c09ff2b9","text":"ref player","insideLabelLocation":"TOP_LEFT","style":{"color":"#000000","fontSize":14,"bold":false,"italic":false,"underline":false,"strikeThrough":false,"iconURL":["/icons/full/obj16/ReferenceUsage.svg"],"background":"transparent","borderColor":"black","borderSize":0,"borderRadius":3,"borderStyle":"Solid","maxWidth":null},"isHeader":false,"headerSeparatorDisplayMode":"NEVER","overflowStrategy":"WRAP","textAlign":"LEFT"},"outsideLabels":[],"style":{"background":"transparent"},"childrenLayoutStrategy":null,"borderNodes":[],"childNodes":[],"defaultWidth":125,"defaultHeight":15,"labelEditable":true,"pinned":false}],"defaultWidth":125,"defaultHeight":60,"labelEditable":false,"pinned":false},{"id":"0e627248-36db-3c9b-ac7d-bf7b6fe2033f","type":"node:rectangle","targetObjectId":"26f9569c-aa93-4551-9af6-a8d78aecd0bd","targetObjectKind":"siriusComponents://semantic?domain=sysml&entity=RequirementDefinition","targetObjectLabel":"FireWeaponRequirement","descriptionId":"siriusComponents://nodeDescription?sourceKind=view&sourceId=8dcd14b0-6259-3193-ad2c-743f394c68e4&sourceElementId=bd73c772-b3f9-323a-859a-6c8a185c1ca7","borderNode":false,"modifiers":["Hidden"],"state":"Hidden","collapsingState":"EXPANDED","insideLabel":{"id":"cf391d9e-3617-3989-bf25-58396b765c94","text":"actors","insideLabelLocation":"TOP_CENTER","style":{"color":"#000000","fontSize":12,"bold":false,"italic":true,"underline":false,"strikeThrough":false,"iconURL":[],"background":"transparent","borderColor":"black","borderSize":0,"borderRadius":3,"borderStyle":"Solid","maxWidth":null},"isHeader":true,"headerSeparatorDisplayMode":"NEVER","overflowStrategy":"NONE","textAlign":"CENTER"},"outsideLabels":[],"style":{"background":"transparent","borderColor":"#000000","borderSize":1,"borderRadius":0,"borderStyle":"Solid"},"childrenLayoutStrategy":{"areChildNodesDraggable":true,"topGap":0,"bottomGap":10,"growableNodeIds":[],"kind":"List"},"borderNodes":[],"childNodes":[],"defaultWidth":125,"defaultHeight":60,"labelEditable":false,"pinned":false}],"defaultWidth":125,"defaultHeight":60,"labelEditable":true,"pinned":false},{"id":"5e31e8b4-ca3f-3f23-8136-cad17bfd7651","type":"node:rectangle","targetObjectId":"394f82d0-4510-48a7-8451-0610c9d00e1f","targetObjectKind":"siriusComponents://semantic?domain=sysml&entity=RequirementDefinition","targetObjectLabel":"HitDetectionRequirement","descriptionId":"siriusComponents://nodeDescription?sourceKind=view&sourceId=8dcd14b0-6259-3193-ad2c-743f394c68e4&sourceElementId=38402f15-6e82-36f0-8424-61f6f73a5ed2","borderNode":false,"modifiers":[],"state":"Normal","collapsingState":"EXPANDED","insideLabel":{"id":"40d2d014-771c-32bd-92af-aa42fa452e80","text":"«requirement def»\nHitDetectionRequirement","insideLabelLocation":"TOP_CENTER","style":{"color":"#000000","fontSize":14,"bold":false,"italic":false,"underline":false,"strikeThrough":false,"iconURL":["/icons/full/obj16/RequirementDefinition.svg"],"background":"transparent","borderColor":"black","borderSize":0,"borderRadius":3,"borderStyle":"Solid","maxWidth":null},"isHeader":true,"headerSeparatorDisplayMode":"IF_CHILDREN","overflowStrategy":"NONE","textAlign":"CENTER"},"outsideLabels":[],"style":{"background":"#ffffff","borderColor":"#000000","borderSize":1,"borderRadius":0,"borderStyle":"Solid"},"childrenLayoutStrategy":{"areChildNodesDraggable":false,"topGap":0,"bottomGap":0,"growableNodeIds":[],"kind":"List"},"borderNodes":[],"childNodes":[{"id":"6d97ccd8-3448-37be-9eef-45dc98909bf3","type":"node:rectangle","targetObjectId":"394f82d0-4510-48a7-8451-0610c9d00e1f","targetObjectKind":"siriusComponents://semantic?domain=sysml&entity=RequirementDefinition","targetObjectLabel":"HitDetectionRequirement","descriptionId":"siriusComponents://nodeDescription?sourceKind=view&sourceId=8dcd14b0-6259-3193-ad2c-743f394c68e4&sourceElementId=5362b06b-0ed6-324d-a896-39f812723d4d","borderNode":false,"modifiers":[],"state":"Normal","collapsingState":"EXPANDED","insideLabel":{"id":"13258e0b-d1dd-328e-96d9-036d9330676e","text":"doc","insideLabelLocation":"TOP_CENTER","style":{"color":"#000000","fontSize":12,"bold":false,"italic":true,"underline":false,"strikeThrough":false,"iconURL":[],"background":"transparent","borderColor":"black","borderSize":0,"borderRadius":3,"borderStyle":"Solid","maxWidth":null},"isHeader":true,"headerSeparatorDisplayMode":"NEVER","overflowStrategy":"NONE","textAlign":"CENTER"},"outsideLabels":[],"style":{"background":"transparent","borderColor":"#000000","borderSize":1,"borderRadius":0,"borderStyle":"Solid"},"childrenLayoutStrategy":{"areChildNodesDraggable":true,"topGap":0,"bottomGap":10,"growableNodeIds":[],"kind":"List"},"borderNodes":[],"childNodes":[{"id":"6407ad4a-32ed-37da-a1f5-a8be07f4ab06","type":"node:icon-label","targetObjectId":"11a5fb5a-95aa-4e64-b772-79aabc8fd936","targetObjectKind":"siriusComponents://semantic?domain=sysml&entity=Documentation","targetObjectLabel":"","descriptionId":"siriusComponents://nodeDescription?sourceKind=view&sourceId=8dcd14b0-6259-3193-ad2c-743f394c68e4&sourceElementId=66c5cbdc-97ba-3e87-bf28-782130f7e931","borderNode":false,"modifiers":[],"state":"Normal","collapsingState":"EXPANDED","insideLabel":{"id":"52f86327-0188-3649-8fa6-2ea8ae57361f","text":"The weapon shall detect when a fired bullet hits the target.","insideLabelLocation":"TOP_LEFT","style":{"color":"#000000","fontSize":14,"bold":false,"italic":false,"underline":false,"strikeThrough":false,"iconURL":["/icons/full/obj16/Documentation.svg"],"background":"transparent","borderColor":"black","borderSize":0,"borderRadius":3,"borderStyle":"Solid","maxWidth":null},"isHeader":false,"headerSeparatorDisplayMode":"NEVER","overflowStrategy":"WRAP","textAlign":"LEFT"},"outsideLabels":[],"style":{"background":"transparent"},"childrenLayoutStrategy":null,"borderNodes":[],"childNodes":[],"defaultWidth":125,"defaultHeight":15,"labelEditable":true,"pinned":false}],"defaultWidth":125,"defaultHeight":60,"labelEditable":false,"pinned":false},{"id":"de314e9b-298b-3cf5-9a36-4bdc6e484759","type":"node:rectangle","targetObjectId":"394f82d0-4510-48a7-8451-0610c9d00e1f","targetObjectKind":"siriusComponents://semantic?domain=sysml&entity=RequirementDefinition","targetObjectLabel":"HitDetectionRequirement","descriptionId":"siriusComponents://nodeDescription?sourceKind=view&sourceId=8dcd14b0-6259-3193-ad2c-743f394c68e4&sourceElementId=e9eb8e50-3a1f-3d76-8f0b-c219261ce58e","borderNode":false,"modifiers":["Hidden"],"state":"Hidden","collapsingState":"EXPANDED","insideLabel":{"id":"586e0daf-a906-3d56-813e-8361d090e2a0","text":"attributes","insideLabelLocation":"TOP_CENTER","style":{"color":"#000000","fontSize":12,"bold":false,"italic":true,"underline":false,"strikeThrough":false,"iconURL":[],"background":"transparent","borderColor":"black","borderSize":0,"borderRadius":3,"borderStyle":"Solid","maxWidth":null},"isHeader":true,"headerSeparatorDisplayMode":"NEVER","overflowStrategy":"NONE","textAlign":"CENTER"},"outsideLabels":[],"style":{"background":"transparent","borderColor":"#000000","borderSize":1,"borderRadius":0,"borderStyle":"Solid"},"childrenLayoutStrategy":{"areChildNodesDraggable":true,"topGap":0,"bottomGap":10,"growableNodeIds":[],"kind":"List"},"borderNodes":[],"childNodes":[],"defaultWidth":125,"defaultHeight":60,"labelEditable":false,"pinned":false},{"id":"a4915ea3-6a0f-39d2-99c4-69388fc3a4a1","type":"node:rectangle","targetObjectId":"394f82d0-4510-48a7-8451-0610c9d00e1f","targetObjectKind":"siriusComponents://semantic?domain=sysml&entity=RequirementDefinition","targetObjectLabel":"HitDetectionRequirement","descriptionId":"siriusComponents://nodeDescription?sourceKind=view&sourceId=8dcd14b0-6259-3193-ad2c-743f394c68e4&sourceElementId=b4ef6223-56a6-3d71-a60d-3856e0d56e6d","borderNode":false,"modifiers":["Hidden"],"state":"Hidden","collapsingState":"EXPANDED","insideLabel":{"id":"015c9882-f3fb-399c-a05c-e4e7a69523e4","text":"requirements","insideLabelLocation":"TOP_CENTER","style":{"color":"#000000","fontSize":12,"bold":false,"italic":true,"underline":false,"strikeThrough":false,"iconURL":[],"background":"transparent","borderColor":"black","borderSize":0,"borderRadius":3,"borderStyle":"Solid","maxWidth":null},"isHeader":true,"headerSeparatorDisplayMode":"NEVER","overflowStrategy":"NONE","textAlign":"CENTER"},"outsideLabels":[],"style":{"background":"transparent","borderColor":"#000000","borderSize":1,"borderRadius":0,"borderStyle":"Solid"},"childrenLayoutStrategy":{"areChildNodesDraggable":true,"topGap":0,"bottomGap":10,"growableNodeIds":[],"kind":"List"},"borderNodes":[],"childNodes":[],"defaultWidth":125,"defaultHeight":60,"labelEditable":false,"pinned":false},{"id":"68bf1572-1728-3397-9b2a-bd26e31e933b","type":"node:rectangle","targetObjectId":"394f82d0-4510-48a7-8451-0610c9d00e1f","targetObjectKind":"siriusComponents://semantic?domain=sysml&entity=RequirementDefinition","targetObjectLabel":"HitDetectionRequirement","descriptionId":"siriusComponents://nodeDescription?sourceKind=view&sourceId=8dcd14b0-6259-3193-ad2c-743f394c68e4&sourceElementId=c54a1573-81f0-3e2b-99f9-952e1b586bbc","borderNode":false,"modifiers":[],"state":"Normal","collapsingState":"EXPANDED","insideLabel":{"id":"b6ab6fcf-65ff-3e2e-b3ee-7cdf13d9e337","text":"assume constraints","insideLabelLocation":"TOP_CENTER","style":{"color":"#000000","fontSize":12,"bold":false,"italic":true,"underline":false,"strikeThrough":false,"iconURL":[],"background":"transparent","borderColor":"black","borderSize":0,"borderRadius":3,"borderStyle":"Solid","maxWidth":null},"isHeader":true,"headerSeparatorDisplayMode":"NEVER","overflowStrategy":"NONE","textAlign":"CENTER"},"outsideLabels":[],"style":{"background":"transparent","borderColor":"#000000","borderSize":1,"borderRadius":0,"borderStyle":"Solid"},"childrenLayoutStrategy":{"areChildNodesDraggable":true,"topGap":0,"bottomGap":10,"growableNodeIds":[],"kind":"List"},"borderNodes":[],"childNodes":[{"id":"bf38ba1f-de72-3340-9177-a0e4fe7145ad","type":"node:icon-label","targetObjectId":"f2d359c0-d667-493b-8bae-c8dd9cc5b3a4","targetObjectKind":"siriusComponents://semantic?domain=sysml&entity=ConstraintUsage","targetObjectLabel":"","descriptionId":"siriusComponents://nodeDescription?sourceKind=view&sourceId=8dcd14b0-6259-3193-ad2c-743f394c68e4&sourceElementId=df5a2604-44ad-39da-83c3-d31a01ae148b","borderNode":false,"modifiers":[],"state":"Normal","collapsingState":"EXPANDED","insideLabel":{"id":"bf543b95-c535-321f-b5dd-82c663a38305","text":"null","insideLabelLocation":"TOP_LEFT","style":{"color":"#000000","fontSize":14,"bold":false,"italic":false,"underline":false,"strikeThrough":false,"iconURL":["/icons/full/obj16/ConstraintUsage.svg"],"background":"transparent","borderColor":"black","borderSize":0,"borderRadius":3,"borderStyle":"Solid","maxWidth":null},"isHeader":false,"headerSeparatorDisplayMode":"NEVER","overflowStrategy":"WRAP","textAlign":"LEFT"},"outsideLabels":[],"style":{"background":"transparent"},"childrenLayoutStrategy":null,"borderNodes":[],"childNodes":[],"defaultWidth":125,"defaultHeight":15,"labelEditable":true,"pinned":false}],"defaultWidth":125,"defaultHeight":60,"labelEditable":false,"pinned":false},{"id":"1ddc0055-279e-30ba-ab47-ff5f025e45ef","type":"node:rectangle","targetObjectId":"394f82d0-4510-48a7-8451-0610c9d00e1f","targetObjectKind":"siriusComponents://semantic?domain=sysml&entity=RequirementDefinition","targetObjectLabel":"HitDetectionRequirement","descriptionId":"siriusComponents://nodeDescription?sourceKind=view&sourceId=8dcd14b0-6259-3193-ad2c-743f394c68e4&sourceElementId=cd0aa201-6656-362d-a520-3488c846f463","borderNode":false,"modifiers":["Hidden"],"state":"Hidden","collapsingState":"EXPANDED","insideLabel":{"id":"fb35b53b-125b-38ad-b841-60ab085aac13","text":"require constraints","insideLabelLocation":"TOP_CENTER","style":{"color":"#000000","fontSize":12,"bold":false,"italic":true,"underline":false,"strikeThrough":false,"iconURL":[],"background":"transparent","borderColor":"black","borderSize":0,"borderRadius":3,"borderStyle":"Solid","maxWidth":null},"isHeader":true,"headerSeparatorDisplayMode":"NEVER","overflowStrategy":"NONE","textAlign":"CENTER"},"outsideLabels":[],"style":{"background":"transparent","borderColor":"#000000","borderSize":1,"borderRadius":0,"borderStyle":"Solid"},"childrenLayoutStrategy":{"areChildNodesDraggable":true,"topGap":0,"bottomGap":10,"growableNodeIds":[],"kind":"List"},"borderNodes":[],"childNodes":[],"defaultWidth":125,"defaultHeight":60,"labelEditable":false,"pinned":false},{"id":"305166de-932f-337e-a283-045d50fdcf6f","type":"node:rectangle","targetObjectId":"394f82d0-4510-48a7-8451-0610c9d00e1f","targetObjectKind":"siriusComponents://semantic?domain=sysml&entity=RequirementDefinition","targetObjectLabel":"HitDetectionRequirement","descriptionId":"siriusComponents://nodeDescription?sourceKind=view&sourceId=8dcd14b0-6259-3193-ad2c-743f394c68e4&sourceElementId=52bfcd14-267f-3197-9c52-631866c33529","borderNode":false,"modifiers":[],"state":"Normal","collapsingState":"EXPANDED","insideLabel":{"id":"c89514fd-b438-3a10-97e7-5d0cc0d417ae","text":"subject","insideLabelLocation":"TOP_CENTER","style":{"color":"#000000","fontSize":12,"bold":false,"italic":true,"underline":false,"strikeThrough":false,"iconURL":[],"background":"transparent","borderColor":"black","borderSize":0,"borderRadius":3,"borderStyle":"Solid","maxWidth":null},"isHeader":true,"headerSeparatorDisplayMode":"NEVER","overflowStrategy":"NONE","textAlign":"CENTER"},"outsideLabels":[],"style":{"background":"transparent","borderColor":"#000000","borderSize":1,"borderRadius":0,"borderStyle":"Solid"},"childrenLayoutStrategy":{"areChildNodesDraggable":true,"topGap":0,"bottomGap":10,"growableNodeIds":[],"kind":"List"},"borderNodes":[],"childNodes":[{"id":"7b6ab915-5f5d-3e2d-8e45-62ef394aad87","type":"node:icon-label","targetObjectId":"384f505c-13aa-483d-a6db-f735f11eb96d","targetObjectKind":"siriusComponents://semantic?domain=sysml&entity=ReferenceUsage","targetObjectLabel":"weapon","descriptionId":"siriusComponents://nodeDescription?sourceKind=view&sourceId=8dcd14b0-6259-3193-ad2c-743f394c68e4&sourceElementId=1e63348e-d7a2-3f49-81fd-ec23a0386b41","borderNode":false,"modifiers":[],"state":"Normal","collapsingState":"EXPANDED","insideLabel":{"id":"35795197-4a66-318e-904e-3ee416704f9d","text":"ref weapon","insideLabelLocation":"TOP_LEFT","style":{"color":"#000000","fontSize":14,"bold":false,"italic":false,"underline":false,"strikeThrough":false,"iconURL":["/icons/full/obj16/ReferenceUsage.svg"],"background":"transparent","borderColor":"black","borderSize":0,"borderRadius":3,"borderStyle":"Solid","maxWidth":null},"isHeader":false,"headerSeparatorDisplayMode":"NEVER","overflowStrategy":"WRAP","textAlign":"LEFT"},"outsideLabels":[],"style":{"background":"transparent"},"childrenLayoutStrategy":null,"borderNodes":[],"childNodes":[],"defaultWidth":125,"defaultHeight":15,"labelEditable":true,"pinned":false}],"defaultWidth":125,"defaultHeight":60,"labelEditable":false,"pinned":false},{"id":"759d5577-a189-3900-9143-b4e7df2698d7","type":"node:rectangle","targetObjectId":"394f82d0-4510-48a7-8451-0610c9d00e1f","targetObjectKind":"siriusComponents://semantic?domain=sysml&entity=RequirementDefinition","targetObjectLabel":"HitDetectionRequirement","descriptionId":"siriusComponents://nodeDescription?sourceKind=view&sourceId=8dcd14b0-6259-3193-ad2c-743f394c68e4&sourceElementId=bd73c772-b3f9-323a-859a-6c8a185c1ca7","borderNode":false,"modifiers":["Hidden"],"state":"Hidden","collapsingState":"EXPANDED","insideLabel":{"id":"d3dc72ac-0a64-3f9b-9f3a-f1ce2dae269d","text":"actors","insideLabelLocation":"TOP_CENTER","style":{"color":"#000000","fontSize":12,"bold":false,"italic":true,"underline":false,"strikeThrough":false,"iconURL":[],"background":"transparent","borderColor":"black","borderSize":0,"borderRadius":3,"borderStyle":"Solid","maxWidth":null},"isHeader":true,"headerSeparatorDisplayMode":"NEVER","overflowStrategy":"NONE","textAlign":"CENTER"},"outsideLabels":[],"style":{"background":"transparent","borderColor":"#000000","borderSize":1,"borderRadius":0,"borderStyle":"Solid"},"childrenLayoutStrategy":{"areChildNodesDraggable":true,"topGap":0,"bottomGap":10,"growableNodeIds":[],"kind":"List"},"borderNodes":[],"childNodes":[],"defaultWidth":125,"defaultHeight":60,"labelEditable":false,"pinned":false}],"defaultWidth":125,"defaultHeight":60,"labelEditable":true,"pinned":false}],"defaultWidth":300,"defaultHeight":101,"labelEditable":true,"pinned":false}],"defaultWidth":300,"defaultHeight":101,"labelEditable":true,"pinned":false}],"edges":[],"layoutData":{"nodeLayoutData":{"36373150-fac1-3949-a400-b9ff3c47252f":{"id":"36373150-fac1-3949-a400-b9ff3c47252f","position":{"x":0.666667,"y":200.0000009691162},"size":{"width":216.1979217529297,"height":60.0},"resizedByUser":false},"7b6ab915-5f5d-3e2d-8e45-62ef394aad87":{"id":"7b6ab915-5f5d-3e2d-8e45-62ef394aad87","position":{"x":0.0,"y":31.33333396911621},"size":{"width":216.70834350585938,"height":16.0},"resizedByUser":false},"f777e6c9-42e4-3456-b735-0079bf669243":{"id":"f777e6c9-42e4-3456-b735-0079bf669243","position":{"x":0.0,"y":0.0},"size":{"width":125.0,"height":60.0},"resizedByUser":false},"388181fc-63f4-338b-8901-a87b6dd8238f":{"id":"388181fc-63f4-338b-8901-a87b6dd8238f","position":{"x":0.666667,"y":260.0000009691162},"size":{"width":216.1979217529297,"height":60.0},"resizedByUser":false},"aab3b168-5d40-3d90-9bd3-5e0c61b11fa3":{"id":"aab3b168-5d40-3d90-9bd3-5e0c61b11fa3","position":{"x":0.0,"y":31.33333396911621},"size":{"width":216.1979217529297,"height":48.0},"resizedByUser":false},"a4915ea3-6a0f-39d2-99c4-69388fc3a4a1":{"id":"a4915ea3-6a0f-39d2-99c4-69388fc3a4a1","position":{"x":0.0,"y":0.0},"size":{"width":125.0,"height":60.0},"resizedByUser":false},"6407ad4a-32ed-37da-a1f5-a8be07f4ab06":{"id":"6407ad4a-32ed-37da-a1f5-a8be07f4ab06","position":{"x":0.0,"y":31.33333396911621},"size":{"width":216.70834350585938,"height":48.0},"resizedByUser":false},"3978900b-7181-3acb-9265-9ab907202413":{"id":"3978900b-7181-3acb-9265-9ab907202413","position":{"x":8.0,"y":66.66667175292969},"size":{"width":217.5312557529297,"height":320.6666679691162},"resizedByUser":false},"305166de-932f-337e-a283-045d50fdcf6f":{"id":"305166de-932f-337e-a283-045d50fdcf6f","position":{"x":0.666667,"y":200.0000009691162},"size":{"width":216.70834350585938,"height":60.0},"resizedByUser":false},"7c6c20b8-af9c-3a46-9987-b0d04b91971c":{"id":"7c6c20b8-af9c-3a46-9987-b0d04b91971c","position":{"x":0.0,"y":31.33333396911621},"size":{"width":216.1979217529297,"height":16.0},"resizedByUser":false},"759d5577-a189-3900-9143-b4e7df2698d7":{"id":"759d5577-a189-3900-9143-b4e7df2698d7","position":{"x":0.0,"y":0.0},"size":{"width":125.0,"height":60.0},"resizedByUser":false},"d0361a30-b863-3491-88a9-d5da8a3bd0d2":{"id":"d0361a30-b863-3491-88a9-d5da8a3bd0d2","position":{"x":0.666667,"y":50.666667},"size":{"width":216.1979217529297,"height":89.33333396911621},"resizedByUser":false},"de314e9b-298b-3cf5-9a36-4bdc6e484759":{"id":"de314e9b-298b-3cf5-9a36-4bdc6e484759","position":{"x":0.0,"y":0.0},"size":{"width":125.0,"height":60.0},"resizedByUser":false},"6d97ccd8-3448-37be-9eef-45dc98909bf3":{"id":"6d97ccd8-3448-37be-9eef-45dc98909bf3","position":{"x":0.666667,"y":50.666667},"size":{"width":216.70834350585938,"height":89.33333396911621},"resizedByUser":false},"08fa7f96-2947-3c70-8f65-301fd4aae50a":{"id":"08fa7f96-2947-3c70-8f65-301fd4aae50a","position":{"x":8.0,"y":66.66667175292969},"size":{"width":471.5729332587891,"height":395.3333397220459},"resizedByUser":false},"5e31e8b4-ca3f-3f23-8136-cad17bfd7651":{"id":"5e31e8b4-ca3f-3f23-8136-cad17bfd7651","position":{"x":245.5312557529297,"y":66.66667175292969},"size":{"width":218.04167750585938,"height":260.6666679691162},"resizedByUser":false},"393ddbc4-f06f-3db6-95cc-d43d0d154c58":{"id":"393ddbc4-f06f-3db6-95cc-d43d0d154c58","position":{"x":0.0,"y":0.0},"size":{"width":125.0,"height":60.0},"resizedByUser":false},"68bf1572-1728-3397-9b2a-bd26e31e933b":{"id":"68bf1572-1728-3397-9b2a-bd26e31e933b","position":{"x":0.666667,"y":140.0000009691162},"size":{"width":216.70834350585938,"height":60.0},"resizedByUser":false},"0e627248-36db-3c9b-ac7d-bf7b6fe2033f":{"id":"0e627248-36db-3c9b-ac7d-bf7b6fe2033f","position":{"x":0.0,"y":0.0},"size":{"width":125.0,"height":60.0},"resizedByUser":false},"bf38ba1f-de72-3340-9177-a0e4fe7145ad":{"id":"bf38ba1f-de72-3340-9177-a0e4fe7145ad","position":{"x":0.0,"y":31.33333396911621},"size":{"width":216.70834350585938,"height":16.0},"resizedByUser":false},"1ddc0055-279e-30ba-ab47-ff5f025e45ef":{"id":"1ddc0055-279e-30ba-ab47-ff5f025e45ef","position":{"x":0.0,"y":0.0},"size":{"width":125.0,"height":60.0},"resizedByUser":false},"c77eeb44-8169-3ff5-8348-c747c90d6367":{"id":"c77eeb44-8169-3ff5-8348-c747c90d6367","position":{"x":0.0,"y":0.0},"size":{"width":487.5729332587891,"height":470.00001147497557},"resizedByUser":false},"a7d6c28e-c8dd-38f5-8197-1f25719e1249":{"id":"a7d6c28e-c8dd-38f5-8197-1f25719e1249","position":{"x":0.0,"y":31.33333396911621},"size":{"width":216.1979217529297,"height":16.0},"resizedByUser":false},"2bc3c9aa-fe5c-3d06-8de8-0b8db3018b87":{"id":"2bc3c9aa-fe5c-3d06-8de8-0b8db3018b87","position":{"x":0.666667,"y":140.0000009691162},"size":{"width":216.1979217529297,"height":60.0},"resizedByUser":false},"41da45bb-ab11-3767-a1fd-2abc4a815ba1":{"id":"41da45bb-ab11-3767-a1fd-2abc4a815ba1","position":{"x":0.0,"y":31.33333396911621},"size":{"width":216.1979217529297,"height":16.0},"resizedByUser":false}},"edgeLayoutData":{},"labelLayoutData":{}}}}