{"json":{"version":"1.0","encoding":"utf-8"},"ns":{"sysml":"http://www.eclipse.org/syson/sysml"},"content":[{"id":"419ec916-868a-4a84-b59d-a2be015e0fc8","eClass":"sysml:Namespace","data":{"elementId":"926bfda4-02c3-4e01-b024-a4bc33ae72bc","ownedRelationship":[{"id":"2cbf4b11-2444-4a27-b026-cb8ece81a49a","eClass":"sysml:OwningMembership","data":{"elementId":"c8f36429-da60-45f2-91ff-dedba8d9ddc0","ownedRelatedElement":[{"id":"768acda2-2c69-4f42-a6c0-3f787942ee4d","eClass":"sysml:Package","data":{"declaredName":"Package 1","elementId":"95e8d7d5-1064-49a5-a377-14f8b29265f4","ownedRelationship":[{"id":"39e8ce0d-adb7-407d-9e0f-ce763cc67c38","eClass":"sysml:OwningMembership","data":{"elementId":"19815140-3424-49ce-af17-22ad21da6f15","ownedRelatedElement":[{"id":"e094ce8d-65d9-460d-9575-aaa3f763cfef","eClass":"sysml:Package","data":{"declaredName":"Package 1","elementId":"df073085-d498-4622-b827-5611cffc4a1b","ownedRelationship":[{"id":"0a138728-815a-4495-8bfb-5a1aec45edd0","eClass":"sysml:OwningMembership","data":{"elementId":"c8a990ad-01cc-4f21-b631-b5fb2fb4bac6","ownedRelatedElement":[{"id":"6629d67a-2317-4ce2-904f-f3bea5940254","eClass":"sysml:Package","data":{"declaredName":"Sea\\t-Shell Model","elementId":"6221f27b-2be8-42f3-83ab-18fe9011752b","ownedRelationship":[{"id":"e4ed6d61-551b-4ff7-89bd-e806d9bfb243","eClass":"sysml:NamespaceImport","data":{"elementId":"98cc4ebd-c3c8-446e-a248-2d4be9230e47","importedNamespace":"sysml:Namespace sysml:Namespace syson-import:qualifiedName#'Component Definitions'::Chair"}},{"id":"158834b5-16b0-4a05-9cd4-1efd612bb9a7","eClass":"sysml:NamespaceImport","data":{"elementId":"447e097f-ad07-40aa-af9c-7a053c59a4d2","importedNamespace":"sysml:Namespace sysml:Namespace syson-import:qualifiedName#'Component Definitions'"}},{"id":"b0489248-5fd4-4975-8324-7353ab4d4749","eClass":"sysml:MembershipImport","data":{"elementId":"5043d60c-6b77-4470-888f-0378fc0e496e"}}]}}],"memberElement":"6221f27b-2be8-42f3-83ab-18fe9011752b"}}]}}]}}]}}]}}]}}]}