{"json":{"version":"1.0","encoding":"utf-8"},"ns":{"sysml":"http://www.eclipse.org/syson/sysml"},"content":[{"id":"31328dd0-7078-4077-9171-ed0d5233a872","eClass":"sysml:Namespace","data":{"elementId":"3b19a0e4-8db9-4b75-928a-bdd157722d6e","ownedRelationship":[{"id":"5b1a5102-e15f-448e-ae24-a1119a2fcb8f","eClass":"sysml:OwningMembership","data":{"elementId":"654ce5de-2a87-4dd0-9dce-ec1c28ddd523","ownedRelatedElement":[{"id":"8b768f1a-3965-4a1f-b1fa-7eabed73fb89","eClass":"sysml:Package","data":{"declaredName":"Concept Model","elementId":"47a5e74d-619b-412b-b297-5bf047750c49","ownedRelationship":[{"id":"8bc23557-e6b6-4120-939b-d51f5fe6a8e2","eClass":"sysml:OwningMembership","data":{"elementId":"5dbe6c64-043f-4740-a429-559068d3c46e","ownedRelatedElement":[{"id":"80bc172f-0d76-405a-86b1-45c33fe4b9f9","eClass":"sysml:Package","data":{"declaredName":"IdeaWallModel","elementId":"2ba357cf-79a0-4b0d-aa71-17de92aa160a","ownedRelationship":[{"id":"abc8231f-ccdf-4a77-816a-ecaca20f61cc","eClass":"sysml:OwningMembership","data":{"elementId":"5c940e88-d80f-4c58-907a-91f97d5c7e9a","ownedRelatedElement":[{"id":"a88e4656-cf82-422f-946f-de6dd3794088","eClass":"sysml:PartDefinition","data":{"declaredName":"IdeaWall","elementId":"a3201987-4fad-4925-ba14-d228dbfe5dad","ownedRelationship":[{"id":"f6286acf-de83-4e1b-aed7-f4ad6f542b6b","eClass":"sysml:FeatureMembership","data":{"elementId":"c9714c50-5ccf-4215-89fd-3268e27112a8","ownedRelatedElement":[{"id":"eae6b478-6c54-46f4-a207-9e1929586e4e","eClass":"sysml:PartUsage","data":{"declaredName":"ideaCaptureModule","elementId":"3aa60cc7-a227-4962-be59-74428614faf9","ownedRelationship":[{"id":"b11de9b1-ca22-4859-8636-4b7c3db70b55","eClass":"sysml:FeatureTyping","data":{"elementId":"647819f6-3fba-4f2b-a2e5-fa3e7b82c88f","type":"76cf3d5c-b406-4daa-a29a-d6f3f6c6a59b","typedFeature":"3aa60cc7-a227-4962-be59-74428614faf9"}},{"id":"2d861873-c873-4f75-bd38-70c449b31ef1","eClass":"sysml:OwningMembership","data":{"elementId":"a4f5f382-a4ab-46ed-a8df-36a3e8d227c2","ownedRelatedElement":[{"id":"708eb6fe-52d5-464d-81a2-326c963c96d9","eClass":"sysml:Documentation","data":{"elementId":"54a184f9-bca7-4bad-b3d5-f57b58563c3e","body":"The IdeaCaptureModule is a critical entry point for capturing creative inputs from users in real-time. It ensures that ideas are not only captured on-the-go but are also quickly synchronized with the collaborative boards, facilitating instant sharing and feedback. This helps create a dynamic, flexible, and accessible platform for team collaboration."}}]}}]}}],"memberElement":"3aa60cc7-a227-4962-be59-74428614faf9"}},{"id":"4395de5b-124e-4abb-8a52-d6a0e01b71f8","eClass":"sysml:FeatureMembership","data":{"elementId":"80db3198-71e3-47d3-91d9-1dc02690aa7d","ownedRelatedElement":[{"id":"2518f49b-f644-426a-8768-3b741f4718fd","eClass":"sysml:PartUsage","data":{"declaredName":"displayModule","elementId":"0cca6326-7e89-4ef7-8a39-29a88e1b055d","ownedRelationship":[{"id":"cf0f11ab-6108-4a75-9074-636e766ef09d","eClass":"sysml:FeatureTyping","data":{"elementId":"f9f1656c-e7e8-40c7-8f1c-d579f80e1f5c","type":"92cdb807-6f99-42fc-9c95-8f4764c291cf","typedFeature":"0cca6326-7e89-4ef7-8a39-29a88e1b055d"}}]}}],"memberElement":"0cca6326-7e89-4ef7-8a39-29a88e1b055d"}},{"id":"6a7603a0-3b01-4765-ae3d-a21dd0f921cf","eClass":"sysml:FeatureMembership","data":{"elementId":"8d33ebe4-1034-4f03-9c07-c003ced47977","ownedRelatedElement":[{"id":"b74c6938-d1db-4d59-a23a-9d83a53c21eb","eClass":"sysml:PartUsage","data":{"declaredName":"connectivityModule","elementId":"8d058f1f-eb0b-46e1-8f14-8408e2a14d7e","ownedRelationship":[{"id":"1a53f583-0d17-4180-a4af-1cf80de41dc2","eClass":"sysml:FeatureTyping","data":{"elementId":"75d9a85f-994b-4728-92ac-e394d963ef9c","type":"cbae2f60-4da0-4439-8c5e-05160f6d0891","typedFeature":"8d058f1f-eb0b-46e1-8f14-8408e2a14d7e"}}]}}],"memberElement":"8d058f1f-eb0b-46e1-8f14-8408e2a14d7e"}}]}}],"memberElement":"a3201987-4fad-4925-ba14-d228dbfe5dad"}},{"id":"bd3f6984-63df-4693-b8d8-b4ea2734b8cb","eClass":"sysml:OwningMembership","data":{"elementId":"296c604f-0992-4ad5-b917-2a303a6d1f02","ownedRelatedElement":[{"id":"5a69578e-7977-408d-a778-c371abedd315","eClass":"sysml:PartDefinition","data":{"declaredName":"IdeaCaptureModule","elementId":"76cf3d5c-b406-4daa-a29a-d6f3f6c6a59b","ownedRelationship":[{"id":"c50f4567-feff-4fff-9ffa-b25781d78b22","eClass":"sysml:FeatureMembership","data":{"elementId":"e9c9eb4e-1d2d-4cf7-92e8-4724f5cea0d0","ownedRelatedElement":[{"id":"8ed88795-c255-44f0-904c-2f0a826cafc4","eClass":"sysml:AttributeUsage","data":{"declaredName":"captureType","elementId":"c1a3daaf-8e6c-446c-8503-672d08a98634","ownedRelationship":[{"id":"a8c6e063-9d69-4358-8d3e-f93d65ec3e17","eClass":"sysml:FeatureTyping","data":{"elementId":"52704c4f-04f0-4579-ad4a-e70759d2c0ed","type":"e2faec35-c3ca-4322-b0f0-811b0f5a30b4","typedFeature":"c1a3daaf-8e6c-446c-8503-672d08a98634"}}]}}],"memberElement":"c1a3daaf-8e6c-446c-8503-672d08a98634"}},{"id":"63d193da-9cbb-444c-9b81-cff9f768e34b","eClass":"sysml:FeatureMembership","data":{"elementId":"87f6ac69-34c8-4305-b4ca-80a478b52922","ownedRelatedElement":[{"id":"37f8a887-de1c-427c-acd5-a38ead399066","eClass":"sysml:PortUsage","data":{"declaredName":"ideaPort","elementId":"de3b6889-d0ef-456a-b69a-d0d31a5c2058","ownedRelationship":[{"id":"6e76c9ca-6af6-4e8d-b2fd-cacd6b6c98e1","eClass":"sysml:FeatureTyping","data":{"elementId":"7709ae9d-732a-4150-a941-6f2904e4292b","type":"02d7e1fa-2df9-4ec0-aeb6-dd551319d4b7","typedFeature":"de3b6889-d0ef-456a-b69a-d0d31a5c2058"}}]}}],"memberElement":"de3b6889-d0ef-456a-b69a-d0d31a5c2058"}},{"id":"74578c9c-ba24-4930-b88d-9dfe2012d79f","eClass":"sysml:OwningMembership","data":{"elementId":"9eecc746-49c7-4347-a24b-8afc5cb67979","ownedRelatedElement":[{"id":"535466ab-8cf5-4bdc-8b3c-f3ec7d7d445b","eClass":"sysml:Documentation","data":{"elementId":"746ebcaf-a37a-4abb-ab76-62442a2f0824","body":"The IdeaCaptureModule is a critical entry point for capturing creative inputs from users in real-time. It ensures that ideas are not only captured on-the-go but are also quickly synchronized with the collaborative boards, facilitating instant sharing and feedback. This helps create a dynamic, flexible, and accessible platform for team collaboration."}}]}}]}}],"memberElement":"76cf3d5c-b406-4daa-a29a-d6f3f6c6a59b"}},{"id":"cd89366f-63e9-40b2-8436-e8f1758fa25a","eClass":"sysml:OwningMembership","data":{"elementId":"e4bb2446-1708-4566-a86f-6272f10fff84","ownedRelatedElement":[{"id":"ce6e1f46-3a89-487e-a54a-411423a97a48","eClass":"sysml:PartDefinition","data":{"declaredName":"DisplayModule","elementId":"92cdb807-6f99-42fc-9c95-8f4764c291cf","ownedRelationship":[{"id":"45d51978-7a42-4f7e-a607-578b156bb9a6","eClass":"sysml:FeatureMembership","data":{"elementId":"29cb0ece-ebc4-42e7-ac34-08fd3ea9436c","ownedRelatedElement":[{"id":"687c1365-bba5-45db-8ed7-e43637f3c2b6","eClass":"sysml:AttributeUsage","data":{"declaredName":"displayType","elementId":"bc38f3d2-b329-4f6c-a0ab-32c01fbd9513","ownedRelationship":[{"id":"6f5933ff-bb6a-47ef-90cc-54b2e2faa516","eClass":"sysml:FeatureTyping","data":{"elementId":"276a4e56-d8d4-4e66-ae2c-8bc1a6ecf66d","typedFeature":"bc38f3d2-b329-4f6c-a0ab-32c01fbd9513"}}]}}],"memberElement":"bc38f3d2-b329-4f6c-a0ab-32c01fbd9513"}},{"id":"ba14c9e4-3bd3-43ed-94df-8724d95fd65b","eClass":"sysml:FeatureMembership","data":{"elementId":"80785dd7-0809-4849-ac78-8eee75c72409","ownedRelatedElement":[{"id":"0e5d3664-42b6-4974-9a51-cc5b02b86e89","eClass":"sysml:PortUsage","data":{"declaredName":"displayPort","elementId":"312cf2ed-0137-4a88-9089-a84b55728473","ownedRelationship":[{"id":"f46872d3-fd95-43a7-b79f-adc05a2f0736","eClass":"sysml:FeatureTyping","data":{"elementId":"c0664a26-9914-4d54-b74d-3a16444fe514","type":"9271be5e-e257-40c7-b14e-59d948138a78","typedFeature":"312cf2ed-0137-4a88-9089-a84b55728473"}}]}}],"memberElement":"312cf2ed-0137-4a88-9089-a84b55728473"}}]}}],"memberElement":"92cdb807-6f99-42fc-9c95-8f4764c291cf"}},{"id":"7c0620b7-057e-489e-95c6-32fd389d685a","eClass":"sysml:OwningMembership","data":{"elementId":"6a9ed921-499e-4244-9abd-e967ae40e405","ownedRelatedElement":[{"id":"c4eec3b9-a814-46ba-bd5b-dcc9b8d25818","eClass":"sysml:PartDefinition","data":{"declaredName":"ConnectivityModule","elementId":"cbae2f60-4da0-4439-8c5e-05160f6d0891","ownedRelationship":[{"id":"ccd2f25e-d3af-4109-9c4a-dc2f66833f87","eClass":"sysml:FeatureMembership","data":{"elementId":"5a0caedd-e0e5-4c91-a014-9fefb1eeeadf","ownedRelatedElement":[{"id":"b081cc8f-6972-4806-bfa9-0d08089b944e","eClass":"sysml:AttributeUsage","data":{"declaredName":"communicationProtocol","elementId":"7b91747d-d047-4e3c-ab2f-e11b56dd9784","ownedRelationship":[{"id":"665afef8-d4ee-4a76-bd32-f5f445aaa3bc","eClass":"sysml:FeatureTyping","data":{"elementId":"4bbd00f4-f73d-4a88-bb7b-db137e07fbab","typedFeature":"7b91747d-d047-4e3c-ab2f-e11b56dd9784"}}]}}],"memberElement":"7b91747d-d047-4e3c-ab2f-e11b56dd9784"}},{"id":"45c12b66-c35d-4219-b32c-af670d2efacd","eClass":"sysml:FeatureMembership","data":{"elementId":"eb46ddb8-7a2e-45a1-8eaf-ee27f9071b0c","ownedRelatedElement":[{"id":"595bbb67-e8c6-40c4-80f3-a3234568a9bd","eClass":"sysml:PortUsage","data":{"declaredName":"connectionPort","elementId":"d2196c02-0094-46b3-82e2-fde5375c92b9","ownedRelationship":[{"id":"caa0f6b4-ab35-4b84-8ce1-29d43350b207","eClass":"sysml:FeatureTyping","data":{"elementId":"d6889758-6fa2-427d-8e30-1200169f462b","type":"acb22ee6-734a-481a-b1a7-e1810dbc2bba","typedFeature":"d2196c02-0094-46b3-82e2-fde5375c92b9"}}]}}],"memberElement":"d2196c02-0094-46b3-82e2-fde5375c92b9"}}]}}],"memberElement":"cbae2f60-4da0-4439-8c5e-05160f6d0891"}},{"id":"73d3c409-644e-432a-80e3-cba2b61d90de","eClass":"sysml:OwningMembership","data":{"elementId":"99968872-439a-4e89-94e2-ba67844db3cc","ownedRelatedElement":[{"id":"301ee842-d58f-4f94-9e83-9418c431a24e","eClass":"sysml:PartDefinition","data":{"declaredName":"IdeaWallProduct","elementId":"73aca416-06af-4054-aa5f-e6db5bac8284","ownedRelationship":[{"id":"86998676-120b-4eb6-b37e-bd47d446ecd7","eClass":"sysml:FeatureMembership","data":{"elementId":"1002d579-e421-4679-8990-1754f961346a","ownedRelatedElement":[{"id":"fbda3325-afcc-450c-a343-df1eaff4a7d9","eClass":"sysml:PartUsage","data":{"declaredName":"voiceCapture","elementId":"e2316ef0-09f4-4073-a1f7-079f28140655","ownedRelationship":[{"id":"1d8b86a7-0962-4ada-8512-e7670ab8fe98","eClass":"sysml:FeatureMembership","data":{"elementId":"dba4bcb5-67cf-4f17-8919-0cd8fbe2b67d","ownedRelatedElement":[{"id":"f207aead-410a-4e34-8e95-a12f5aada26d","eClass":"sysml:PortUsage","data":{"declaredName":"ideaPort","elementId":"36f60998-0771-470d-980e-b11ce6334eda","ownedRelationship":[{"id":"ac7f05bf-a828-4974-93fc-51d6503dbfda","eClass":"sysml:FeatureTyping","data":{"elementId":"fa75b11a-1680-442f-86c3-59f01ec75510","type":"02d7e1fa-2df9-4ec0-aeb6-dd551319d4b7","typedFeature":"36f60998-0771-470d-980e-b11ce6334eda"}}]}}],"memberElement":"36f60998-0771-470d-980e-b11ce6334eda"}},{"id":"6a73ac41-d0e6-426d-b43d-c6c5b7c335cd","eClass":"sysml:FeatureTyping","data":{"elementId":"4c5ecba0-7de1-464f-bcbb-3f2095f64c7c","type":"76cf3d5c-b406-4daa-a29a-d6f3f6c6a59b","typedFeature":"e2316ef0-09f4-4073-a1f7-079f28140655"}}]}}],"memberElement":"e2316ef0-09f4-4073-a1f7-079f28140655"}},{"id":"94979121-dbf7-40aa-84c7-e3785ad3d92f","eClass":"sysml:FeatureMembership","data":{"elementId":"dad7fce8-8d1b-45da-b83e-46ed43336be5","ownedRelatedElement":[{"id":"00d833eb-8bd9-4596-86e9-1bfa3a76277e","eClass":"sysml:PartUsage","data":{"declaredName":"deskDisplay","elementId":"d1a45717-15f2-4e10-b82d-d114431416de","ownedRelationship":[{"id":"4d946f0b-4a25-4b71-b416-8dfa7390e370","eClass":"sysml:FeatureMembership","data":{"elementId":"8b2ec2a5-d7a3-4772-9e84-e0c0f89277e2","ownedRelatedElement":[{"id":"05f191f5-7617-4689-8f58-28d6fcff7fe3","eClass":"sysml:PortUsage","data":{"declaredName":"displayPort","elementId":"0d8291fa-78d9-45ca-a22b-afcee028d03b","ownedRelationship":[{"id":"66c9337f-ebcc-4409-825c-544c2850ea31","eClass":"sysml:FeatureTyping","data":{"elementId":"48dd6fe8-d287-4b4e-b1ff-0e0c118518d8","type":"9271be5e-e257-40c7-b14e-59d948138a78","typedFeature":"0d8291fa-78d9-45ca-a22b-afcee028d03b"}}]}}],"memberElement":"0d8291fa-78d9-45ca-a22b-afcee028d03b"}},{"id":"fdd697ad-66fc-4496-b26d-faf288a30eef","eClass":"sysml:FeatureTyping","data":{"elementId":"1cba46ef-1e44-4e55-af14-280f02400d39","type":"92cdb807-6f99-42fc-9c95-8f4764c291cf","typedFeature":"d1a45717-15f2-4e10-b82d-d114431416de"}}]}}],"memberElement":"d1a45717-15f2-4e10-b82d-d114431416de"}},{"id":"3cecde46-cd87-4a9e-942c-6f8397c69d36","eClass":"sysml:FeatureMembership","data":{"elementId":"210cbbab-7a2e-4c80-8d3c-ac5353fca6e6","ownedRelatedElement":[{"id":"ac32bd9e-533e-43c4-9334-87e519891127","eClass":"sysml:PartUsage","data":{"declaredName":"connectionModule","elementId":"04808bc1-aaf6-4ccc-9b33-b3ece0f2c212","ownedRelationship":[{"id":"4f7b063b-6334-4bab-9d29-98e1702b59b9","eClass":"sysml:FeatureMembership","data":{"elementId":"15423b70-97d0-47c6-83a6-12b138a73ce9","ownedRelatedElement":[{"id":"36ec6d1c-4f84-4ecf-973d-1f91c760f367","eClass":"sysml:PortUsage","data":{"declaredName":"connectionPort","elementId":"97fc8a31-7c85-43e7-85de-0c22182566c9","ownedRelationship":[{"id":"0301b7bc-8450-49a7-9440-5cf9ce320a22","eClass":"sysml:FeatureTyping","data":{"elementId":"7b0c3649-db35-43d1-b0be-421c04c548dc","type":"acb22ee6-734a-481a-b1a7-e1810dbc2bba","typedFeature":"97fc8a31-7c85-43e7-85de-0c22182566c9"}}]}}],"memberElement":"97fc8a31-7c85-43e7-85de-0c22182566c9"}},{"id":"7b3fc623-18ac-49c7-9094-c55a0beac1d5","eClass":"sysml:FeatureTyping","data":{"elementId":"e27afddb-76d8-46b2-b306-5363c9557c92","type":"cbae2f60-4da0-4439-8c5e-05160f6d0891","typedFeature":"04808bc1-aaf6-4ccc-9b33-b3ece0f2c212"}}]}}],"memberElement":"04808bc1-aaf6-4ccc-9b33-b3ece0f2c212"}},{"id":"062af09b-5dd2-401b-b944-c89a35b203ca","eClass":"sysml:FeatureMembership","data":{"elementId":"6184ab95-0598-45ea-b2e8-73b6146ff023","ownedRelationship":[{"id":"c9d783f1-f36f-468c-b870-320684014ff8","eClass":"sysml:InterfaceUsage","data":{"declaredName":"captureToConnection","elementId":"9d382967-bbf2-45be-a59a-3c71592276a5","source":["6184ab95-0598-45ea-b2e8-73b6146ff023"]}}]}},{"id":"dfb104ff-f4b4-4f7f-b908-ff6b21a2a301","eClass":"sysml:FeatureMembership","data":{"elementId":"6b57f2fb-ef0a-4bed-a1ff-69a8a6be931f","ownedRelationship":[{"id":"3e38004c-289c-4d88-8d7f-0752d437f92e","eClass":"sysml:InterfaceUsage","data":{"declaredName":"connectionToDisplay","elementId":"da650ada-6226-4a3f-bea5-fea40cb98490","source":["6b57f2fb-ef0a-4bed-a1ff-69a8a6be931f"]}}]}},{"id":"8378c8b7-a085-4aea-8a92-491245955f83","eClass":"sysml:FeatureMembership","data":{"elementId":"1394b27d-ef47-436e-a467-53e6c6202299","ownedRelatedElement":[{"id":"b5da7f32-82ff-4583-9fb3-1a8ddde09792","eClass":"sysml:InterfaceUsage","data":{"declaredName":"connect","elementId":"241c1a34-c6fc-4ecd-9805-2fa446a14240","ownedRelationship":[{"id":"c5a25e68-0ad1-46d5-ae20-f46a6acea176","eClass":"sysml:EndFeatureMembership","data":{"elementId":"cc873d6f-835e-47ca-af27-970e4c0452d0","ownedRelatedElement":[{"id":"6968ebf9-8dda-47a4-95a7-3e6dea8e7cb6","eClass":"sysml:Feature","data":{"elementId":"825e4030-fa60-49f8-bc1f-b9830f6a478e","ownedRelationship":[{"id":"97d2412c-7c20-4415-8afc-00cf61ab121d","eClass":"sysml:ReferenceSubsetting","data":{"declaredName":"references","elementId":"7508ebad-b40d-4c89-a312-22e7d6fd1a8c","referencedFeature":"36f60998-0771-470d-980e-b11ce6334eda"}}],"isEnd":true}}]}},{"id":"61ec464c-8115-4a1f-bb0f-0f5e8bc49564","eClass":"sysml:EndFeatureMembership","data":{"elementId":"4effce41-b946-4392-a8b8-0b6cd0623eeb","ownedRelatedElement":[{"id":"d170dbcf-ee0a-4a5b-b86b-cc621dbdbbcb","eClass":"sysml:Feature","data":{"elementId":"fed20100-b90e-4f95-ba97-c347ef41a9db","ownedRelationship":[{"id":"b1d40bcd-bcfa-46a1-9741-1c284334fb5c","eClass":"sysml:ReferenceSubsetting","data":{"declaredName":"references","elementId":"899e64f6-51ee-4b77-a399-2ade3d3f4fa9","referencedFeature":"0d8291fa-78d9-45ca-a22b-afcee028d03b"}}],"isEnd":true}}]}}],"isComposite":true}}]}},{"id":"4e853ed0-42ff-4659-9f22-27a16b3d25ab","eClass":"sysml:FeatureMembership","data":{"elementId":"57697ab7-c98a-410b-866c-588ea6b5618c","ownedRelatedElement":[{"id":"23948ecd-6014-4f0d-8d2c-574ad0ab37e3","eClass":"sysml:InterfaceUsage","data":{"declaredName":"connect","elementId":"a9569304-7490-4707-a3a7-e694daae0568","ownedRelationship":[{"id":"62382ffa-554a-480c-8ddb-7b746e228b7e","eClass":"sysml:EndFeatureMembership","data":{"elementId":"2cc3dd60-50c4-4fee-90dd-365a103aafd5","ownedRelatedElement":[{"id":"38d34620-2c38-43c9-bca8-1c7f7b30d93e","eClass":"sysml:Feature","data":{"elementId":"e8f3c242-ee32-4295-9fd7-5bcc456ac3e9","ownedRelationship":[{"id":"cf0d8e93-af9d-447d-939b-6a3e8dfe4498","eClass":"sysml:ReferenceSubsetting","data":{"declaredName":"references","elementId":"4366c936-f8fe-441c-8fee-1b125d2fd1d3","referencedFeature":"0d8291fa-78d9-45ca-a22b-afcee028d03b"}}],"isEnd":true}}]}},{"id":"bc235ce3-905e-4cf0-94b6-c867d6d716fe","eClass":"sysml:EndFeatureMembership","data":{"elementId":"22e7e27a-f6b6-434f-b191-4ec1b6ed932b","ownedRelatedElement":[{"id":"20e2d8c5-7e29-4972-b9d4-e112a76d6732","eClass":"sysml:Feature","data":{"elementId":"b0eafbd3-fce2-4639-93ad-c52c1ea44468","ownedRelationship":[{"id":"60d3f886-0c2e-4489-9c87-d094fa13e530","eClass":"sysml:ReferenceSubsetting","data":{"declaredName":"references","elementId":"4130460a-8b8b-40ec-817a-b0a135c1baaf","referencedFeature":"97fc8a31-7c85-43e7-85de-0c22182566c9"}}],"isEnd":true}}]}}],"isComposite":true}}]}},{"id":"f42be09c-8e43-48a2-8771-bb5c5dd8bb99","eClass":"sysml:FeatureMembership","data":{"elementId":"c3b998f2-6786-4c32-8cf5-a4cc1a995971","ownedRelatedElement":[{"id":"ca97709e-742f-4b80-9018-18c85741a989","eClass":"sysml:PartUsage","data":{"declaredName":"wallDisplay","elementId":"199bed7f-aab1-4091-af73-cc788ace1d7e","ownedRelationship":[{"id":"2598c77a-b05d-418a-85ce-f3e9f87f4e44","eClass":"sysml:FeatureTyping","data":{"declaredName":"typed by","elementId":"13a1d09d-6823-4baa-8b34-4a4d79e36695","type":"92cdb807-6f99-42fc-9c95-8f4764c291cf","typedFeature":"199bed7f-aab1-4091-af73-cc788ace1d7e"}},{"id":"775080d7-37ce-43e5-af9c-a0bc57bf127d","eClass":"sysml:FeatureMembership","data":{"elementId":"f1ffc737-e5d0-49d9-a834-a0a418522825","ownedRelatedElement":[{"id":"ca056a8f-38dd-4277-a8e4-456f72683210","eClass":"sysml:PortUsage","data":{"declaredName":"port","elementId":"f68fb5be-e0cf-4ce4-8a70-9f143af3788f","direction":"inout","isComposite":true}}]}}],"isComposite":true}}]}},{"id":"96d0bd16-15b3-4ae6-9c5a-c0a253e94f65","eClass":"sysml:FeatureMembership","data":{"elementId":"dad9fa90-3743-41cf-b7da-a17403eba5fb","ownedRelatedElement":[{"id":"f5525332-feec-47f8-940d-8073d029bcdc","eClass":"sysml:BindingConnectorAsUsage","data":{"declaredName":"bind","elementId":"c81c1d92-5745-4909-9c88-9d3b1ee98d7c","ownedRelationship":[{"id":"40f1df2c-6a28-42c5-8ec1-19aa507af5c8","eClass":"sysml:EndFeatureMembership","data":{"elementId":"905f60a0-f2f8-42ae-a594-37f98c933f59","ownedRelatedElement":[{"id":"7efa4b37-2f6b-4838-a79a-030f96e439ee","eClass":"sysml:Feature","data":{"elementId":"99822f43-51dd-4d8b-abd5-66a2e7f7b482","ownedRelationship":[{"id":"a7776c71-16e6-4067-a92e-82fb51154955","eClass":"sysml:ReferenceSubsetting","data":{"declaredName":"references","elementId":"ed5d098f-13c4-4c5e-a69d-b667e7d54d49","referencedFeature":"f68fb5be-e0cf-4ce4-8a70-9f143af3788f"}}],"isEnd":true}}]}},{"id":"a5c7f0da-b1aa-47de-8030-20c1bc2cc95f","eClass":"sysml:EndFeatureMembership","data":{"elementId":"22c4f104-0abb-4a74-b235-d1f65d81e9ed","ownedRelatedElement":[{"id":"6fc32e45-2c5e-425c-9ef7-b119c4bfd75b","eClass":"sysml:Feature","data":{"elementId":"be841e81-c0ef-4de2-b3a6-852bfce88c56","ownedRelationship":[{"id":"c331d435-7d08-4e7a-9515-86770465a668","eClass":"sysml:ReferenceSubsetting","data":{"declaredName":"references","elementId":"8979c1e1-bc46-486b-8912-52b9496045f0","referencedFeature":"97fc8a31-7c85-43e7-85de-0c22182566c9"}}],"isEnd":true}}]}}]}}]}},{"id":"37b937bf-aa0e-490b-96ef-b8a0eb33e82a","eClass":"sysml:FeatureMembership","data":{"elementId":"501ae5f5-fc84-4f7a-bac9-ac44e7a635f5","ownedRelatedElement":[{"id":"dff33dd6-7270-49bf-ba68-160d5c2e512b","eClass":"sysml:BindingConnectorAsUsage","data":{"declaredName":"bind","elementId":"f785c92d-063c-482f-aebc-a9f73932522b","ownedRelationship":[{"id":"367e760a-0a03-4b77-acf3-8cf6fa889fa9","eClass":"sysml:EndFeatureMembership","data":{"elementId":"c039cb73-6a63-4ab6-8618-d3bb765f855c","ownedRelatedElement":[{"id":"38b43d31-db0f-4346-8797-87c328bd836c","eClass":"sysml:Feature","data":{"elementId":"69a742f5-3be7-46d5-bd37-675366e6e14c","ownedRelationship":[{"id":"bc91bae3-2250-4ee3-a70d-1d54f4ede13e","eClass":"sysml:ReferenceSubsetting","data":{"declaredName":"references","elementId":"1f492edf-b5e5-49a9-a912-ed03f588dc17","referencedFeature":"f68fb5be-e0cf-4ce4-8a70-9f143af3788f"}}],"isEnd":true}}]}},{"id":"5f0ddc09-b318-47c7-b9b2-cc92b4c37b0c","eClass":"sysml:EndFeatureMembership","data":{"elementId":"7d120cf3-bff8-463c-9412-78b4ddf87b29","ownedRelatedElement":[{"id":"1a9f2175-d330-4f38-b5bf-4eb634d7e143","eClass":"sysml:Feature","data":{"elementId":"06010374-2ef9-4436-98bf-67ba00df3dc8","ownedRelationship":[{"id":"7b46adb9-42cc-48a5-b31f-8a535fd2ad6a","eClass":"sysml:ReferenceSubsetting","data":{"declaredName":"references","elementId":"9a07ad8e-38be-478f-a066-6b36157c1062","referencedFeature":"36f60998-0771-470d-980e-b11ce6334eda"}}],"isEnd":true}}]}}]}}]}},{"id":"9a5918bc-cac2-4087-a4c1-471b0bce04ef","eClass":"sysml:FeatureMembership","data":{"elementId":"5c2cace1-bbfb-4440-a944-03b04fd55eb7","ownedRelatedElement":[{"id":"cc52cc3f-d58c-468b-9910-c41dd05f28d4","eClass":"sysml:PartUsage","data":{"declaredName":"textCapture","elementId":"c138e7f4-ad42-48b5-9aa2-6e858caecdec","ownedRelationship":[{"id":"a8bdbd20-9dfd-4949-95d0-e27c0688b7a7","eClass":"sysml:FeatureTyping","data":{"declaredName":"typed by","elementId":"c15cc439-697b-4cd8-920b-06015465109e","type":"76cf3d5c-b406-4daa-a29a-d6f3f6c6a59b","typedFeature":"c138e7f4-ad42-48b5-9aa2-6e858caecdec"}},{"id":"3cdfe69a-c940-451e-b5bf-9461206b0eb4","eClass":"sysml:FeatureMembership","data":{"elementId":"8f8bd7f3-ea17-4b7d-a07a-a96b22f16824","ownedRelatedElement":[{"id":"b4cbd30b-3b1a-4f40-bb8e-f62d3861da2f","eClass":"sysml:PortUsage","data":{"declaredName":"port","elementId":"1255091b-7800-476d-bc4b-462c27e5e2c5","direction":"inout","isComposite":true}}]}}],"isComposite":true}}]}},{"id":"5f5ad5f8-01d6-4926-a785-d0a4a763ca4c","eClass":"sysml:FeatureMembership","data":{"elementId":"3b73a509-9935-42c8-a146-0cfe618cdef0","ownedRelatedElement":[{"id":"10e6d512-18ae-43cf-8435-b2302cf8d45d","eClass":"sysml:BindingConnectorAsUsage","data":{"declaredName":"bind","elementId":"9202da51-1706-4519-a470-f3c74689b4fd","ownedRelationship":[{"id":"3b9cd581-ead2-4288-b95d-3dedb60a57ae","eClass":"sysml:EndFeatureMembership","data":{"elementId":"545853fa-6968-48e3-af12-f6f2504a9946","ownedRelatedElement":[{"id":"c8a992d3-87be-44e1-b219-b51c264f39ad","eClass":"sysml:Feature","data":{"elementId":"aceba9dd-0ae0-4632-b2d6-4a29565aee9f","ownedRelationship":[{"id":"5be4d6e4-9e39-436a-9865-a0817514480f","eClass":"sysml:ReferenceSubsetting","data":{"declaredName":"references","elementId":"8c3d8e29-bd4a-4c38-9c9b-5fbc7ddd6ce3","referencedFeature":"f68fb5be-e0cf-4ce4-8a70-9f143af3788f"}}],"isEnd":true}}]}},{"id":"f52eb400-7b83-4d8b-aa07-7e7f11d34335","eClass":"sysml:EndFeatureMembership","data":{"elementId":"67619c50-633e-4347-b17b-ec34aaf8bb94","ownedRelatedElement":[{"id":"89bddcf8-83ce-4e43-839a-b8ba61b177a2","eClass":"sysml:Feature","data":{"elementId":"fb956020-657f-4c61-af2b-55331e2dba7e","ownedRelationship":[{"id":"312e11c7-4440-4b21-9c39-42431db04145","eClass":"sysml:ReferenceSubsetting","data":{"declaredName":"references","elementId":"be4bf7b5-10cf-4a73-8217-84e497308715","referencedFeature":"1255091b-7800-476d-bc4b-462c27e5e2c5"}}],"isEnd":true}}]}}]}}]}},{"id":"953a7f85-b9ac-405b-b030-bc41a6b7671b","eClass":"sysml:FeatureMembership","data":{"elementId":"714aeb31-976a-4c55-9f87-53838379b810","ownedRelatedElement":[{"id":"211fe46d-9191-4e50-abfe-12d249bd264e","eClass":"sysml:BindingConnectorAsUsage","data":{"declaredName":"bind","elementId":"34abd2b0-1336-484c-8b6a-c6862365dc63","ownedRelationship":[{"id":"eec7c3a9-ee39-4f66-8206-c7d6c222c77c","eClass":"sysml:EndFeatureMembership","data":{"elementId":"420c625d-76d0-4f7e-8a20-8db8f77c6892","ownedRelatedElement":[{"id":"f489b836-474e-4534-8d7f-50998553e27e","eClass":"sysml:Feature","data":{"elementId":"84befc48-4bf2-4029-ab22-abf4be8ff87c","ownedRelationship":[{"id":"fb316601-47e0-4a9b-96f1-c4d384939869","eClass":"sysml:ReferenceSubsetting","data":{"declaredName":"references","elementId":"e4e1857a-ebaa-47af-87de-8b7c1185ca0d","referencedFeature":"0d8291fa-78d9-45ca-a22b-afcee028d03b"}}],"isEnd":true}}]}},{"id":"16a51e7d-f46b-40f8-92a3-431b3d35115b","eClass":"sysml:EndFeatureMembership","data":{"elementId":"507482a7-0bdd-4df4-9cb6-4b97b0853d17","ownedRelatedElement":[{"id":"f1e7ea09-8af8-4f65-bcd5-e15fd481eeca","eClass":"sysml:Feature","data":{"elementId":"ea5e995e-a722-43be-b12c-e69b0fe71ad0","ownedRelationship":[{"id":"28a4ca32-c599-4129-87fe-e0bc45c3fcfe","eClass":"sysml:ReferenceSubsetting","data":{"declaredName":"references","elementId":"cdc7c14c-61d0-4122-bba8-e401a6c85e9b","referencedFeature":"1255091b-7800-476d-bc4b-462c27e5e2c5"}}],"isEnd":true}}]}}]}}]}}]}}],"memberElement":"73aca416-06af-4054-aa5f-e6db5bac8284"}},{"id":"21e8ba70-a214-49f1-ae81-4e307e661f92","eClass":"sysml:OwningMembership","data":{"elementId":"947d46cd-7d28-48df-a083-7d6e9d9735da","ownedRelatedElement":[{"id":"4440bf99-b158-4006-8422-b338ae6995f2","eClass":"sysml:PortDefinition","data":{"declaredName":"IdeaPort","elementId":"02d7e1fa-2df9-4ec0-aeb6-dd551319d4b7"}}],"memberElement":"02d7e1fa-2df9-4ec0-aeb6-dd551319d4b7"}},{"id":"51799acd-9ae7-40c5-a54c-1c6aa27d35c5","eClass":"sysml:OwningMembership","data":{"elementId":"9ba61ec3-175d-4ffa-9716-d1974aca5230","ownedRelatedElement":[{"id":"10857683-c3b1-4e01-b749-3bea50b8c7f7","eClass":"sysml:PortDefinition","data":{"declaredName":"DisplayPort","elementId":"9271be5e-e257-40c7-b14e-59d948138a78"}}],"memberElement":"9271be5e-e257-40c7-b14e-59d948138a78"}},{"id":"3e4767f3-7640-416f-a3de-fdf9cba5af01","eClass":"sysml:OwningMembership","data":{"elementId":"18e78cc2-7e60-4dcc-b556-913bad302b18","ownedRelatedElement":[{"id":"633276b5-b3fc-4896-8cc8-2253077b4ef7","eClass":"sysml:PortDefinition","data":{"declaredName":"ConnectionPort","elementId":"acb22ee6-734a-481a-b1a7-e1810dbc2bba"}}],"memberElement":"acb22ee6-734a-481a-b1a7-e1810dbc2bba"}},{"id":"9fcff6d8-f808-4d67-b521-9439b433a774","eClass":"sysml:OwningMembership","data":{"elementId":"b47fe69f-a497-4439-8f46-a8fb84554af1","ownedRelatedElement":[{"id":"25600f4d-f6da-4908-a115-7d51a7525129","eClass":"sysml:EnumerationDefinition","data":{"declaredName":"CaptureType","elementId":"e2faec35-c3ca-4322-b0f0-811b0f5a30b4","ownedRelationship":[{"id":"e7a44dcf-a8a3-4efa-afde-9a2649d1dbf2","eClass":"sysml:VariantMembership","data":{"elementId":"73c34721-12f4-417b-a1e6-072457c2b7da","ownedRelatedElement":[{"id":"ebdaae04-03a2-414f-8918-4ad298c0c3ef","eClass":"sysml:EnumerationUsage","data":{"declaredName":"Text","elementId":"0af67d41-3b19-498c-8619-4ac4a8f050ce"}}]}}]}}],"memberElement":"e2faec35-c3ca-4322-b0f0-811b0f5a30b4"}},{"id":"441ba377-c22f-4950-9d0c-1759293114a5","eClass":"sysml:OwningMembership","data":{"elementId":"992b2e34-b9c3-4e20-9389-f336dabe6192","ownedRelatedElement":[{"id":"17fc8c59-e816-41e2-923e-97fc3aacec54","eClass":"sysml:Dependency","data":{"declaredName":"dependency","elementId":"9e6d8318-42f2-479c-adce-2540f081487a","client":["92cdb807-6f99-42fc-9c95-8f4764c291cf"],"supplier":["211b066d-009e-45bc-9b14-acb8fc71b3e6"]}}]}},{"id":"5ca174df-f039-46d9-8212-affabc786ba5","eClass":"sysml:OwningMembership","data":{"elementId":"56677491-7698-4c5f-a901-54b9d3c29451","ownedRelatedElement":[{"id":"4bf8d8c1-5afb-4e31-8bdb-e67489becd4c","eClass":"sysml:Dependency","data":{"declaredName":"dependency","elementId":"ab5b5167-b5c0-4116-91ce-774ee67e871d","client":["76cf3d5c-b406-4daa-a29a-d6f3f6c6a59b"],"supplier":["4a2a9d5e-198f-41dd-a0a2-480f42a902b6"]}}]}}]}}]}}]}}]}},{"id":"4530c8c4-596b-40ec-ac77-5c30729da99d","eClass":"sysml:OwningMembership","data":{"elementId":"57d53363-d6ec-494d-bb4c-9e3a3534b9d8","ownedRelatedElement":[{"id":"37597563-46dc-44d5-afd9-9debf8a8ad0c","eClass":"sysml:Package","data":{"declaredName":"PoC1: Flip and OfficeLens","elementId":"428be34f-6784-409b-aed5-503e4819fca7","ownedRelationship":[{"id":"72e02b7b-8e27-4252-9aef-3395fe68bffe","eClass":"sysml:OwningMembership","data":{"elementId":"6b391a3a-d424-40d7-b514-68918ce6ef48","ownedRelatedElement":[{"id":"596aeb05-6413-4d4c-a44b-af8b928e9687","eClass":"sysml:Package","data":{"declaredName":"IdeaWallProofOfConcept","elementId":"109457ab-da9e-40d9-a21b-41ed99ef8a5e","ownedRelationship":[{"id":"badb766e-9ba8-4dee-a4c5-3fec9d40716f","eClass":"sysml:OwningMembership","data":{"elementId":"bef979b9-7136-462b-9117-dd93236712d8","ownedRelatedElement":[{"id":"441e652a-7f11-4cdf-ac3b-045f48f27e09","eClass":"sysml:PartDefinition","data":{"declaredName":"IdeaWallProduct","elementId":"04384b5f-f75d-44a4-83a4-f02b0fbe6695","ownedRelationship":[{"id":"336fdd1d-e3c3-44ff-ae96-2cf18f6cb4dd","eClass":"sysml:FeatureMembership","data":{"elementId":"0353f41e-100f-4c2a-b8c0-20666abe6674","ownedRelatedElement":[{"id":"fe6a63b3-ce95-4459-8b08-76876ca6b012","eClass":"sysml:PartUsage","data":{"declaredName":"ideaCaptureModule","elementId":"1f37f8b3-5688-4d64-b473-3ad2b6406637","ownedRelationship":[{"id":"48e4ff75-e4af-41cb-b228-3eda47dd0cb1","eClass":"sysml:FeatureMembership","data":{"elementId":"7c229f32-f7a7-4a54-ad79-c2c975c70390","ownedRelatedElement":[{"id":"a17aec99-6a4c-411b-93f5-042c303ef99a","eClass":"sysml:PortUsage","data":{"declaredName":"capturePort","elementId":"1a569037-3369-4845-940c-ea8ff55df345","ownedRelationship":[{"id":"1331a803-c4b4-4dc0-ab3a-592a8e8c0962","eClass":"sysml:FeatureTyping","data":{"elementId":"824b8e37-f807-45fc-bc5c-3cc41b60cbb6","type":"1c6dc18f-8d20-454a-ad91-e8969351c381","typedFeature":"1a569037-3369-4845-940c-ea8ff55df345"}}]}}],"memberElement":"1a569037-3369-4845-940c-ea8ff55df345"}},{"id":"8f42a696-a543-4d09-bdbf-9c39d2487c35","eClass":"sysml:FeatureTyping","data":{"elementId":"d05d6437-d310-49c8-9d9a-cde0a66aed0f","type":"4a2a9d5e-198f-41dd-a0a2-480f42a902b6","typedFeature":"1f37f8b3-5688-4d64-b473-3ad2b6406637"}}]}}],"memberElement":"1f37f8b3-5688-4d64-b473-3ad2b6406637"}},{"id":"96ea566b-4aab-41c7-adde-dfbfa47baa75","eClass":"sysml:FeatureMembership","data":{"elementId":"4cc1b5d4-a0da-4b7a-9611-b41f8f127931","ownedRelatedElement":[{"id":"45006973-223b-4470-ae81-8efec24d6472","eClass":"sysml:PartUsage","data":{"declaredName":"displayModule","elementId":"553ef816-2283-4267-8d96-4e64edc93848","ownedRelationship":[{"id":"178e168b-013d-4c40-9f2d-843401a95179","eClass":"sysml:FeatureMembership","data":{"elementId":"bdd41dfc-2682-4a38-8780-9c86a14d73f1","ownedRelatedElement":[{"id":"0b0c18f7-8b6c-42c5-8df5-2409e7f36d0b","eClass":"sysml:PortUsage","data":{"declaredName":"displayPort","elementId":"12da7c95-a146-41f0-9c5b-94f66c9165b6","ownedRelationship":[{"id":"9c493cdc-c5e0-41cb-8e48-e69873a5121a","eClass":"sysml:FeatureTyping","data":{"elementId":"905774d1-e627-4917-bcfb-fb7676a46f89","type":"1f76834d-7977-42a1-be58-880518efcae7","typedFeature":"12da7c95-a146-41f0-9c5b-94f66c9165b6"}}]}}],"memberElement":"12da7c95-a146-41f0-9c5b-94f66c9165b6"}},{"id":"1806fa05-395f-4af3-8fab-796b30e615b5","eClass":"sysml:FeatureTyping","data":{"elementId":"9113cdff-6e84-4a50-bdf4-3053d4618782","type":"211b066d-009e-45bc-9b14-acb8fc71b3e6","typedFeature":"553ef816-2283-4267-8d96-4e64edc93848"}}]}}],"memberElement":"553ef816-2283-4267-8d96-4e64edc93848"}},{"id":"e84d3179-80d6-4218-863e-b46343c138f6","eClass":"sysml:FeatureMembership","data":{"elementId":"fbf62783-5014-4de8-9d15-9fc7f0c71c44","ownedRelatedElement":[{"id":"69179016-79f6-4f0d-a699-f772d3f9951a","eClass":"sysml:PartUsage","data":{"declaredName":"connectivityModule","elementId":"c869ee65-d0b4-4b6f-8610-b97121aef883","ownedRelationship":[{"id":"f01c807c-70e7-47e8-9230-d505d4454ce1","eClass":"sysml:FeatureMembership","data":{"elementId":"b4e1abff-2e9d-400c-8abc-a570de0ee95f","ownedRelatedElement":[{"id":"6f56acff-fd6e-40a3-b89b-8ab5fc988872","eClass":"sysml:PortUsage","data":{"declaredName":"connectionPort","elementId":"0bb57674-946e-440f-86cb-936762b831df","ownedRelationship":[{"id":"6e8dded1-93a0-4cc7-aa89-c683f7c3cc98","eClass":"sysml:FeatureTyping","data":{"elementId":"b2e076a4-a8c9-4256-b11b-a236113c1a34","type":"d3ffed4d-5114-488a-8cc2-e48afbb468ed","typedFeature":"0bb57674-946e-440f-86cb-936762b831df"}}]}}],"memberElement":"0bb57674-946e-440f-86cb-936762b831df"}},{"id":"d005e36b-ff50-438d-9d1f-1e2babb62e60","eClass":"sysml:FeatureTyping","data":{"elementId":"9d9f0078-c058-41f3-9970-a7c53618e39c","type":"2df22358-29d4-4b05-89a2-64d5ef050a94","typedFeature":"c869ee65-d0b4-4b6f-8610-b97121aef883"}}]}}],"memberElement":"c869ee65-d0b4-4b6f-8610-b97121aef883"}},{"id":"194bdc28-d759-463f-926b-fd5b025edc7e","eClass":"sysml:FeatureMembership","data":{"elementId":"f15f1a7e-16eb-4288-9d20-9cd4586af418","ownedRelationship":[{"id":"1063c9bf-d46d-462c-ad37-f0ab5e87d453","eClass":"sysml:InterfaceUsage","data":{"declaredName":"captureToConnection","elementId":"612b5edc-104e-4e8e-9952-287e16d244d2","source":["f15f1a7e-16eb-4288-9d20-9cd4586af418"]}}]}},{"id":"45c37335-e552-4625-8166-ac3edb96b954","eClass":"sysml:FeatureMembership","data":{"elementId":"f5786bac-cbd6-4721-91e4-51c5709a2b33","ownedRelationship":[{"id":"60e8ccc2-c1f7-42aa-ae55-f09aed35d3e5","eClass":"sysml:InterfaceUsage","data":{"declaredName":"connectionToDisplay","elementId":"1a79dcfa-bd7b-496e-a1e1-4897f0d5efef","source":["f5786bac-cbd6-4721-91e4-51c5709a2b33"]}}]}}]}}],"memberElement":"04384b5f-f75d-44a4-83a4-f02b0fbe6695"}},{"id":"c21d282f-088c-483a-b1ab-aaced00de9c4","eClass":"sysml:OwningMembership","data":{"elementId":"39fc58d6-28b7-4c93-ae8e-b1d02ae248de","ownedRelatedElement":[{"id":"706c5602-0afa-4f59-944a-f4ee4f529c51","eClass":"sysml:PartDefinition","data":{"declaredName":"MicrosoftOfficeLens","elementId":"4a2a9d5e-198f-41dd-a0a2-480f42a902b6","ownedRelationship":[{"id":"cbabdc59-61ec-4c86-b3fa-3e98085be10d","eClass":"sysml:FeatureMembership","data":{"elementId":"caffb735-613e-4a70-809d-e178e4c6b20f","ownedRelatedElement":[{"id":"97f1f805-38c0-4fae-90da-a3b0826dd523","eClass":"sysml:AttributeUsage","data":{"declaredName":"captureType","elementId":"49a623ba-253a-4aa2-8b5f-473374ecc429","ownedRelationship":[{"id":"39df1a21-1ca5-48a6-95e3-9641b2b577b8","eClass":"sysml:FeatureTyping","data":{"elementId":"e62fb39d-5a23-4edf-be6d-4608d53b6e67","type":"bbb38840-2303-4187-a142-18ddd6d7149e","typedFeature":"49a623ba-253a-4aa2-8b5f-473374ecc429"}},{"id":"7d503c7c-d8f6-479b-8474-014c592bde1b","eClass":"sysml:FeatureValue","data":{"elementId":"a72db8ec-2899-4037-86ef-21281f0ce48d","ownedRelatedElement":[{"id":"537db98a-c4a4-4a5f-ae07-07da7ec6722f","eClass":"sysml:FeatureReferenceExpression","data":{"elementId":"3d0dd256-3136-4ffc-8568-d42285005966","ownedRelationship":[{"id":"7fef89b6-b2df-43f8-b45d-048f4cd747fb","eClass":"sysml:Membership","data":{"elementId":"e7a564b0-fae8-4711-9e8a-5ea5b0d0e5ec"}}]}}],"memberElement":"3d0dd256-3136-4ffc-8568-d42285005966"}}]}}],"memberElement":"49a623ba-253a-4aa2-8b5f-473374ecc429"}},{"id":"6f445940-7f98-4bac-8c3f-0b04fa83e29f","eClass":"sysml:FeatureMembership","data":{"elementId":"7a740120-a8f4-459b-ba30-79d506c7bb61","ownedRelatedElement":[{"id":"7814bd36-ebe4-4963-8dbb-974ed4e38033","eClass":"sysml:PortUsage","data":{"declaredName":"capturePort","elementId":"7302485c-8f5c-462a-838a-8cf3927dc56e","ownedRelationship":[{"id":"f7fee3e7-6c15-4d27-9f8c-973c6c79ea67","eClass":"sysml:FeatureTyping","data":{"elementId":"bd916423-14b2-4259-bf97-53d3a12b3e01","type":"1c6dc18f-8d20-454a-ad91-e8969351c381","typedFeature":"7302485c-8f5c-462a-838a-8cf3927dc56e"}}]}}],"memberElement":"7302485c-8f5c-462a-838a-8cf3927dc56e"}}]}}],"memberElement":"4a2a9d5e-198f-41dd-a0a2-480f42a902b6"}},{"id":"1ebde1c0-dc7c-457c-a6f1-208ebaf27594","eClass":"sysml:OwningMembership","data":{"elementId":"5defca9f-0194-4be7-9828-b1475e6ee302","ownedRelatedElement":[{"id":"3c5a6b1a-bad9-4691-9cba-5fedbfeb0b99","eClass":"sysml:PartDefinition","data":{"declaredName":"SamsungFlip","elementId":"211b066d-009e-45bc-9b14-acb8fc71b3e6","ownedRelationship":[{"id":"98e853d4-c56c-4224-b673-3f42a7254115","eClass":"sysml:FeatureMembership","data":{"elementId":"194f6818-b9c3-4cdb-8a8a-bc790c64de49","ownedRelatedElement":[{"id":"e0e796b3-ccaa-4602-ad7c-617f3254f7c3","eClass":"sysml:AttributeUsage","data":{"declaredName":"displayType","elementId":"6ca6a655-f340-48b0-b62c-ab9a6f0dfa63","ownedRelationship":[{"id":"eb8435e6-0149-437a-9ffe-7797673604aa","eClass":"sysml:FeatureTyping","data":{"elementId":"ea0e89c6-c55f-4077-aa0c-9d8925b5cb40","typedFeature":"6ca6a655-f340-48b0-b62c-ab9a6f0dfa63"}},{"id":"28099bd7-1954-42aa-aa53-ce3434adbe87","eClass":"sysml:FeatureValue","data":{"elementId":"7c9f6e3e-cfc5-4427-a505-d2b0e2e4b67f","ownedRelatedElement":[{"id":"fd6f9d44-4111-4dfa-8dc1-430e071eee45","eClass":"sysml:FeatureReferenceExpression","data":{"elementId":"e2b205ba-1c04-4e3f-a11e-9f69edf7a0ee","ownedRelationship":[{"id":"c205b56b-6675-48fa-b7e9-e4f5ccb964a1","eClass":"sysml:Membership","data":{"elementId":"e03698ee-7432-49d9-8f7c-199bc3b5d1cc"}}]}}],"memberElement":"e2b205ba-1c04-4e3f-a11e-9f69edf7a0ee"}}]}}]}},{"id":"6f7da56e-c454-413c-bed6-6744696769b5","eClass":"sysml:FeatureMembership","data":{"elementId":"5ccbe723-5383-46bc-877f-7066be703aaf","ownedRelatedElement":[{"id":"c0073cd3-a3f3-458c-ab17-57d23b8ad5e6","eClass":"sysml:PortUsage","data":{"declaredName":"displayPort","elementId":"712f99f1-14d7-42b6-b947-f6c90dff708b","ownedRelationship":[{"id":"ced8cdef-3ef9-4129-89aa-20fdd88019b5","eClass":"sysml:FeatureTyping","data":{"elementId":"1094bccb-6dad-484f-a953-504727d55a94","typedFeature":"712f99f1-14d7-42b6-b947-f6c90dff708b"}}]}}]}},{"id":"86526037-cc2c-40ad-ab2a-0a4e9a370f72","eClass":"sysml:FeatureMembership","data":{"elementId":"212cfdef-07d7-4606-ad4e-63200e029bb8","ownedRelatedElement":[{"id":"21ac9d44-15d3-40a2-8c3b-e0cc6630539b","eClass":"sysml:PerformActionUsage","data":{"declaredName":"displayContent","elementId":"32dae36a-ac18-4343-a8df-1eb98e5a90b6","ownedRelationship":[{"id":"16136ee5-a47c-4fbc-ac72-b5f6299b9225","eClass":"sysml:OwningMembership","data":{"elementId":"a173d8f9-7349-4ef0-86ff-96af1098191c","ownedRelatedElement":[{"id":"10432fd0-7909-46ad-9b9d-669e1dbdf0ad","eClass":"sysml:Documentation","data":{"elementId":"0c3e0851-a437-434a-93fa-4b295b9c6111","body":"Displays ideas and visual content on the screen."}}],"memberElement":"0c3e0851-a437-434a-93fa-4b295b9c6111"}}]}}]}},{"id":"8c510b4c-0dbe-429c-9b46-5d54be6d49ab","eClass":"sysml:FeatureMembership","data":{"elementId":"c628e042-ec7b-4991-991e-bd0a1bfa6e46","ownedRelatedElement":[{"id":"181640f0-1f33-4d71-ac80-2c9c3bdf741e","eClass":"sysml:PerformActionUsage","data":{"declaredName":"annotateContent","elementId":"2e99b173-4305-4f09-98d8-9ccbae45e5e6","ownedRelationship":[{"id":"30c7e290-1e05-4082-9b11-b6cf42e2af6f","eClass":"sysml:OwningMembership","data":{"elementId":"e6d18dc1-aeae-46e2-bee8-5dd6ed272ed8","ownedRelatedElement":[{"id":"7c48f2db-6048-41d7-9f6c-0e1f194fdd46","eClass":"sysml:Documentation","data":{"elementId":"7660d4e6-f72b-4417-8cf0-2625d249ff20","body":"Allows users to annotate or draw on displayed content using touch or a stylus."}}],"memberElement":"7660d4e6-f72b-4417-8cf0-2625d249ff20"}},{"id":"eb37575a-ba4a-4b53-a5de-ac966136e933","eClass":"sysml:FeatureMembership","data":{"elementId":"099a131f-f3f9-4b1c-a108-8b3388ba339a","ownedRelatedElement":[{"id":"aac5a4cd-df58-4468-be70-a4da69162e7d","eClass":"sysml:ReferenceUsage","data":{"declaredName":"annotation","elementId":"a0d08bab-499f-486a-a4cc-8c23ceb8fa29","ownedRelationship":[{"id":"8af55c38-3c19-4f0c-9ad3-c5dff646e929","eClass":"sysml:FeatureTyping","data":{"elementId":"95da9fa6-6a51-441a-b757-4ab1a2fd1fdb","typedFeature":"a0d08bab-499f-486a-a4cc-8c23ceb8fa29"}}]}}],"memberElement":"a0d08bab-499f-486a-a4cc-8c23ceb8fa29"}}]}}]}},{"id":"5ecd7b86-c487-4a55-81eb-c00e2b8f13d3","eClass":"sysml:FeatureMembership","data":{"elementId":"4998b151-35bc-4060-a9ec-6dee0530435a","ownedRelatedElement":[{"id":"783ff506-c230-4f12-a96e-13a350b17c86","eClass":"sysml:PerformActionUsage","data":{"declaredName":"shareScreen","elementId":"7e776fa6-18ef-4c8d-9c51-53e6ba9acf12","ownedRelationship":[{"id":"3939bc2f-fa79-4980-b536-cfbc19938384","eClass":"sysml:OwningMembership","data":{"elementId":"9f15eb04-59c7-4271-9e24-fe77b59eca10","ownedRelatedElement":[{"id":"8ba52512-dc9c-4636-a671-259cb09b0afd","eClass":"sysml:Documentation","data":{"elementId":"75112e2b-a117-4493-abec-d42e183bf8f9","body":"Shares the current display with connected devices or remote displays."}}],"memberElement":"75112e2b-a117-4493-abec-d42e183bf8f9"}},{"id":"1fa19fd7-8969-4604-bd35-4247a9b98da8","eClass":"sysml:FeatureMembership","data":{"elementId":"b3bd5fdf-96f9-458f-91fa-2a0f80ae9c18","ownedRelatedElement":[{"id":"854aa272-8231-4911-a112-732df030ad7a","eClass":"sysml:ReferenceUsage","data":{"declaredName":"sharedContent","elementId":"0fca6f7f-b998-4078-ba0f-993a0f891af7","ownedRelationship":[{"id":"ab5ab3cd-1021-4264-b6e0-2e5d1e51a71a","eClass":"sysml:FeatureTyping","data":{"elementId":"2067f088-b09b-4b89-8b93-d11735d551b0","typedFeature":"0fca6f7f-b998-4078-ba0f-993a0f891af7"}}]}}],"memberElement":"0fca6f7f-b998-4078-ba0f-993a0f891af7"}}]}}]}},{"id":"85e254fa-f638-4d25-bd9c-92093ebef109","eClass":"sysml:FeatureMembership","data":{"elementId":"2ac274fa-33af-4961-a758-88f699ef5f7d","ownedRelatedElement":[{"id":"fb25f013-8773-437d-a08a-9b02d2dc1d17","eClass":"sysml:PerformActionUsage","data":{"declaredName":"saveSession","elementId":"38589b38-a62a-4ceb-bc8f-3e64159242a4","ownedRelationship":[{"id":"78548199-f85d-4360-8021-bcbd50799fd5","eClass":"sysml:OwningMembership","data":{"elementId":"8b74578a-842b-4c7b-9d59-0359fe5da0d2","ownedRelatedElement":[{"id":"9f1e7355-52d5-430e-b15c-eccdc91d074a","eClass":"sysml:Documentation","data":{"elementId":"fc5ff747-e711-4bee-8068-ff99ff1710a0","body":"Saves the current screen or session to the cloud or internal memory."}}],"memberElement":"fc5ff747-e711-4bee-8068-ff99ff1710a0"}},{"id":"f0e18863-0185-4f4c-9307-e3851d301ccc","eClass":"sysml:FeatureMembership","data":{"elementId":"6333b0a3-7717-4c23-8ee9-b67bec481024","ownedRelatedElement":[{"id":"e5536866-9356-429f-aec5-f542230c1844","eClass":"sysml:ReferenceUsage","data":{"declaredName":"sessionData","elementId":"84d9ad7a-f4e7-47ce-bfa2-c167d9f565e0","ownedRelationship":[{"id":"6ae7a081-f686-4ab9-9090-78274725da7f","eClass":"sysml:FeatureTyping","data":{"elementId":"03b83d4a-c366-477c-82ac-a2a64e87271c","typedFeature":"84d9ad7a-f4e7-47ce-bfa2-c167d9f565e0"}}]}}],"memberElement":"84d9ad7a-f4e7-47ce-bfa2-c167d9f565e0"}}]}}]}}]}}],"memberElement":"211b066d-009e-45bc-9b14-acb8fc71b3e6"}},{"id":"16277a5b-bb29-42b1-ba59-2771343b1cc3","eClass":"sysml:OwningMembership","data":{"elementId":"fa155732-c854-4174-bf7a-4cc0a2848025","ownedRelatedElement":[{"id":"6c846788-f8a8-458a-8a12-f3e06a98a896","eClass":"sysml:PartDefinition","data":{"declaredName":"ConnectivityModule","elementId":"2df22358-29d4-4b05-89a2-64d5ef050a94","ownedRelationship":[{"id":"c3cc1a48-96be-4dc5-acf0-ac468d6e478a","eClass":"sysml:FeatureMembership","data":{"elementId":"aabf7f3e-faf4-41b2-a2b7-7b91109795a7","ownedRelatedElement":[{"id":"5d6a5610-aabc-466c-87dd-26e326c0fa51","eClass":"sysml:AttributeUsage","data":{"declaredName":"communicationProtocol","elementId":"9f35c505-4748-4d7f-833d-5db6836fb20b","ownedRelationship":[{"id":"8e6f7b72-fa76-4f64-bca4-d5b8b8148aa9","eClass":"sysml:FeatureTyping","data":{"elementId":"e189c999-52a3-46cb-a52a-594d71c57a9d","typedFeature":"9f35c505-4748-4d7f-833d-5db6836fb20b"}}]}}],"memberElement":"9f35c505-4748-4d7f-833d-5db6836fb20b"}},{"id":"0f7f5015-63df-4144-aef4-c6454907a55c","eClass":"sysml:FeatureMembership","data":{"elementId":"b4998a93-84b8-4441-aa43-62022734d3e8","ownedRelatedElement":[{"id":"dfbbfbdd-fb28-432e-8ff5-75dc1e80506b","eClass":"sysml:PortUsage","data":{"declaredName":"connectionPort","elementId":"8a9fdeac-fcf1-4335-860f-8b327468fde8","ownedRelationship":[{"id":"1de76927-6af0-4dd9-94b2-ebd917c49a5a","eClass":"sysml:FeatureTyping","data":{"elementId":"df461750-d753-4dd4-947e-e8e035c01163","type":"d3ffed4d-5114-488a-8cc2-e48afbb468ed","typedFeature":"8a9fdeac-fcf1-4335-860f-8b327468fde8"}}]}}],"memberElement":"8a9fdeac-fcf1-4335-860f-8b327468fde8"}}]}}],"memberElement":"2df22358-29d4-4b05-89a2-64d5ef050a94"}},{"id":"0be8a26a-2fdf-4e5e-a6d7-9f61addfe8fd","eClass":"sysml:OwningMembership","data":{"elementId":"9a949d78-b9f8-480c-a95e-d0c6e9621516","ownedRelatedElement":[{"id":"0f67820c-5fa6-4df7-b317-0d01c94616dd","eClass":"sysml:PortDefinition","data":{"declaredName":"IdeaCapturePort","elementId":"1c6dc18f-8d20-454a-ad91-e8969351c381"}}],"memberElement":"1c6dc18f-8d20-454a-ad91-e8969351c381"}},{"id":"8f6d92b4-dde2-48f3-9ee4-4ccb02f3f3d6","eClass":"sysml:OwningMembership","data":{"elementId":"705b3ed8-00c2-4b63-a649-5fbd5ac3564f","ownedRelatedElement":[{"id":"616e2696-59ad-4c45-a559-5fc993165948","eClass":"sysml:PortDefinition","data":{"declaredName":"SamsungDisplayPort","elementId":"1f76834d-7977-42a1-be58-880518efcae7"}}],"memberElement":"1f76834d-7977-42a1-be58-880518efcae7"}},{"id":"aa602d1e-1682-40e4-afb4-ead7968826d1","eClass":"sysml:OwningMembership","data":{"elementId":"cb5e4e3f-51e1-4fc7-b3c7-7d5af6d5eace","ownedRelatedElement":[{"id":"a3af5c0a-0f20-44df-8048-b375fc06d3c7","eClass":"sysml:PortDefinition","data":{"declaredName":"ConnectionPort","elementId":"d3ffed4d-5114-488a-8cc2-e48afbb468ed"}}],"memberElement":"d3ffed4d-5114-488a-8cc2-e48afbb468ed"}},{"id":"b2ff4d3d-7318-4820-b864-da8ab072e49f","eClass":"sysml:OwningMembership","data":{"elementId":"2281ce94-8a2f-4a85-adb9-fc56136a2bca","ownedRelatedElement":[{"id":"49e00ae2-196a-49ab-a60f-72bbc7cf5067","eClass":"sysml:EnumerationDefinition","data":{"declaredName":"CaptureType","elementId":"bbb38840-2303-4187-a142-18ddd6d7149e","ownedRelationship":[{"id":"56fdb6e9-f16b-400b-a1e6-24294591e63b","eClass":"sysml:VariantMembership","data":{"elementId":"e682e9e5-212e-4fe5-aaae-8d2bebac54af","ownedRelatedElement":[{"id":"686b66c4-4837-4586-878c-f220bf6c1954","eClass":"sysml:EnumerationUsage","data":{"declaredName":"Text","elementId":"c1037d49-5a1a-485f-a2dc-af91fd7aa60f"}}]}}]}}],"memberElement":"bbb38840-2303-4187-a142-18ddd6d7149e"}}]}}]}}]}}]}},{"id":"f8d08077-74e0-4f50-a6ea-66f93b38b417","eClass":"sysml:OwningMembership","data":{"elementId":"0aa8d9e9-ae93-4a37-b262-c1c1084deeb2","ownedRelatedElement":[{"id":"bff3be4f-696f-47c8-a804-0bd6dba97a3c","eClass":"sysml:Package","data":{"declaredName":"Dependency Model","elementId":"043dda17-1bcf-43f7-803e-555d96853c34"}}]}},{"id":"bc2b9d8e-78f7-4915-b60f-cea829cd5bd7","eClass":"sysml:OwningMembership","data":{"elementId":"ff0ae53f-0a14-4c7c-b093-7164c78d6c5a","ownedRelatedElement":[{"id":"5318af85-0703-49ff-bfa6-d102da451b0b","eClass":"sysml:Package","data":{"declaredName":"Requirement/Use Cases","elementId":"9dae0f4f-e126-4c09-9f0f-0c4c5dcf6cf2","ownedRelationship":[{"id":"2291f229-de67-4a8c-8ac7-16433b3b8198","eClass":"sysml:OwningMembership","data":{"elementId":"9b975278-a759-405f-ad38-308945624192","ownedRelatedElement":[{"id":"649ed149-0b83-4315-a428-dbc5c660f5d9","eClass":"sysml:RequirementDefinition","data":{"declaredName":"RequirementDefinition","elementId":"14ef4574-2d17-4f23-bd41-3fdeb245dd60","ownedRelationship":[{"id":"af55f2d4-426c-4c2c-9ac0-452e7601208d","eClass":"sysml:OwningMembership","data":{"elementId":"e406d05d-99b9-4ac9-bcb5-ca15c4904f8f","ownedRelatedElement":[{"id":"8f28c418-aa55-49a3-9493-e36756fd01a6","eClass":"sysml:Documentation","data":{"elementId":"e2dab539-b670-4aec-936e-bf6e037f3117","body":"The idea wall can capture ideas on-the-go, anywhere and automatically display them on a team (i.e. shared) collaborative boards that can be set-up in multiple locations."}}]}}]}}]}},{"id":"c6025245-3caf-4ed8-bc1a-eb26e3d1dbf8","eClass":"sysml:OwningMembership","data":{"elementId":"7af2f915-18fc-4028-913e-372f8636273c","ownedRelatedElement":[{"id":"9329100a-38cd-4a7f-bd9e-f6a7790d0f76","eClass":"sysml:Dependency","data":{"declaredName":"dependency","elementId":"98489971-9143-4710-8819-533a32ce6459","client":["14ef4574-2d17-4f23-bd41-3fdeb245dd60"],"supplier":["47a5e74d-619b-412b-b297-5bf047750c49"]}}]}}]}}]}},{"id":"c4f6aa6a-f3fc-49b7-beda-7f49035010b9","eClass":"sysml:OwningMembership","data":{"elementId":"e4a74f4c-0489-40e3-a443-2153632c989f","ownedRelatedElement":[{"id":"0437d3a5-e028-4491-b93d-2c845c839220","eClass":"sysml:Package","data":{"declaredName":"PoC2: Flip,  IdeaHub, Notion","elementId":"37e3891a-76a5-4354-b280-06e05ae0b8c5","ownedRelationship":[{"id":"2c43b0d4-0b96-4d78-b942-fee34461ce9b","eClass":"sysml:OwningMembership","data":{"elementId":"a97186f6-c643-42dc-8934-66755e68f42a","ownedRelatedElement":[{"id":"ca417dcb-6b7c-4baa-911e-76a87068f5c2","eClass":"sysml:Package","data":{"declaredName":"IdeaWall System","elementId":"5805dfdc-a98c-41d0-8541-95465d0f5ad1","ownedRelationship":[{"id":"02887962-77a6-4fd1-b13e-fd6fdb2a1212","eClass":"sysml:OwningMembership","data":{"elementId":"5a80bf6c-30d8-45b7-9156-a784443ddc96","ownedRelatedElement":[{"id":"0be7dacf-2ff2-4d0e-9f27-71b37eafe7a9","eClass":"sysml:Package","data":{"declaredName":"PartDefinitions","elementId":"834ecf5d-516f-4a37-99a1-92d93d6d4a70","ownedRelationship":[{"id":"bf010762-197a-4d38-bebc-4b5db87458fe","eClass":"sysml:OwningMembership","data":{"elementId":"85d2a780-0694-4b14-a208-2d53db64325d","ownedRelatedElement":[{"id":"6ada002c-52e4-4e84-8237-9c208aae116a","eClass":"sysml:PartDefinition","data":{"declaredName":"Notion","elementId":"f2bb0c3e-0531-4c6f-8fc4-454235fb4b77","ownedRelationship":[{"id":"48e94ed0-d66d-4979-a52a-8773bd678add","eClass":"sysml:OwningMembership","data":{"elementId":"108973ef-e9c5-4e9a-a8c8-95c200e6f0b2","ownedRelatedElement":[{"id":"7f06a4bd-1efb-4943-b9de-6834c66c52d3","eClass":"sysml:Documentation","data":{"elementId":"db4bb0f3-fe00-4908-805c-c82eef2fe045","body":"* Notion is a digital platform used within the IdeaWall System to capture and organize ideas. \n                 * It allows users to create and manage content in various formats such as text notes, databases, \n                 * Kanban boards, and collaborative documents.\n                 *\n                 * Key features of Notion within the IdeaWall System:\n                 * - Supports flexible page layouts for capturing ideas in text, lists, and multimedia formats.\n                 * - Enables real-time collaboration with team members for brainstorming sessions.\n                 * - Provides tagging and filtering capabilities to organize and categorize ideas.\n                 * - Offers cross-device synchronization for capturing ideas on-the-go and during meetings."}}],"memberElement":"db4bb0f3-fe00-4908-805c-c82eef2fe045"}}]}}],"memberElement":"f2bb0c3e-0531-4c6f-8fc4-454235fb4b77"}},{"id":"e8d62372-d7a5-43c2-ba7f-c3cfec00b34d","eClass":"sysml:OwningMembership","data":{"elementId":"3852f4d8-2f47-4898-8023-f6c33ae3298b","ownedRelatedElement":[{"id":"7d08ad1f-f4b3-4f6f-990e-d17004efe2ed","eClass":"sysml:PartDefinition","data":{"declaredName":"SamsungFlip","elementId":"57ce5529-3651-4579-824d-83af24608e36","ownedRelationship":[{"id":"2be9fd2e-186f-4452-9d87-5400cf042c85","eClass":"sysml:OwningMembership","data":{"elementId":"53398459-e511-4dfa-bede-a77aac6324b8","ownedRelatedElement":[{"id":"7142a2c9-e593-4f07-8023-b69cc252553c","eClass":"sysml:Documentation","data":{"elementId":"63b6bd34-1a5a-4567-a690-a0e1d793265a","body":"* The Samsung Flip is an interactive display within the IdeaWall System. \n                 * It is responsible for visualizing and managing the ideas collected and synchronized \n                 * from various IdeaCaptureDevices through the IdeaHub and InternetConnection.\n                 *\n                 * The Samsung Flip offers the following features:\n                 * - Receives synchronized ideas and displays them with interactive controls.\n                 * - Allows multiple participants to draw, write, and annotate using the InGlass? touch technology.\n                 * - Supports various connectivity options such as USB, HDMI, NFC, Wi-Fi, and Bluetooth for seamless integration.\n                 * - Operates on the Tizen OS, which provides an API for custom interactive applications.\n                 *\n                 * The Samsung Flip enhances collaboration by offering a large, interactive surface for idea visualization \n                 * and flexible connectivity options for effective team engagement."}}],"memberElement":"63b6bd34-1a5a-4567-a690-a0e1d793265a"}},{"id":"cf40cf33-d2eb-43e6-a9ba-217b5006246e","eClass":"sysml:FeatureMembership","data":{"elementId":"1e1a27bf-c9af-4d52-8073-3456a748d926","ownedRelatedElement":[{"id":"cb0f96f1-5f54-4889-b19a-a11299723bbe","eClass":"sysml:AttributeUsage","data":{"declaredName":"modelNumber","elementId":"de090c96-667e-4f8b-8c2e-6707c3f46f1c","ownedRelationship":[{"id":"d3b7122d-043a-4717-90f1-4ce1f08052fa","eClass":"sysml:FeatureTyping","data":{"elementId":"1166bb72-58f5-409d-ac73-7f9e90c08cb2","type":"sysml:DataType kermllibrary:///b2c6dd37-2084-3ce4-9ce2-580fdf30629c#76028d3d-69a4-5e12-9002-ce403e0244bd","typedFeature":"de090c96-667e-4f8b-8c2e-6707c3f46f1c"}}]}}],"memberElement":"de090c96-667e-4f8b-8c2e-6707c3f46f1c"}},{"id":"0338f54c-5378-47ab-866a-59097456757b","eClass":"sysml:FeatureMembership","data":{"elementId":"1e0068d9-6a88-4b3d-9d3a-169b486fa73b","ownedRelatedElement":[{"id":"3015cf35-7a19-4181-8708-95796acd2d1a","eClass":"sysml:AttributeUsage","data":{"declaredName":"screenSize","elementId":"42f15b7a-f705-4fd9-957a-54bbfcbc65a6","ownedRelationship":[{"id":"1675e96e-ee3b-44de-b813-759885d7fd50","eClass":"sysml:FeatureTyping","data":{"elementId":"dd8b2967-4cb7-4ac5-939c-cd3f5790cec2","type":"sysml:DataType kermllibrary:///b2c6dd37-2084-3ce4-9ce2-580fdf30629c#76028d3d-69a4-5e12-9002-ce403e0244bd","typedFeature":"42f15b7a-f705-4fd9-957a-54bbfcbc65a6"}}]}}],"memberElement":"42f15b7a-f705-4fd9-957a-54bbfcbc65a6"}},{"id":"e2918453-a171-43e8-ba1e-49dc9c0a72b8","eClass":"sysml:FeatureMembership","data":{"elementId":"b1bbd750-a059-4c81-a19b-a017003e04e8","ownedRelatedElement":[{"id":"59231dbd-82b0-4d73-8c96-672e470cbdc4","eClass":"sysml:AttributeUsage","data":{"declaredName":"resolution","elementId":"53de9486-29bc-43d8-842f-3c5f3fe85748","ownedRelationship":[{"id":"155b679d-f3e6-450e-9fcb-22149433af33","eClass":"sysml:FeatureTyping","data":{"elementId":"c9b54403-051e-46ce-ada4-c0ed364f0c99","type":"sysml:DataType kermllibrary:///b2c6dd37-2084-3ce4-9ce2-580fdf30629c#76028d3d-69a4-5e12-9002-ce403e0244bd","typedFeature":"53de9486-29bc-43d8-842f-3c5f3fe85748"}}]}}],"memberElement":"53de9486-29bc-43d8-842f-3c5f3fe85748"}},{"id":"fdad63bd-e2f4-4239-ada2-580ba69b32de","eClass":"sysml:FeatureMembership","data":{"elementId":"86a340b4-2e2f-4083-b243-88960c8e5fb4","ownedRelatedElement":[{"id":"d47947db-21b3-44b2-a58b-c369696efcce","eClass":"sysml:AttributeUsage","data":{"declaredName":"connectivityOptions","elementId":"014ac9d8-da5d-47ce-84bd-37b93eb91727","ownedRelationship":[{"id":"db3f978a-2ad7-4a1f-b1a0-a5473c39338f","eClass":"sysml:FeatureTyping","data":{"elementId":"535fe65b-b62b-4d08-940a-fc5a7e0d7c26","type":"sysml:DataType kermllibrary:///b2c6dd37-2084-3ce4-9ce2-580fdf30629c#76028d3d-69a4-5e12-9002-ce403e0244bd","typedFeature":"014ac9d8-da5d-47ce-84bd-37b93eb91727"}}]}}],"memberElement":"014ac9d8-da5d-47ce-84bd-37b93eb91727"}},{"id":"26803abd-f498-4b8c-ab33-2e6dbc77dcd5","eClass":"sysml:FeatureMembership","data":{"elementId":"5300c0c1-624c-4286-857e-0a23f556c54c","ownedRelatedElement":[{"id":"31148abe-8825-41ea-9a71-f163102876cc","eClass":"sysml:PartUsage","data":{"declaredName":"tizenOS","elementId":"10157ec5-458b-4adb-a4fa-6de0b67f80af","ownedRelationship":[{"id":"73ab7038-aaaf-4b0b-bac7-0e2034880c59","eClass":"sysml:FeatureTyping","data":{"elementId":"9355d72c-1b16-4a75-849f-ea507e36d6cd","type":"edd63b91-5a27-4d6c-b096-92d6ac39d89f","typedFeature":"10157ec5-458b-4adb-a4fa-6de0b67f80af"}}]}}],"memberElement":"10157ec5-458b-4adb-a4fa-6de0b67f80af"}}]}}],"memberElement":"57ce5529-3651-4579-824d-83af24608e36"}},{"id":"962997dc-031e-4253-86cf-f8dbb468a27a","eClass":"sysml:OwningMembership","data":{"elementId":"bb8b3f65-d086-4402-afae-e0a275dc4b65","ownedRelatedElement":[{"id":"c3310e71-0354-4313-802f-f7c424c178af","eClass":"sysml:PartDefinition","data":{"declaredName":"TizenOS","elementId":"edd63b91-5a27-4d6c-b096-92d6ac39d89f","ownedRelationship":[{"id":"df181df4-38d0-4c2b-af22-08b0a43c4319","eClass":"sysml:OwningMembership","data":{"elementId":"b390ed12-6bdb-44e5-96c7-c2db277c1244","ownedRelatedElement":[{"id":"e59a56c6-dab9-4d9d-a0c8-f2040da9caf0","eClass":"sysml:Documentation","data":{"elementId":"cd0cc21b-975c-4fbb-9018-704d299c3869","body":"* The Tizen OS is the operating system running on the Samsung Flip display. It provides the platform and APIs\n                 * for developing custom interactive applications, enabling integration with cloud services, multimedia processing, \n                 * touch interactions, and network connectivity features."}}],"memberElement":"cd0cc21b-975c-4fbb-9018-704d299c3869"}},{"id":"c9693113-9f00-4ce5-980b-e2d25a87be4f","eClass":"sysml:FeatureMembership","data":{"elementId":"84f2bfe7-22a0-46ab-9cd1-364d9fa143b6","ownedRelatedElement":[{"id":"f0fd831a-96a5-45ad-8e8b-06eee4c81ae6","eClass":"sysml:PortUsage","data":{"declaredName":"App","elementId":"b9d4dcd8-54c6-4534-a0ab-005d095a9f09","ownedRelationship":[{"id":"bcae28cd-9016-4a86-9f3c-4b14f92bf165","eClass":"sysml:OwningMembership","data":{"elementId":"217074b3-e0d8-4d51-ae5f-a00d77280494","ownedRelatedElement":[{"id":"f5a58674-a25d-4444-acc8-3a8e4e0268c3","eClass":"sysml:Documentation","data":{"elementId":"a675aae9-2390-4a53-9c64-bd9ea096b92b","body":"* Represents the application interface for deploying and running custom apps on the Tizen OS.\n                     * Allows the attachment of interactive applications to extend the capabilities of the Samsung Flip."}}],"memberElement":"a675aae9-2390-4a53-9c64-bd9ea096b92b"}}]}}],"memberElement":"b9d4dcd8-54c6-4534-a0ab-005d095a9f09"}},{"id":"4bf0c578-4d65-4640-a57f-08f5b4db2bdb","eClass":"sysml:FeatureMembership","data":{"elementId":"42f33c90-5bf3-4e2d-bba3-452878acee08","ownedRelatedElement":[{"id":"12b9b32e-37f0-4255-9967-3ae4eae05536","eClass":"sysml:PartUsage","data":{"declaredName":"tizenFX","elementId":"f34025f3-db75-4b77-9d76-f09aa236bf0c","ownedRelationship":[{"id":"f08acf3a-d5ac-4953-8013-51cb1435a83b","eClass":"sysml:OwningMembership","data":{"elementId":"4373cc98-a664-49f7-8c70-a2ff1360560e","ownedRelatedElement":[{"id":"15236def-78ea-4be6-849d-765576eca01e","eClass":"sysml:Documentation","data":{"elementId":"3bb55402-335a-4825-bfca-edad3cd8544f","body":"* TizenFX is the core API for developing Tizen applications using .NET. It provides access to system features \n             * such as media, sensors, network connectivity, and application management."}}],"memberElement":"3bb55402-335a-4825-bfca-edad3cd8544f"}},{"id":"9ab7792d-53c2-44d9-b865-0e912f11a3a9","eClass":"sysml:FeatureTyping","data":{"elementId":"53fca66c-7939-437a-9ea8-07b06f155e2d","typedFeature":"f34025f3-db75-4b77-9d76-f09aa236bf0c"}}]}}]}},{"id":"03bec0c2-3c3e-40d6-aa7c-dca11fdc9392","eClass":"sysml:FeatureMembership","data":{"elementId":"9be389f5-e1fb-46c2-801a-a00fd00eec35","ownedRelatedElement":[{"id":"61bd1be7-3266-4800-950a-8ebcc32c7ed1","eClass":"sysml:PartUsage","data":{"declaredName":"nuiFramework","elementId":"3c3e03b2-912a-42a0-97d5-4e55db900756","ownedRelationship":[{"id":"5a00726a-9c03-4347-8b4a-03f0d64d44aa","eClass":"sysml:OwningMembership","data":{"elementId":"3095320a-19d8-4572-90a4-2c8b8de272a4","ownedRelatedElement":[{"id":"094271c8-63e1-4697-900d-71222f423958","eClass":"sysml:Documentation","data":{"elementId":"b14d0c09-e199-4a0d-be34-5cf14d139a47","body":"* The Natural User Interface (NUI) framework is used to create sophisticated and interactive 2D and 3D user \n             * interfaces for applications. It is highly optimized for .NET applications running on Tizen."}}],"memberElement":"b14d0c09-e199-4a0d-be34-5cf14d139a47"}},{"id":"7ad82fcf-7c66-4fb3-a5ec-077526c53042","eClass":"sysml:FeatureTyping","data":{"elementId":"37f48dd4-4bb9-45d3-9df2-940917845e67","typedFeature":"3c3e03b2-912a-42a0-97d5-4e55db900756"}}]}}]}},{"id":"bfd1e03e-af95-4cb3-980c-b260a92a9509","eClass":"sysml:FeatureMembership","data":{"elementId":"f851c22a-9f70-4f24-ab3b-19cafebba6ef","ownedRelatedElement":[{"id":"960b6563-1234-4e3c-b7c8-dfdc5f11cf40","eClass":"sysml:PartUsage","data":{"declaredName":"tvUIControls","elementId":"c49be908-f29d-48da-869f-92a0b68eeb37","ownedRelationship":[{"id":"d71a18c4-180e-454f-9eb1-96ff76d55bd0","eClass":"sysml:OwningMembership","data":{"elementId":"52e519a1-f11e-4e2c-9001-bcb19fef8724","ownedRelatedElement":[{"id":"1d34bd9b-9714-4ae5-9a19-bd6ddd54eee9","eClass":"sysml:Documentation","data":{"elementId":"eddeaf6e-dc55-4f3d-bb9a-12e48d54f0c0","body":"* A set of specialized UI controls for Tizen TV applications, which can be adapted for interactive experiences \n             * on Samsung Flip displays. This includes channel buttons, volume controls, and other interactive elements."}}],"memberElement":"eddeaf6e-dc55-4f3d-bb9a-12e48d54f0c0"}},{"id":"51d1b1bd-e081-487f-a4ea-b2b2a8865d3e","eClass":"sysml:FeatureTyping","data":{"elementId":"8b45edb3-0dac-4e73-a17e-dc2fa8beca3d","typedFeature":"c49be908-f29d-48da-869f-92a0b68eeb37"}}]}}]}}]}}],"memberElement":"edd63b91-5a27-4d6c-b096-92d6ac39d89f"}},{"id":"03d4fcba-7f81-4a82-bdf9-bbab9130b372","eClass":"sysml:OwningMembership","data":{"elementId":"25c6208d-7336-458b-b543-ebd174722cb2","ownedRelatedElement":[{"id":"bf3fb2db-797d-4411-abeb-07d57f3e3ff5","eClass":"sysml:PartDefinition","data":{"declaredName":"InternetConnection","elementId":"e10edfbb-cff8-486d-85cc-908036e438d4","ownedRelationship":[{"id":"7308a136-19ee-41d9-8aa7-d8d135753d27","eClass":"sysml:OwningMembership","data":{"elementId":"899489d3-b20e-40b1-aba7-13edb748958c","ownedRelatedElement":[{"id":"0c46b835-019c-426c-8973-33f69c44c766","eClass":"sysml:Documentation","data":{"elementId":"1e67da7d-95b1-4a0d-90cc-7084bdbff2c9","body":"* The InternetConnection part in the IdeaWall System enables connectivity between idea capture tools, \n                 * collaborative boards, and AI processing units. It supports synchronized communication and data flow \n                 * across devices, allowing the real-time exchange of ideas and feedback metrics.\n                 *\n                 * The InternetConnection offers reliable and secure network communication, leveraging protocols \n                 * such as Wi-Fi, Ethernet, and cellular connectivity to maintain seamless integration."}}],"memberElement":"1e67da7d-95b1-4a0d-90cc-7084bdbff2c9"}}]}}],"memberElement":"e10edfbb-cff8-486d-85cc-908036e438d4"}},{"id":"d5848550-4056-4438-888e-d257995d970f","eClass":"sysml:OwningMembership","data":{"elementId":"2c0d76b9-70fc-4757-a1a8-54aa3be6d16a","ownedRelatedElement":[{"id":"3ff2f7d0-a18e-41cc-b3d1-af407ae1ccfd","eClass":"sysml:PartDefinition","data":{"declaredName":"IdeaHub","elementId":"0aefe0ee-62b2-458a-b1c7-e57bc79576bc","ownedRelationship":[{"id":"4bebc0f2-53f4-4b07-be2f-435fb001b461","eClass":"sysml:OwningMembership","data":{"elementId":"b785e5de-3fee-4925-ae23-d39b647fa00f","ownedRelatedElement":[{"id":"d54e4b8f-ff2b-441f-9d35-59b4ec00c083","eClass":"sysml:Documentation","data":{"elementId":"416316f3-07ef-4904-ab4a-58373bf1a4f7","body":"* The central management component coordinating idea flows and integrating the DistilBERT model and Idea definitions.\n                 *\n                 * The IdeaHub receives, routes, and synchronizes ideas collected from various capture devices, providing centralized \n                 * management of AI-based analysis tasks using the Jetson Xavier NX. It includes capabilities for processing ideas \n                 * using the DistilBERT model for semantic analysis and clustering."}}],"memberElement":"416316f3-07ef-4904-ab4a-58373bf1a4f7"}},{"id":"970675f1-ef36-42c1-b9f2-9b7350d3fa91","eClass":"sysml:FeatureMembership","data":{"elementId":"8b311be6-17d8-4f42-b8cd-f62ad57d7eef","ownedRelatedElement":[{"id":"611f54b0-7eff-4493-ba60-1c251e2bf5f6","eClass":"sysml:PartUsage","data":{"declaredName":"aiProcessor","elementId":"678c970d-30ab-4bc6-a5da-30c4c848d6ab","ownedRelationship":[{"id":"33c915d8-5fc3-4a16-9250-92769b0247d5","eClass":"sysml:FeatureTyping","data":{"elementId":"d59e00af-1566-4ed9-97ec-ed3fc59c7a18","type":"729dadf5-fb4e-4e16-a9ff-b7f832e65ae4","typedFeature":"678c970d-30ab-4bc6-a5da-30c4c848d6ab"}}]}}],"memberElement":"678c970d-30ab-4bc6-a5da-30c4c848d6ab"}},{"id":"f5fe81c0-6894-4dc8-94e4-cadab770f3b2","eClass":"sysml:FeatureMembership","data":{"elementId":"3a7d3065-15f1-4753-8966-de631803f9b7","ownedRelatedElement":[{"id":"c17f833a-df8c-4899-ad79-620a0bcdf627","eClass":"sysml:PartUsage","data":{"declaredName":"distilBERTModel","elementId":"8de51ad0-ab61-4834-ad6c-f59ca228c10b","ownedRelationship":[{"id":"fbb69a7b-d36d-4fe7-881e-d8e43f219b5b","eClass":"sysml:FeatureTyping","data":{"elementId":"23cf222c-431a-48e4-b2d7-0121dad00c03","type":"091bb9f4-bbcf-43df-a73e-8e411e6b6166","typedFeature":"8de51ad0-ab61-4834-ad6c-f59ca228c10b"}}]}}],"memberElement":"8de51ad0-ab61-4834-ad6c-f59ca228c10b"}},{"id":"99b2d518-49e2-47a5-9bad-c6e9eb8df122","eClass":"sysml:FeatureMembership","data":{"elementId":"22433c41-3224-4da8-9439-6564fd8d6440","ownedRelatedElement":[{"id":"ddba50d3-39d4-4abf-96f7-d3ed4ab2fdd0","eClass":"sysml:PartUsage","data":{"declaredName":"ideaEntity","elementId":"9490034e-544c-4626-9b80-9842fde14d78","ownedRelationship":[{"id":"fe6635b7-fcb5-49e8-9ad6-d329b259deea","eClass":"sysml:FeatureTyping","data":{"elementId":"6647a6b5-a55e-4463-981a-d86d858d9f5f","type":"73a81b94-aa1d-4307-bfee-3eadfa945493","typedFeature":"9490034e-544c-4626-9b80-9842fde14d78"}}]}}],"memberElement":"9490034e-544c-4626-9b80-9842fde14d78"}},{"id":"2ebded68-032f-4191-82df-95386f69def9","eClass":"sysml:FeatureMembership","data":{"elementId":"1acd4df6-0db1-44ff-b1b7-38b783ef3369","ownedRelatedElement":[{"id":"292f7213-d24c-47e8-8390-a9c061e86a54","eClass":"sysml:ActionUsage","data":{"declaredName":"routeIdeaFlow","elementId":"7a57a685-7ba2-48a0-8932-ac47d508ae3e"}}],"memberElement":"7a57a685-7ba2-48a0-8932-ac47d508ae3e"}}]}}],"memberElement":"0aefe0ee-62b2-458a-b1c7-e57bc79576bc"}},{"id":"c395d4cf-2d26-4c35-8964-019661542188","eClass":"sysml:OwningMembership","data":{"elementId":"590038b7-ad35-4f81-9ad1-c867e365ce9e","ownedRelatedElement":[{"id":"7a5c0ea4-e3c8-4e9d-b16d-83a1868bc773","eClass":"sysml:PartDefinition","data":{"declaredName":"NvidiaJetsonXavierNX","elementId":"729dadf5-fb4e-4e16-a9ff-b7f832e65ae4","ownedRelationship":[{"id":"64f31a7c-1dde-4a15-9c0a-8137197ce4d6","eClass":"sysml:OwningMembership","data":{"elementId":"2bd6bf63-6b5b-4bbe-8a2b-acd35536ae68","ownedRelatedElement":[{"id":"519d2631-4bba-4b60-b550-4370511741bd","eClass":"sysml:Documentation","data":{"elementId":"9b69df70-7700-40d1-9f2d-7d978260face","body":"* The NVIDIA Jetson Xavier NX is an AI processing unit used within the IdeaWall System. It provides edge computing \n                 * capabilities for real-time idea analysis using pre-trained AI models. The Xavier NX offers 21 TOPS of AI performance,\n                 * making it suitable for executing machine learning tasks such as clustering, idea similarity detection, and generating \n                 * feedback metrics.\n                 *\n                 * The NVIDIA Jetson Xavier NX runs on the JetPack SDK and supports frameworks like TensorFlow and PyTorch, enabling the \n                 * deployment of AI models for collaborative analysis tasks within the IdeaWall System."}}],"memberElement":"9b69df70-7700-40d1-9f2d-7d978260face"}},{"id":"bf49b7c4-e416-4c65-9087-5c6089fdc5ca","eClass":"sysml:FeatureMembership","data":{"elementId":"41150341-5c26-4010-bd17-93792dbda9ea","ownedRelatedElement":[{"id":"4a7430b0-f67e-4c94-b2fa-271aa8e8c827","eClass":"sysml:AttributeUsage","data":{"declaredName":"processorType","elementId":"a8d7a266-4a89-43c0-8732-0d67bd0fc00f","ownedRelationship":[{"id":"9d16a1cc-5bce-4104-bdb3-3f1182928b36","eClass":"sysml:FeatureTyping","data":{"elementId":"1a6ff7a5-1a9d-4a42-85da-5d6408b325c3","type":"sysml:DataType kermllibrary:///b2c6dd37-2084-3ce4-9ce2-580fdf30629c#76028d3d-69a4-5e12-9002-ce403e0244bd","typedFeature":"a8d7a266-4a89-43c0-8732-0d67bd0fc00f"}}]}}],"memberElement":"a8d7a266-4a89-43c0-8732-0d67bd0fc00f"}},{"id":"ccf52d65-69c3-42d7-a837-3baf81686d42","eClass":"sysml:FeatureMembership","data":{"elementId":"e35d491f-8827-4d56-9196-40a9b777ede0","ownedRelatedElement":[{"id":"52af0ac5-9a0f-4efd-ad21-c4d6d38ef30d","eClass":"sysml:AttributeUsage","data":{"declaredName":"performance","elementId":"3766b6e2-153f-4d4f-85cb-9d494eba9948","ownedRelationship":[{"id":"3ca16fff-594f-4cc5-8a7b-d5f2f8be5b39","eClass":"sysml:FeatureTyping","data":{"elementId":"866936c7-c2c0-4cb8-880e-7fae33aa5f59","type":"sysml:DataType kermllibrary:///b2c6dd37-2084-3ce4-9ce2-580fdf30629c#14c0aa22-5489-59b5-b438-ded26e83ba31","typedFeature":"3766b6e2-153f-4d4f-85cb-9d494eba9948"}}]}}],"memberElement":"3766b6e2-153f-4d4f-85cb-9d494eba9948"}},{"id":"26ea9faf-277c-4206-a837-ccf6f487f306","eClass":"sysml:FeatureMembership","data":{"elementId":"3a013aed-58f8-4bcc-aecb-bf80a3d80f4b","ownedRelatedElement":[{"id":"2a81c358-6f20-4b2b-a41d-2db7514b3125","eClass":"sysml:AttributeUsage","data":{"declaredName":"supportedFrameworks","elementId":"0aa0f0fe-c2c7-4bab-b60f-1a77bef16dd9","ownedRelationship":[{"id":"86502619-4b24-4466-a799-6a82ead3a8e8","eClass":"sysml:FeatureTyping","data":{"elementId":"f2bc855b-65d0-4612-bbd5-d7cdba87fac2","type":"sysml:DataType kermllibrary:///b2c6dd37-2084-3ce4-9ce2-580fdf30629c#76028d3d-69a4-5e12-9002-ce403e0244bd","typedFeature":"0aa0f0fe-c2c7-4bab-b60f-1a77bef16dd9"}}]}}],"memberElement":"0aa0f0fe-c2c7-4bab-b60f-1a77bef16dd9"}},{"id":"a0919a47-64f6-4927-ae3b-001278ca0209","eClass":"sysml:FeatureMembership","data":{"elementId":"690d54f7-dcfb-410f-8ce4-b87db2b51083","ownedRelatedElement":[{"id":"b5f4d215-ca9a-463e-baa9-6a1d7107c22b","eClass":"sysml:PortUsage","data":{"declaredName":"LLM","elementId":"4fa012c7-4a2d-4d59-bd4a-36f7c5e65608","ownedRelationship":[{"id":"f73d15c7-e14b-4333-b8bc-d6e8f284049a","eClass":"sysml:OwningMembership","data":{"elementId":"3837e3ac-3391-463b-87e7-a1bf5e9917fe","ownedRelatedElement":[{"id":"4f5709d6-b91c-47f0-a36b-2f1a8bf2046a","eClass":"sysml:Documentation","data":{"elementId":"9a4fa48e-110a-4494-a9fc-0b0a025a7360","body":"* Represents the interface for running a large language model (LLM) on the NVIDIA Jetson Xavier NX. This port\n                     * is used to handle LLM-based analysis tasks such as clustering, similarity detection, and feedback generation."}}],"memberElement":"9a4fa48e-110a-4494-a9fc-0b0a025a7360"}}]}}],"memberElement":"4fa012c7-4a2d-4d59-bd4a-36f7c5e65608"}},{"id":"17d9b36f-80d3-408f-8fbb-e74f37bbbd00","eClass":"sysml:FeatureMembership","data":{"elementId":"156cf9fe-16ff-4e2c-8775-f874f47280eb","ownedRelatedElement":[{"id":"168fbd6a-52ab-4bb1-adac-e702da104706","eClass":"sysml:ActionUsage","data":{"declaredName":"analyzeIdeas","elementId":"14c174ed-5128-45e2-aba6-e13be78d875f"}}],"memberElement":"14c174ed-5128-45e2-aba6-e13be78d875f"}},{"id":"ccdabf1a-d7fe-4001-8c8d-1f4d526da08f","eClass":"sysml:FeatureMembership","data":{"elementId":"c4784239-9e47-4a2c-ad46-df73895eb766","ownedRelatedElement":[{"id":"0d722f96-ddb5-44ee-853d-4120233523b1","eClass":"sysml:ActionUsage","data":{"declaredName":"generateMetrics","elementId":"b7a8aaf2-cdf1-46be-bb79-e26662bad33d"}}],"memberElement":"b7a8aaf2-cdf1-46be-bb79-e26662bad33d"}}]}}],"memberElement":"729dadf5-fb4e-4e16-a9ff-b7f832e65ae4"}},{"id":"aac4cbc8-376a-4a62-86df-d73416f54286","eClass":"sysml:OwningMembership","data":{"elementId":"068245af-a6af-4198-aaed-fb02b4b808fc","ownedRelatedElement":[{"id":"50e91880-f0e1-4c53-b5ba-4b3cc59ead68","eClass":"sysml:PartDefinition","data":{"declaredName":"DistilBERT","elementId":"091bb9f4-bbcf-43df-a73e-8e411e6b6166","ownedRelationship":[{"id":"5bcc91c8-02f5-4ade-b403-50c1addfc585","eClass":"sysml:OwningMembership","data":{"elementId":"8809be19-2ab5-4752-b541-4146d19e0b26","ownedRelatedElement":[{"id":"8f917b38-8a21-4a85-9492-03f22f492a12","eClass":"sysml:Documentation","data":{"elementId":"b4a0f082-8dcb-4c84-af80-c75f7f292b7b","body":"* DistilBERT is a distilled version of BERT, designed to be smaller, faster, and lighter while retaining much of BERT?s \n                 * original performance. DistilBERT is used to perform semantic analysis, clustering, and idea similarity detection \n                 * within the IdeaHub. It processes ideas provided by participants and helps in generating feedback metrics.\n                 *\n                 * The model can be optimized for edge deployment on the NVIDIA Jetson Xavier NX using TensorRT or ONNX Runtime."}}],"memberElement":"b4a0f082-8dcb-4c84-af80-c75f7f292b7b"}}]}}],"memberElement":"091bb9f4-bbcf-43df-a73e-8e411e6b6166"}},{"id":"4bec5815-c91a-4571-9ef4-e46f4b94aa82","eClass":"sysml:OwningMembership","data":{"elementId":"1f8aa17d-9ba0-468c-a2c8-e8ce1b88f5ff","ownedRelatedElement":[{"id":"193bd26f-2fad-48ae-972e-dc5f6afb8dbb","eClass":"sysml:PartDefinition","data":{"declaredName":"Idea","elementId":"73a81b94-aa1d-4307-bfee-3eadfa945493","ownedRelationship":[{"id":"92de9c99-bb33-47d9-a755-b8d5c6eccd4c","eClass":"sysml:OwningMembership","data":{"elementId":"a8ffd3fa-792b-47fb-908d-6afad7b23c62","ownedRelatedElement":[{"id":"5decdd61-484d-4f41-b0db-073f7a60b017","eClass":"sysml:Documentation","data":{"elementId":"77178059-4b17-4c8c-a069-926842a6ea11","body":"* Represents an individual idea captured in the IdeaHub.\n                 * An idea can have a description, creator information, and tags to identify key themes or topics."}}],"memberElement":"77178059-4b17-4c8c-a069-926842a6ea11"}},{"id":"baaaa6a6-8aec-4ac4-8f7b-3e46feb73d67","eClass":"sysml:FeatureMembership","data":{"elementId":"ed9ec534-65b1-47a5-b620-0f725fae6d7c","ownedRelatedElement":[{"id":"7fcada2b-757c-4cfb-a24a-e7fb01e51267","eClass":"sysml:AttributeUsage","data":{"declaredName":"description","elementId":"43f273b1-f8df-4462-aad0-d8fbaf2bfb5f","ownedRelationship":[{"id":"20a6f54f-d423-4351-87d3-c70d145d2f09","eClass":"sysml:FeatureTyping","data":{"elementId":"1ede5136-8b24-48ba-8fdd-8cc33ecfdade","type":"sysml:DataType kermllibrary:///b2c6dd37-2084-3ce4-9ce2-580fdf30629c#76028d3d-69a4-5e12-9002-ce403e0244bd","typedFeature":"43f273b1-f8df-4462-aad0-d8fbaf2bfb5f"}}]}}],"memberElement":"43f273b1-f8df-4462-aad0-d8fbaf2bfb5f"}},{"id":"3678fe41-d05f-49fc-a5fb-ffe431f0d06a","eClass":"sysml:FeatureMembership","data":{"elementId":"a996f34b-553e-41bf-a0a4-3985313d64a2","ownedRelatedElement":[{"id":"68d758e4-ae0e-4734-99f3-65b2af848855","eClass":"sysml:AttributeUsage","data":{"declaredName":"creatorID","elementId":"362fc003-001c-4be9-971f-568d1a14a0ce","ownedRelationship":[{"id":"7ea39271-419d-4af3-8e0c-c7ea00f2ebf3","eClass":"sysml:FeatureTyping","data":{"elementId":"8355a743-bdf2-40ab-937c-e1b910420a2d","type":"sysml:DataType kermllibrary:///b2c6dd37-2084-3ce4-9ce2-580fdf30629c#76028d3d-69a4-5e12-9002-ce403e0244bd","typedFeature":"362fc003-001c-4be9-971f-568d1a14a0ce"}}]}}],"memberElement":"362fc003-001c-4be9-971f-568d1a14a0ce"}},{"id":"7ec34782-9562-4eb3-b6e7-468ccb5f0178","eClass":"sysml:FeatureMembership","data":{"elementId":"6edc0dcc-ca1a-4d2c-9496-aa9fa20da7ed","ownedRelatedElement":[{"id":"806f3aa6-eb03-4090-8573-d9f601547704","eClass":"sysml:AttributeUsage","data":{"declaredName":"tags","elementId":"4f214ee0-7a06-43cd-8c19-223ba44ce1c3","ownedRelationship":[{"id":"82b57091-e125-4bf1-81f2-473cf8f8bdb4","eClass":"sysml:FeatureTyping","data":{"elementId":"68abc9c8-bedb-4b19-9245-b7bde65b173e","type":"sysml:DataType kermllibrary:///b2c6dd37-2084-3ce4-9ce2-580fdf30629c#76028d3d-69a4-5e12-9002-ce403e0244bd","typedFeature":"4f214ee0-7a06-43cd-8c19-223ba44ce1c3"}}]}}],"memberElement":"4f214ee0-7a06-43cd-8c19-223ba44ce1c3"}}]}}],"memberElement":"73a81b94-aa1d-4307-bfee-3eadfa945493"}},{"id":"49c98284-273c-4851-99a4-6aed25ac44e2","eClass":"sysml:OwningMembership","data":{"elementId":"875bd919-00b0-4ce7-929b-a9a935d5438f","ownedRelatedElement":[{"id":"7ade7141-93d4-410b-a4fb-bcb72db0b026","eClass":"sysml:PartDefinition","data":{"declaredName":"IdeaWallProduct","elementId":"5ed9c842-0841-4b2a-b287-080f446a051e","ownedRelationship":[{"id":"1ddddf2b-6650-4802-99cf-0168eb03828a","eClass":"sysml:OwningMembership","data":{"elementId":"34512aa1-5f33-4c0b-bf8b-68d0d2df1bd2","ownedRelatedElement":[{"id":"85979f07-61b6-4588-bcf3-3ff65d078889","eClass":"sysml:Documentation","data":{"elementId":"18743e5e-6fde-4878-98cc-e221b6732baf","body":"* The main product definition for the IdeaWall System. It consists of instances of all key parts,\n                 * including Notion for idea capture, Samsung Flip, Internet Connection, and IdeaHub with integrated AI capabilities and Idea management."}}],"memberElement":"18743e5e-6fde-4878-98cc-e221b6732baf"}},{"id":"0a91e33b-469d-4c33-8957-6ae17e60b296","eClass":"sysml:FeatureMembership","data":{"elementId":"953d1d36-5600-4888-b089-a440935130ff","ownedRelatedElement":[{"id":"7a0fd7c7-8a18-4f89-a748-286a867554ff","eClass":"sysml:PartUsage","data":{"declaredName":"notionApp","elementId":"048d3da4-0da9-4dae-9130-ac888295930c","ownedRelationship":[{"id":"460da195-aa15-42fe-9081-251f5cc6cb68","eClass":"sysml:FeatureTyping","data":{"elementId":"412a30b7-9318-4bb1-b10f-6655979e0b18","type":"f2bb0c3e-0531-4c6f-8fc4-454235fb4b77","typedFeature":"048d3da4-0da9-4dae-9130-ac888295930c"}}]}}],"memberElement":"048d3da4-0da9-4dae-9130-ac888295930c"}},{"id":"9288880b-b9bc-433d-9f3a-ca23ea7e8241","eClass":"sysml:FeatureMembership","data":{"elementId":"3dd6480f-2d31-4511-adee-89027f6b4fa5","ownedRelatedElement":[{"id":"4249bcd3-683b-48bf-a635-3ad89471fd04","eClass":"sysml:PartUsage","data":{"declaredName":"samsungFlip","elementId":"ff650f21-0280-4995-86ec-884318cf5da1","ownedRelationship":[{"id":"133050a9-e58f-4d47-a1dd-d32afee04531","eClass":"sysml:FeatureTyping","data":{"elementId":"23b7c6e3-bc31-4fa6-a14a-103032706ceb","type":"57ce5529-3651-4579-824d-83af24608e36","typedFeature":"ff650f21-0280-4995-86ec-884318cf5da1"}}]}}],"memberElement":"ff650f21-0280-4995-86ec-884318cf5da1"}},{"id":"b3cca73b-d4a6-45c5-842a-8a4c986a9a70","eClass":"sysml:FeatureMembership","data":{"elementId":"9b7278fe-6714-425a-b16e-6fadbf7171f0","ownedRelatedElement":[{"id":"59f1b313-d19e-4d3b-92f7-099bbb9edcd1","eClass":"sysml:PartUsage","data":{"declaredName":"flipIdea","elementId":"e6dbab19-3e3b-46bd-9e74-f20eb8936944","ownedRelationship":[{"id":"231e6b5c-f60e-4bed-8e73-6a230fd8f397","eClass":"sysml:FeatureTyping","data":{"elementId":"14052edc-0c8e-495d-a96a-ff38e2d487f2","type":"57ce5529-3651-4579-824d-83af24608e36","typedFeature":"e6dbab19-3e3b-46bd-9e74-f20eb8936944"}}]}}],"memberElement":"e6dbab19-3e3b-46bd-9e74-f20eb8936944"}},{"id":"bb56579e-1470-4340-8418-511c90a6f414","eClass":"sysml:FeatureMembership","data":{"elementId":"b2546a7d-5433-493b-9f94-4f6f3a14432b","ownedRelatedElement":[{"id":"b4c3d1b3-21bb-4d9a-bbb3-4eba20042b15","eClass":"sysml:PartUsage","data":{"declaredName":"internetConnection","elementId":"9c2d0f96-3696-42ed-9632-bdf24389308b","ownedRelationship":[{"id":"a4a7a6ba-30e7-4c2b-9a32-35be284d901f","eClass":"sysml:FeatureTyping","data":{"elementId":"1bc8fee5-ed0a-49f0-bd2b-ecad00184525","type":"e10edfbb-cff8-486d-85cc-908036e438d4","typedFeature":"9c2d0f96-3696-42ed-9632-bdf24389308b"}}]}}],"memberElement":"9c2d0f96-3696-42ed-9632-bdf24389308b"}},{"id":"db593edc-2444-4fa7-b0a8-fe505b72d997","eClass":"sysml:FeatureMembership","data":{"elementId":"589e29b6-da9d-4a79-bbd4-69ac85ddb862","ownedRelatedElement":[{"id":"fa91c0a8-fa44-428a-9cd6-029bc366ecf7","eClass":"sysml:PartUsage","data":{"declaredName":"hub","elementId":"40ff59b1-466f-49a7-9fd0-371f4a9e0bbd","ownedRelationship":[{"id":"f07a8a1e-dbcf-4847-be8d-ee4b94a126fc","eClass":"sysml:FeatureTyping","data":{"elementId":"b63a59ba-dda8-49f6-8428-6f2389eb9a66","type":"0aefe0ee-62b2-458a-b1c7-e57bc79576bc","typedFeature":"40ff59b1-466f-49a7-9fd0-371f4a9e0bbd"}}]}}],"memberElement":"40ff59b1-466f-49a7-9fd0-371f4a9e0bbd"}}]}}],"memberElement":"5ed9c842-0841-4b2a-b287-080f446a051e"}}]}}],"memberElement":"834ecf5d-516f-4a37-99a1-92d93d6d4a70"}},{"id":"dcac0763-bef9-4303-a215-be604d0d36f3","eClass":"sysml:OwningMembership","data":{"elementId":"f9ccabb1-3483-4cd0-aa1e-7b1d72825f1d","ownedRelatedElement":[{"id":"ce2c5c80-e504-489d-8e84-30c88bc0f1ef","eClass":"sysml:Documentation","data":{"elementId":"506d52d9-fff4-411b-a9fe-cb0374454eb8","body":"* The IdeaWall System is a collaborative platform designed to capture ideas in real-time \n         * from multiple devices or locations and display them seamlessly on shared boards across \n         * a network. The system consists of various components to facilitate idea collection, \n         * synchronization, AI-based analysis, and display in collaborative workspaces. This is achieved \n         * through interconnected parts including mobile capture devices, centralized hubs, a communication \n         * network, AI-based processing, and interactive displays such as the Samsung Flip.\n         *\n         * Key features of the IdeaWall System include:\n         * - Idea capture on-the-go using mobile devices.\n         * - Automatic synchronization of captured ideas through an Internet connection.\n         * - Continuous AI-based analysis to detect similar ideas and provide instant feedback using brainstorm metrics.\n         * - Display of synchronized ideas on shared Samsung Flip interactive displays across multiple locations.\n         * - Central management and routing of ideas through a hub component.\n         * \n         * The following table summarizes the changes made in the proof of concept model, replacing generic elements with \n         * specialized or more practical implementations:\n         *\n         * | **Element in Initial Concept**        | **Replaced or Modified Element in PoC Model**        | **Description of Change**                                                                                             |\n         * |---------------------------------------|-----------------------------------------------------|----------------------------------------------------------------------------------------------------------------------|\n         * | **CollaborativeBoard**                | **SamsungFlip**                                     | Replaced the generic *CollaborativeBoard* with the *SamsungFlip* display to reflect a real-world interactive board.   |\n         * | **CommunicationNetwork**              | **InternetConnection**                              | Replaced the *CommunicationNetwork* part with an *InternetConnection* part to reflect connectivity through internet-based protocols. |\n         * | **IdeaCaptureDevice**                 | **Notion**                                          | Replaced with *Notion*, a versatile digital platform for capturing and organizing ideas.                             |\n         * | **AIProcessor**                       | **NvidiaJetsonXavierNX** (inside `IdeaHub`)         | Moved AI processing to the *Nvidia Jetson Xavier NX*, integrated within the *IdeaHub*, to provide localized AI-based processing capabilities. |\n         * | **DistilBERT**                        | **Part of IdeaHub**                                 | Integrated *DistilBERT* within the *IdeaHub* for semantic analysis and clustering tasks.                             |\n         * | **Idea**                              | **Part of IdeaHub**                                 | Moved the *Idea* element into *IdeaHub* to centralize the management of idea definitions within the hub.             |"}}]}}]}}]}}]}}]}}]}}]}