{"id":"61ac2686-8fda-44de-9864-466879367871","projectId":"830f63f4-2f5d-4f37-99b5-33143c362842","descriptionId":"siriusComponents://representationDescription?kind=diagramDescription&sourceKind=view&sourceId=74c5d045-51d7-359f-9634-611d0f1bef3d&sourceElementId=e1bd3b6d-357b-3068-b2e9-e0c1e19d6856","targetObjectId":"549cc0eb-4363-4126-ac8e-aef6abf3ead8","label":"Interconnection View","kind":"siriusComponents://representation?type=Diagram","representation":{"id":"61ac2686-8fda-44de-9864-466879367871","kind":"siriusComponents://representation?type=Diagram","targetObjectId":"549cc0eb-4363-4126-ac8e-aef6abf3ead8","descriptionId":"siriusComponents://representationDescription?kind=diagramDescription&sourceKind=view&sourceId=74c5d045-51d7-359f-9634-611d0f1bef3d&sourceElementId=e1bd3b6d-357b-3068-b2e9-e0c1e19d6856","label":"Interconnection View","nodes":[{"id":"27f75dd6-c59f-37a9-ac28-bf3ef2e4746d","type":"node:rectangle","targetObjectId":"549cc0eb-4363-4126-ac8e-aef6abf3ead8","targetObjectKind":"siriusComponents://semantic?domain=sysml&entity=PartDefinition","targetObjectLabel":"InterconnectionSystem","descriptionId":"siriusComponents://nodeDescription?sourceKind=view&sourceId=74c5d045-51d7-359f-9634-611d0f1bef3d&sourceElementId=4055a909-560d-3db5-a777-ea29c14cc2c2","borderNode":false,"modifiers":[],"state":"Normal","collapsingState":"EXPANDED","insideLabel":{"id":"72f58126-b8d9-3bec-8344-3c58cd44a982","text":"«part def»\nInterconnectionSystem","insideLabelLocation":"TOP_CENTER","style":{"color":"#000000","fontSize":14,"bold":false,"italic":false,"underline":false,"strikeThrough":false,"iconURL":["/icons/full/obj16/PartDefinition.svg"],"background":"transparent","borderColor":"black","borderSize":0,"borderRadius":3,"borderStyle":"Solid","maxWidth":null},"isHeader":true,"headerSeparatorDisplayMode":"NEVER","overflowStrategy":"NONE","textAlign":"CENTER"},"outsideLabels":[],"style":{"background":"#ffffff","borderColor":"#000000","borderSize":1,"borderRadius":0,"borderStyle":"Solid"},"childrenLayoutStrategy":{"kind":"FreeForm"},"borderNodes":[],"childNodes":[],"defaultWidth":700,"defaultHeight":400,"labelEditable":true,"pinned":false}],"edges":[],"layoutData":{"nodeLayoutData":{},"edgeLayoutData":{},"labelLayoutData":{}}}}