{"id":"7c19bc0e-023e-421a-9e80-e31690e7a697","projectId":"830f63f4-2f5d-4f37-99b5-33143c362842","descriptionId":"siriusComponents://representationDescription?kind=diagramDescription&sourceKind=view&sourceId=8dcd14b0-6259-3193-ad2c-743f394c68e4&sourceElementId=db495705-e917-319b-af55-a32ad63f4089","targetObjectId":"e79fcb2b-1c9c-4850-a8a8-bd12f9ca4015","label":"General View","kind":"siriusComponents://representation?type=Diagram","representation":{"id":"7c19bc0e-023e-421a-9e80-e31690e7a697","kind":"siriusComponents://representation?type=Diagram","targetObjectId":"e79fcb2b-1c9c-4850-a8a8-bd12f9ca4015","descriptionId":"siriusComponents://representationDescription?kind=diagramDescription&sourceKind=view&sourceId=8dcd14b0-6259-3193-ad2c-743f394c68e4&sourceElementId=db495705-e917-319b-af55-a32ad63f4089","label":"General View","nodes":[{"id":"96f6e19f-126c-3c2f-a0b8-cad7b54f3d81","type":"node:image","targetObjectId":"e79fcb2b-1c9c-4850-a8a8-bd12f9ca4015","targetObjectKind":"siriusComponents://semantic?domain=sysml&entity=Package","targetObjectLabel":"POC","descriptionId":"siriusComponents://nodeDescription?sourceKind=view&sourceId=8dcd14b0-6259-3193-ad2c-743f394c68e4&sourceElementId=024ab54f-ab81-3d02-8abd-f65af641e6c6","borderNode":false,"modifiers":[],"state":"Normal","collapsingState":"EXPANDED","insideLabel":{"id":"37d4e351-1144-313b-8216-ae8c6efc24f3","text":"","insideLabelLocation":"TOP_CENTER","style":{"color":"#000000","fontSize":14,"bold":false,"italic":false,"underline":false,"strikeThrough":false,"iconURL":[],"background":"transparent","borderColor":"black","borderSize":0,"borderRadius":3,"borderStyle":"Solid","maxWidth":null},"isHeader":false,"headerSeparatorDisplayMode":"NEVER","overflowStrategy":"NONE","textAlign":"LEFT"},"outsideLabels":[],"style":{"imageURL":"images/add_your_first_element.svg","scalingFactor":1,"borderColor":"transparent","borderSize":1,"borderRadius":0,"borderStyle":"Solid","positionDependentRotation":false},"childrenLayoutStrategy":null,"borderNodes":[],"childNodes":[],"defaultWidth":1061,"defaultHeight":476,"labelEditable":false,"pinned":false}],"edges":[],"layoutData":{"nodeLayoutData":{},"edgeLayoutData":{},"labelLayoutData":{}}}}