{"id":"fba6d4f8-834a-48b6-af88-aee7b6feb604","projectId":"830f63f4-2f5d-4f37-99b5-33143c362842","descriptionId":"siriusComponents://representationDescription?kind=diagramDescription&sourceKind=view&sourceId=8dcd14b0-6259-3193-ad2c-743f394c68e4&sourceElementId=db495705-e917-319b-af55-a32ad63f4089","targetObjectId":"6fa512af-5dc2-4495-a82d-aab031e89e74","label":"General View","kind":"siriusComponents://representation?type=Diagram","representation":{"id":"fba6d4f8-834a-48b6-af88-aee7b6feb604","kind":"siriusComponents://representation?type=Diagram","targetObjectId":"6fa512af-5dc2-4495-a82d-aab031e89e74","descriptionId":"siriusComponents://representationDescription?kind=diagramDescription&sourceKind=view&sourceId=8dcd14b0-6259-3193-ad2c-743f394c68e4&sourceElementId=db495705-e917-319b-af55-a32ad63f4089","label":"General View","nodes":[{"id":"c98eee4d-b589-356b-bae0-473a974c5ec2","type":"node:image","targetObjectId":"6fa512af-5dc2-4495-a82d-aab031e89e74","targetObjectKind":"siriusComponents://semantic?domain=sysml&entity=Package","targetObjectLabel":"Sea\\t-Shell Model","descriptionId":"siriusComponents://nodeDescription?sourceKind=view&sourceId=8dcd14b0-6259-3193-ad2c-743f394c68e4&sourceElementId=024ab54f-ab81-3d02-8abd-f65af641e6c6","borderNode":false,"modifiers":[],"state":"Normal","collapsingState":"EXPANDED","insideLabel":{"id":"87bbbed0-ea33-39ee-9892-43811d93dac4","text":"","insideLabelLocation":"TOP_CENTER","style":{"color":"#000000","fontSize":14,"bold":false,"italic":false,"underline":false,"strikeThrough":false,"iconURL":[],"background":"transparent","borderColor":"black","borderSize":0,"borderRadius":3,"borderStyle":"Solid","maxWidth":null},"isHeader":false,"headerSeparatorDisplayMode":"NEVER","overflowStrategy":"NONE","textAlign":"LEFT"},"outsideLabels":[],"style":{"imageURL":"images/add_your_first_element.svg","scalingFactor":1,"borderColor":"transparent","borderSize":1,"borderRadius":0,"borderStyle":"Solid","positionDependentRotation":false},"childrenLayoutStrategy":null,"borderNodes":[],"childNodes":[],"defaultWidth":1061,"defaultHeight":476,"labelEditable":false,"pinned":false}],"edges":[],"layoutData":{"nodeLayoutData":{"c98eee4d-b589-356b-bae0-473a974c5ec2":{"id":"c98eee4d-b589-356b-bae0-473a974c5ec2","position":{"x":0.0,"y":0.0},"size":{"width":1061.0,"height":476.0},"resizedByUser":false}},"edgeLayoutData":{},"labelLayoutData":{}}}}