{"json":{"version":"1.0","encoding":"utf-8"},"ns":{"sysml":"http://www.eclipse.org/syson/sysml"},"content":[{"id":"ff3c524e-4efb-4d52-a165-20b1c3a23266","eClass":"sysml:Namespace","data":{"elementId":"e2bee963-e2e5-483c-98f3-22a78fd609d5","ownedRelationship":[{"id":"8ceb4284-16c6-4c81-ab24-f8c444ba9a36","eClass":"sysml:OwningMembership","data":{"elementId":"7044030f-3138-4676-9ca7-cfa7c3cf0fe1","ownedRelatedElement":[{"id":"774dfef8-0b9c-4754-a5d9-029465ca6962","eClass":"sysml:Package","data":{"declaredName":"Concept","elementId":"08443e6a-13ad-4e89-8ab4-1d7911e52e4a","ownedRelationship":[{"id":"36fb74ff-877b-4687-96fa-5bc53ac883e2","eClass":"sysml:OwningMembership","data":{"elementId":"7fed32f4-012c-40c6-8262-056b06792a53","ownedRelatedElement":[{"id":"fdf69eca-f2eb-4651-83ca-e189866bde7a","eClass":"sysml:Package","data":{"declaredName":"Shooting Game Concept Model","elementId":"2abc3fa6-b28c-4710-9c74-85d1991592e2","ownedRelationship":[{"id":"6cd39b5e-156d-49cd-a9cb-7e72be8fd3cc","eClass":"sysml:OwningMembership","data":{"elementId":"e13c872d-c25a-4d65-9ce0-5166db69b193","ownedRelatedElement":[{"id":"020c0506-03ea-4431-b4bc-af6a1d04d6dc","eClass":"sysml:PartDefinition","data":{"declaredName":"GameEnvironment","elementId":"e1329bf7-d033-4df1-baff-a74724a3fd6b","ownedRelationship":[{"id":"4bc1f41d-c889-40ef-90c0-a9cbf1e45de0","eClass":"sysml:OwningMembership","data":{"elementId":"b97c7989-15ae-4832-87ce-c1ceed9adf63","ownedRelatedElement":[{"id":"0d808a5e-e233-4e62-bfa0-03b4607186f7","eClass":"sysml:Documentation","data":{"elementId":"8635ebd4-8081-4337-884c-33c84c6961d5","body":"GameEnvironment is the primary context for the shooting game, containing all essential \n            parts (Player, Weapon, Target) and interfaces that define the gameplay interactions. \n            It orchestrates the connection between Player and Weapon, as well as Weapon and Target, \n            ensuring that the game actions are carried out according to the defined rules."}}],"memberElement":"8635ebd4-8081-4337-884c-33c84c6961d5"}},{"id":"ae72f88f-9b8c-4f0c-b34c-ab1cd9890008","eClass":"sysml:FeatureMembership","data":{"elementId":"c6f687c8-644b-49a8-9627-11191f0747e1","ownedRelatedElement":[{"id":"6cad3a5b-89de-4012-b3e6-29c58d803ded","eClass":"sysml:PartUsage","data":{"declaredName":"player","elementId":"5e69c357-0b56-4979-b437-5b53ec0b6343","ownedRelationship":[{"id":"73209448-2e9e-4a3d-8356-3e3dccf0f89e","eClass":"sysml:FeatureTyping","data":{"elementId":"d80ce90a-d25c-4e75-a51f-f0c56bc4c314","type":"eb24fa12-d181-4b43-ab10-980ee02fd426","typedFeature":"5e69c357-0b56-4979-b437-5b53ec0b6343"}}],"isComposite":true}}],"memberElement":"5e69c357-0b56-4979-b437-5b53ec0b6343"}},{"id":"8dbc52fa-9b20-42f2-a031-e3605fdba54b","eClass":"sysml:FeatureMembership","data":{"elementId":"3999f9e3-732a-408a-be16-4084f0e187e8","ownedRelatedElement":[{"id":"615fd6a7-d4ed-4365-9528-576fb99a14f4","eClass":"sysml:PartUsage","data":{"declaredName":"weapon","elementId":"b467f458-163e-405a-bfcc-7750c0e49cc8","ownedRelationship":[{"id":"f876ef1b-701e-48b8-a9f2-5af4a17c818f","eClass":"sysml:FeatureTyping","data":{"elementId":"f7fdba28-8048-4120-b714-8bf7956e6dbc","typedFeature":"b467f458-163e-405a-bfcc-7750c0e49cc8"}}],"isComposite":true}}],"memberElement":"b467f458-163e-405a-bfcc-7750c0e49cc8"}},{"id":"a90000fa-2040-4ed7-8bda-faeb4c458727","eClass":"sysml:FeatureMembership","data":{"elementId":"5aad8f70-bf41-42d5-bed6-a7f02c67e200","ownedRelatedElement":[{"id":"d71f743d-e56a-4eb1-9804-0c08ac5716ce","eClass":"sysml:PartUsage","data":{"declaredName":"target","elementId":"33c24f75-ab29-4b35-80a2-3ccef9b6eb75","ownedRelationship":[{"id":"1ad400db-2641-4c63-b7c7-4440ae627b89","eClass":"sysml:FeatureTyping","data":{"elementId":"27043604-c64b-49b1-8baa-43600f6a54aa","typedFeature":"33c24f75-ab29-4b35-80a2-3ccef9b6eb75"}}],"isComposite":true}}],"memberElement":"33c24f75-ab29-4b35-80a2-3ccef9b6eb75"}},{"id":"091acc64-e8e5-4446-8729-fce437174a23","eClass":"sysml:FeatureMembership","data":{"elementId":"53acb286-1156-4787-aeae-04158829d5d9","ownedRelatedElement":[{"id":"cc6bc977-05f9-4c0c-896c-0a08e5a12932","eClass":"sysml:InterfaceUsage","data":{"declaredName":"playerToWeapon","elementId":"8f131222-ebc4-4971-b576-c8cc302aac87","ownedRelationship":[{"id":"f0d34ebe-289b-49cf-b976-9ce1a8067237","eClass":"sysml:OwningMembership","data":{"elementId":"dae3b42c-b7a8-4497-8905-ad94d095184e","ownedRelatedElement":[{"id":"0e0eb88e-319a-457b-8ea0-9602b7a08a47","eClass":"sysml:Documentation","data":{"elementId":"e7374d58-0041-40f5-92cc-2887598aebe8","body":"playerToWeapon connects the Player's trigger action to the Weapon's firing mechanism,                 enabling the Player to shoot through the Weapon. This interface ensures that the Player's trigger action successfully initiates the firing sequence in the Weapon."}}],"memberElement":"e7374d58-0041-40f5-92cc-2887598aebe8"}},{"id":"c3c8c90e-7da7-4e6d-89e5-2f88312f701e","eClass":"sysml:FeatureTyping","data":{"elementId":"da8977d5-7fa7-4a7e-b6df-294f2efe4782","typedFeature":"8f131222-ebc4-4971-b576-c8cc302aac87"}}],"isComposite":true}}],"memberElement":"8f131222-ebc4-4971-b576-c8cc302aac87"}},{"id":"17096d35-37c9-4ef8-8451-45186576cad4","eClass":"sysml:FeatureMembership","data":{"elementId":"ae7d7845-90b2-4b3f-b8d2-0e1f62de8179","ownedRelatedElement":[{"id":"a251ef78-8853-47e1-94a6-4222fc9e15c1","eClass":"sysml:InterfaceUsage","data":{"declaredName":"weaponToTarget","elementId":"ae2953ff-ef2d-47bd-a3c1-09ef7c5b51f9","ownedRelationship":[{"id":"6d5f95b3-d19e-46a6-b9dd-d1ce0714fe37","eClass":"sysml:OwningMembership","data":{"elementId":"eb9bc2db-39fa-4792-a1ab-d17c3537ac04","ownedRelatedElement":[{"id":"270e44f1-9170-49a7-aae4-01f98894ef63","eClass":"sysml:Documentation","data":{"elementId":"bd5f5a21-3a5c-4e1a-b60b-22b4b8f59901","body":"weaponToTarget connects the Weapon's bullet to the Target's hit area, providing the  mechanism to detect when a fired bullet hits the Target. This interface is critical for implementing hit detection, which enables the game to respond appropriately when the Target is hit."}}],"memberElement":"bd5f5a21-3a5c-4e1a-b60b-22b4b8f59901"}},{"id":"62cf38e9-aed4-4347-815c-12960b8bd70d","eClass":"sysml:FeatureTyping","data":{"elementId":"466b94a0-b4ba-431e-83b0-2219c0c2a937","typedFeature":"ae2953ff-ef2d-47bd-a3c1-09ef7c5b51f9"}}],"isComposite":true}}],"memberElement":"ae2953ff-ef2d-47bd-a3c1-09ef7c5b51f9"}},{"id":"4f9f914c-a06f-48e0-8443-72ab0b811f7a","eClass":"sysml:FeatureMembership","data":{"elementId":"5e3ff50d-2596-46d7-945c-6d22100914a2","ownedRelatedElement":[{"id":"d3f5a318-becc-4ed5-a0bc-b49196da7d2b","eClass":"sysml:ActionUsage","data":{"declaredName":"gameLoop","elementId":"5270c91f-fa51-4d93-a631-3e1924d053cf","ownedRelationship":[{"id":"b8ca9ac2-0ef6-42ff-9d5d-9263c249d5bc","eClass":"sysml:OwningMembership","data":{"elementId":"bd1265f4-c43c-4000-be02-c102cd7a3218","ownedRelatedElement":[{"id":"198fba12-7502-4ef3-8078-860d86e643cf","eClass":"sysml:Documentation","data":{"elementId":"190ea679-fe6e-4adb-b5d1-f1c1b540a096","body":"gameLoop defines the primary sequence of actions that occur during gameplay. \n                It begins with starting the game, proceeds to check if a hit occurred, \n                updates the score if a hit is detected, and loops until the game ends."}}],"memberElement":"190ea679-fe6e-4adb-b5d1-f1c1b540a096"}},{"id":"f7611972-bd45-41ff-8539-706fb4cfed23","eClass":"sysml:FeatureMembership","data":{"elementId":"f863f192-1c55-48b5-91a2-d70516ff097c","ownedRelatedElement":[{"id":"5ac8b3f9-8f54-4ad8-874d-35bc8a96237e","eClass":"sysml:ActionUsage","data":{"declaredName":"startGame","elementId":"69e3454e-a54c-4d31-82c5-0210f74d9cc2","isComposite":true}}],"memberElement":"69e3454e-a54c-4d31-82c5-0210f74d9cc2"}},{"id":"7f77995e-6b67-4dd4-9ee0-a0f8c9ab2bc9","eClass":"sysml:FeatureMembership","data":{"elementId":"7ba14d69-d876-4ed6-b36e-d3c1066e24eb","ownedRelatedElement":[{"id":"1cf7d686-9bef-4e44-9c49-a73facc2be8e","eClass":"sysml:ActionUsage","data":{"declaredName":"checkHit","elementId":"85e1b8d5-79d3-4d2e-918a-1eb3197ffb57","isComposite":true}}],"memberElement":"85e1b8d5-79d3-4d2e-918a-1eb3197ffb57"}},{"id":"b07cdf58-8e99-44c3-b1fe-72394e223d89","eClass":"sysml:FeatureMembership","data":{"elementId":"9bb6b2f5-77cb-4b88-9834-4673c9f4f7d1","ownedRelatedElement":[{"id":"19975697-7a82-459b-9d79-e68cba545cb2","eClass":"sysml:ActionUsage","data":{"declaredName":"updateScore","elementId":"dc755fe5-d04d-4c61-afa8-9f77395957fa","isComposite":true}}],"memberElement":"dc755fe5-d04d-4c61-afa8-9f77395957fa"}},{"id":"e361840d-7992-44ff-831c-29c47693bcfe","eClass":"sysml:FeatureMembership","data":{"elementId":"6e83a1dd-0270-45f6-a5aa-257932a63995","ownedRelatedElement":[{"id":"8f5070fe-44b5-45ef-a1ea-5bdadf46a77b","eClass":"sysml:SuccessionFlowConnectionUsage","data":{"elementId":"fc2b2069-b590-4b01-9326-b660ca977a60","isComposite":true}}],"memberElement":"fc2b2069-b590-4b01-9326-b660ca977a60"}},{"id":"542d95a1-96ec-4641-a4fc-f186e82fd56e","eClass":"sysml:FeatureMembership","data":{"elementId":"e8ca51c4-d75d-481a-91fd-b5342177be36","ownedRelatedElement":[{"id":"b43abb9f-fca4-4eb7-b18a-9291dc92aeec","eClass":"sysml:SuccessionFlowConnectionUsage","data":{"elementId":"82b2f19d-3ec9-4f21-87b7-bf95338eb4ea","isComposite":true}}],"memberElement":"82b2f19d-3ec9-4f21-87b7-bf95338eb4ea"}}],"isComposite":true}}],"memberElement":"5270c91f-fa51-4d93-a631-3e1924d053cf"}}]}}],"memberElement":"e1329bf7-d033-4df1-baff-a74724a3fd6b"}},{"id":"85f407f1-09be-4131-a388-3cf77e2444e9","eClass":"sysml:OwningMembership","data":{"elementId":"15edbdc0-380b-48e5-bce1-d8a8261d2333","ownedRelatedElement":[{"id":"7b17d786-29b6-4149-a18d-a5c7876a830a","eClass":"sysml:PartDefinition","data":{"declaredName":"Player","elementId":"eb24fa12-d181-4b43-ab10-980ee02fd426","ownedRelationship":[{"id":"b9a7b2df-0758-4dde-b303-5028c9fa8b7d","eClass":"sysml:OwningMembership","data":{"elementId":"e09aa2bc-2c90-4368-bdb7-dd26f35e4c77","ownedRelatedElement":[{"id":"1b567b63-9315-4fab-ab67-90211ae1ce50","eClass":"sysml:Documentation","data":{"elementId":"49f6e9bc-2fa4-4783-9ad9-906221b8ca61","body":"Player represents the main character or user-controlled entity within the game. \n            The Player interacts with the Weapon to shoot at Targets and has a health attribute \n            that could be used for player endurance or survival mechanics."}}],"memberElement":"49f6e9bc-2fa4-4783-9ad9-906221b8ca61"}},{"id":"539be8a4-f513-4da0-b0dd-2b3058adbbea","eClass":"sysml:FeatureMembership","data":{"elementId":"0411554b-c1dd-46f0-8825-ddca7308d04c","ownedRelatedElement":[{"id":"b221505f-ab81-47f9-a87d-0f4f7e3fc502","eClass":"sysml:AttributeUsage","data":{"declaredName":"health","elementId":"57114df6-d414-410e-8b76-e269c96853e3","ownedRelationship":[{"id":"767ad79f-6b28-4cda-9042-b07dcb8b0588","eClass":"sysml:FeatureTyping","data":{"elementId":"face822d-41dc-43cc-961a-01017e75a20c","typedFeature":"57114df6-d414-410e-8b76-e269c96853e3"}},{"id":"09be03ea-f3f8-46dc-8688-6c265678ccfc","eClass":"sysml:FeatureValue","data":{"elementId":"3ecb3493-d659-44d8-b002-fef10d3a85e9","ownedRelatedElement":[{"id":"d8165c7d-ebc4-465a-8d12-619a9e67065a","eClass":"sysml:LiteralInteger","data":{"elementId":"484fd559-98c8-4d88-8c33-6cc5aeb06474","value":100}}],"memberElement":"484fd559-98c8-4d88-8c33-6cc5aeb06474"}}],"isComposite":true}}],"memberElement":"57114df6-d414-410e-8b76-e269c96853e3"}},{"id":"fbfef737-b521-413f-bf39-d0ff5457c09c","eClass":"sysml:OwningMembership","data":{"elementId":"0edf4ada-1ff5-44cb-9e86-6ac5394145be","ownedRelatedElement":[{"id":"394dc6c4-1282-4a52-8753-ca47756859d8","eClass":"sysml:ActionDefinition","data":{"declaredName":"triggerFire","elementId":"6d994ff0-c67e-4f09-a7f6-72533910e903","ownedRelationship":[{"id":"f7289e9f-a501-4e86-bf81-010a444496ca","eClass":"sysml:OwningMembership","data":{"elementId":"d1d5ed66-c9bf-43a9-828f-6c14fbaba32e","ownedRelatedElement":[{"id":"71f1ce9f-1ef5-4e99-aafc-20d49338a670","eClass":"sysml:Documentation","data":{"elementId":"f18e23d7-4f5a-44d9-8d4b-9bb7e5b86521","body":"triggerFire is the action that the Player performs to initiate a shot. \n                It acts as the initial trigger, which then activates the Weapon?s firing mechanism."}}],"memberElement":"f18e23d7-4f5a-44d9-8d4b-9bb7e5b86521"}}]}}],"memberElement":"6d994ff0-c67e-4f09-a7f6-72533910e903"}}]}}],"memberElement":"eb24fa12-d181-4b43-ab10-980ee02fd426"}}]}}]}}]}}]}},{"id":"7f2a3fd7-3204-4280-8c0f-f3847b9c4504","eClass":"sysml:OwningMembership","data":{"elementId":"d484828b-ca47-465f-badd-807fbe853e5f","ownedRelatedElement":[{"id":"b5c312c8-12d5-48f3-b473-d02f2094102d","eClass":"sysml:Package","data":{"declaredName":"PoC","elementId":"b116734a-0bea-478c-aea8-eedeb56afa9c","ownedRelationship":[{"id":"b9b17cc1-fc64-4e9d-b022-907f09670aed","eClass":"sysml:OwningMembership","data":{"elementId":"0fdcdb80-bc5c-4b20-81f1-d3e2270bca4e","ownedRelatedElement":[{"id":"f8450f0d-1a43-4579-b51b-4484c75a4ef2","eClass":"sysml:Package","data":{"declaredName":"Shooting Game POC","elementId":"bc1a5aa7-6f8e-4803-9c82-ffbe1b489e6d","ownedRelationship":[{"id":"7497444a-16bd-40d6-b86a-800847494366","eClass":"sysml:OwningMembership","data":{"elementId":"f5388efc-cc3f-4b42-b73e-e12616fea6b4","ownedRelatedElement":[{"id":"00818cdf-27dc-4a88-883d-f2e62ac4b633","eClass":"sysml:PartDefinition","data":{"declaredName":"GameEnvironment","elementId":"d8d3e613-4ec9-4608-914b-829249aedf1d","ownedRelationship":[{"id":"8d1f71d1-f83a-47b8-9db0-529b5ffed75c","eClass":"sysml:OwningMembership","data":{"elementId":"7b7d3a7a-315d-4bbb-b685-7b5c6e940e23","ownedRelatedElement":[{"id":"21c1d760-fb2e-4830-bb89-5e45f2ceedc6","eClass":"sysml:Documentation","data":{"elementId":"09bcf709-fd58-4e89-9cf9-28459813d748","body":"GameEnvironment POC contains the basic parts (Player, Weapon, Target) \n            and establishes their core interactions for a proof of concept."}}],"memberElement":"09bcf709-fd58-4e89-9cf9-28459813d748"}},{"id":"3d3c9d46-a225-41da-995b-b9a6a6da9413","eClass":"sysml:FeatureMembership","data":{"elementId":"7b0665f2-8070-46f6-8c38-d945ef06a357","ownedRelatedElement":[{"id":"7a3e9d69-1699-41cd-9694-f8aa1c4ecd76","eClass":"sysml:PartUsage","data":{"declaredName":"player","elementId":"b0d52b56-ec3c-4223-90b8-c2b5175ac07a","ownedRelationship":[{"id":"8add393e-cdda-4e13-9698-13b0567b1ae4","eClass":"sysml:FeatureTyping","data":{"elementId":"68814eb1-c2e0-49d0-b3c9-2463378b14bf","type":"07018d35-85e6-40c8-a3aa-6062f72ec554","typedFeature":"b0d52b56-ec3c-4223-90b8-c2b5175ac07a"}}],"isComposite":true}}],"memberElement":"b0d52b56-ec3c-4223-90b8-c2b5175ac07a"}},{"id":"03752897-1902-4f45-9ab2-612e561258d8","eClass":"sysml:FeatureMembership","data":{"elementId":"de2743d8-054c-4394-a36e-7ad7aae5247b","ownedRelatedElement":[{"id":"23abba73-25e7-43cd-818a-94a50740ac39","eClass":"sysml:PartUsage","data":{"declaredName":"weapon","elementId":"3d2748d4-93e6-4680-b033-7e761e1e0509","ownedRelationship":[{"id":"561f9f2e-a519-4153-b310-38f856d36df0","eClass":"sysml:FeatureTyping","data":{"elementId":"52c0aa73-dfc8-41e4-8280-ed615722e1b2","type":"a11ea6ae-b8a7-4635-a478-d7fcc86317f6","typedFeature":"3d2748d4-93e6-4680-b033-7e761e1e0509"}}],"isComposite":true}}],"memberElement":"3d2748d4-93e6-4680-b033-7e761e1e0509"}},{"id":"30419019-4e32-4fea-9faf-db2261c0263f","eClass":"sysml:FeatureMembership","data":{"elementId":"afcd0dbb-bcac-42f7-8acd-94c88f357475","ownedRelatedElement":[{"id":"89b901d7-96d6-4a09-8ee1-e340b19cf7fd","eClass":"sysml:PartUsage","data":{"declaredName":"target","elementId":"b0db2a62-7a3b-4e5a-b88b-3b50914affac","ownedRelationship":[{"id":"e220b36f-fd43-4847-bbf3-a43f023e5ea7","eClass":"sysml:FeatureTyping","data":{"elementId":"1cbfc47a-974d-479d-9264-3754da95f7dc","type":"sysml:Type syson-import:qualifiedName#Target","typedFeature":"b0db2a62-7a3b-4e5a-b88b-3b50914affac"}}],"isComposite":true}}],"memberElement":"b0db2a62-7a3b-4e5a-b88b-3b50914affac"}},{"id":"39ed066a-42b2-4b40-9f11-c6b7055a295a","eClass":"sysml:FeatureMembership","data":{"elementId":"c74d42be-693a-4261-bafb-60acfe466c56","ownedRelatedElement":[{"id":"6b28d63e-5dad-44aa-8509-4ad844977768","eClass":"sysml:InterfaceUsage","data":{"declaredName":"playerToWeapon","elementId":"cf75f36a-eb39-4b7b-8870-16cb9cb83b4f","ownedRelationship":[{"id":"634992b9-1607-4ef7-8cb1-11b0d3481877","eClass":"sysml:FeatureTyping","data":{"elementId":"e5eefcb5-dc8d-4f85-9fb9-9d84650c14e6","type":"sysml:Type syson-import:qualifiedName#PlayerWeaponConnection","typedFeature":"cf75f36a-eb39-4b7b-8870-16cb9cb83b4f"}}],"isComposite":true}}],"memberElement":"cf75f36a-eb39-4b7b-8870-16cb9cb83b4f"}},{"id":"89be5c09-04e6-4732-bdc0-44189d0cc4a0","eClass":"sysml:FeatureMembership","data":{"elementId":"7076285c-d838-4564-9107-b745346d6155","ownedRelatedElement":[{"id":"12d38e5c-e1b0-4f24-84e9-5b92838fb67b","eClass":"sysml:InterfaceUsage","data":{"declaredName":"weaponToTarget","elementId":"276f4385-0c31-4933-b056-4aa859d98b59","ownedRelationship":[{"id":"3d43bb94-2434-4d8f-8b01-b13560ce5823","eClass":"sysml:FeatureTyping","data":{"elementId":"245eb943-6fd6-4d52-aeb1-e025e90367d6","type":"sysml:Type syson-import:qualifiedName#HitDetection","typedFeature":"276f4385-0c31-4933-b056-4aa859d98b59"}}],"isComposite":true}}],"memberElement":"276f4385-0c31-4933-b056-4aa859d98b59"}}]}}],"memberElement":"d8d3e613-4ec9-4608-914b-829249aedf1d"}},{"id":"0bd2defd-65d6-4f1a-9198-fa2d0b82591f","eClass":"sysml:OwningMembership","data":{"elementId":"fe546e2f-a861-439c-b2a8-42cb2d52104c","ownedRelatedElement":[{"id":"7138b0e7-6719-457f-b949-0b677b060c88","eClass":"sysml:PartDefinition","data":{"declaredName":"Player","elementId":"07018d35-85e6-40c8-a3aa-6062f72ec554","ownedRelationship":[{"id":"1c5fb449-6d6a-4d0e-b2a9-076cd975484e","eClass":"sysml:OwningMembership","data":{"elementId":"371806f7-fba8-45eb-86e5-6f0c88ed6629","ownedRelatedElement":[{"id":"fff8130a-a530-44ce-b2ce-5fca10d94d27","eClass":"sysml:Documentation","data":{"elementId":"c4761b5a-528b-4595-8add-16bc579f01ea","body":"The Player in this POC can trigger the weapon to fire but has no health management."}}],"memberElement":"c4761b5a-528b-4595-8add-16bc579f01ea"}},{"id":"d8680bbe-2c35-401e-af48-3c5d57d16195","eClass":"sysml:OwningMembership","data":{"elementId":"4ded7666-c80f-4bd5-97e8-ff5117f207fa","ownedRelatedElement":[{"id":"66fbc244-019b-4be7-8f51-7a928d42d959","eClass":"sysml:ActionDefinition","data":{"declaredName":"triggerFire","elementId":"869f2548-5f2f-4fa2-8c07-1d9754279c51","ownedRelationship":[{"id":"46bcfe9b-9813-4509-8ea3-9023e0acda37","eClass":"sysml:OwningMembership","data":{"elementId":"7a5a524f-de11-4d8f-bddc-1f361cddea5e","ownedRelatedElement":[{"id":"ad5d0e09-4540-46f3-8610-3c3f3f4c5e82","eClass":"sysml:Documentation","data":{"elementId":"40846872-6e88-471a-9285-211cf3250ebe","body":"Action to initiate firing from the Weapon."}}],"memberElement":"40846872-6e88-471a-9285-211cf3250ebe"}}]}}],"memberElement":"869f2548-5f2f-4fa2-8c07-1d9754279c51"}}]}}],"memberElement":"07018d35-85e6-40c8-a3aa-6062f72ec554"}},{"id":"394bc592-0644-43ea-aaf6-791a238e2a77","eClass":"sysml:OwningMembership","data":{"elementId":"c3a18f77-2ce2-49f0-9cdc-b3363cd59fd3","ownedRelatedElement":[{"id":"11030202-4b5c-428b-b4e1-8371b89b4d5d","eClass":"sysml:PartDefinition","data":{"declaredName":"Weapon","elementId":"a11ea6ae-b8a7-4635-a478-d7fcc86317f6","ownedRelationship":[{"id":"0b1eb198-b5d2-4534-a0be-ef833da7d6c6","eClass":"sysml:OwningMembership","data":{"elementId":"59a3094c-df07-4861-ae28-fb7f25784f4b","ownedRelatedElement":[{"id":"3aa12ed5-1288-44e4-979c-69656c164aef","eClass":"sysml:Documentation","data":{"elementId":"82e2166a-ebce-4a88-a08b-03b620c6ad89","body":"The Weapon in this POC has basic firing capability and limited ammo tracking."}}],"memberElement":"82e2166a-ebce-4a88-a08b-03b620c6ad89"}},{"id":"f7d5ae9d-bb65-465e-8d24-21cd4543c4fa","eClass":"sysml:FeatureMembership","data":{"elementId":"de2174d4-8eb8-4272-8796-3a2f99bd3e4d","ownedRelatedElement":[{"id":"696598e9-bbb5-4cb1-ad6a-aafe2cae6639","eClass":"sysml:AttributeUsage","data":{"declaredName":"ammo","elementId":"8deafd1e-7708-4ef1-b826-fdc11d3a8a2c","ownedRelationship":[{"id":"0f46c020-8c7c-4fb6-bced-8daed29476fc","eClass":"sysml:FeatureTyping","data":{"elementId":"65a1fdfe-485e-40d9-9506-51a6ccb89f6f","type":"sysml:Type syson-import:qualifiedName#Integer","typedFeature":"8deafd1e-7708-4ef1-b826-fdc11d3a8a2c"}},{"id":"f9b50c66-54f8-48c9-8094-204c66e46670","eClass":"sysml:FeatureValue","data":{"elementId":"81473f02-dcd9-4592-810a-0b883e8871f7","ownedRelatedElement":[{"id":"94dc5a61-8454-4775-a74e-65235aa6b562","eClass":"sysml:LiteralInteger","data":{"elementId":"05d33016-5cdf-4799-9617-de6511121edd","value":5}}],"memberElement":"05d33016-5cdf-4799-9617-de6511121edd"}}],"isComposite":true}}],"memberElement":"8deafd1e-7708-4ef1-b826-fdc11d3a8a2c"}},{"id":"51bb1eb6-993b-4c28-9204-840efe662418","eClass":"sysml:OwningMembership","data":{"elementId":"e0d7c480-8605-4800-a1cc-b0271d5cf533","ownedRelatedElement":[{"id":"9cf181e3-99fa-4d83-89f2-3c215e7de8a3","eClass":"sysml:ActionDefinition","data":{"declaredName":"trigger","elementId":"d851f3b0-d4e8-46a5-b5c3-cfdad61a690d","ownedRelationship":[{"id":"15dda725-de65-4e8e-ba8d-8e8611cc8e86","eClass":"sysml:OwningMembership","data":{"elementId":"5ea2e0fd-77a0-4f35-9f6b-ce978289e64f","ownedRelatedElement":[{"id":"9be2a36c-21c9-479e-a60a-85b92b751bd7","eClass":"sysml:Documentation","data":{"elementId":"cdab9dea-4026-447c-ad10-732952194044","body":"Action to shoot a bullet if ammo is available."}}],"memberElement":"cdab9dea-4026-447c-ad10-732952194044"}}]}}],"memberElement":"d851f3b0-d4e8-46a5-b5c3-cfdad61a690d"}}]}}],"memberElement":"a11ea6ae-b8a7-4635-a478-d7fcc86317f6"}}]}}]}}]}}]}},{"id":"b41cc85b-8639-40d1-9f99-83238dd05dbd","eClass":"sysml:OwningMembership","data":{"elementId":"48b4e1f1-2917-4b43-9177-b2cbcdf656d8","ownedRelatedElement":[{"id":"86509844-d8d1-4b45-98d7-7d4e7b653864","eClass":"sysml:Package","data":{"declaredName":"Package","elementId":"03530da9-fe7a-4cad-bdb7-420bc90490b9","ownedRelationship":[{"id":"9c3f2374-cbfe-4e31-b5e4-d672b3808a02","eClass":"sysml:OwningMembership","data":{"elementId":"a451d0b9-da9c-4214-bc98-6132174498c4","ownedRelatedElement":[{"id":"4e9d38c5-3ca2-469d-8227-45955dd70c8a","eClass":"sysml:Package","data":{"declaredName":"Requirements and Use Case","elementId":"f38a9015-5860-4ff9-90ba-9918134a3a46","ownedRelationship":[{"id":"dcf69497-2c7c-4632-920c-0f85608b30ac","eClass":"sysml:OwningMembership","data":{"elementId":"99acb5b7-7b6e-4e8e-8002-647c54b91d9e","ownedRelatedElement":[{"id":"11ce66a6-b0f4-4019-baad-90a936a8b86e","eClass":"sysml:Package","data":{"declaredName":"Game Requirements","elementId":"8bcaa2fb-9657-4aee-a40e-480d2c521393","ownedRelationship":[{"id":"44259001-1019-41a3-b7f5-53f1f4322b83","eClass":"sysml:OwningMembership","data":{"elementId":"b6cccd22-26f4-43a6-ab95-69918e4919ee","ownedRelatedElement":[{"id":"26f9569c-aa93-4551-9af6-a8d78aecd0bd","eClass":"sysml:RequirementDefinition","data":{"declaredName":"FireWeaponRequirement","declaredShortName":"R1","elementId":"e4fd7ccd-8108-404b-8ffa-119daa95d68f","ownedRelationship":[{"id":"baa954a7-ed06-4037-94f5-ad05c8bbc3e2","eClass":"sysml:OwningMembership","data":{"elementId":"8bc71ab0-77f1-445c-b978-b3b0fa14ab94","ownedRelatedElement":[{"id":"72a26326-a473-4eb4-b6a3-a5a7c1655430","eClass":"sysml:Documentation","data":{"elementId":"70907c11-9b69-4064-b3cf-370d0f31b3ee","body":"The player shall be able to fire the weapon if there is ammunition available."}}],"memberElement":"70907c11-9b69-4064-b3cf-370d0f31b3ee"}},{"id":"ec13f993-cf19-4c4e-946c-f9f76a8d9ddd","eClass":"sysml:SubjectMembership","data":{"elementId":"d6264fc2-bba0-4037-bf86-e21c035f6063","ownedRelatedElement":[{"id":"1d41bc08-f0fd-4c87-b6af-170d07b3285b","eClass":"sysml:ReferenceUsage","data":{"declaredName":"player","elementId":"fcce476f-644b-4c19-977c-a15cac92e6ec","ownedRelationship":[{"id":"9b39310e-4255-4656-a474-c06a3a209235","eClass":"sysml:FeatureTyping","data":{"elementId":"0111c661-d024-4fe0-82b8-66b637b21c0f","typedFeature":"fcce476f-644b-4c19-977c-a15cac92e6ec"}}],"isComposite":true}}],"memberElement":"fcce476f-644b-4c19-977c-a15cac92e6ec"}},{"id":"46ca6bfd-c173-4d69-a14f-af9c6619b666","eClass":"sysml:SubjectMembership","data":{"elementId":"0be59c2c-0e56-446a-8e2c-94522fea033f","ownedRelatedElement":[{"id":"4f8236eb-8c05-4669-bf62-34b1b26519c3","eClass":"sysml:ReferenceUsage","data":{"declaredName":"weapon","elementId":"80fc1620-a0b5-4c95-9197-5ede548079c6","ownedRelationship":[{"id":"ce724745-2883-4ee2-9f33-4335979ca0a9","eClass":"sysml:FeatureTyping","data":{"elementId":"47435a00-6fc8-42e5-aed3-9dace0328d1a","type":"sysml:Type syson-import:qualifiedName#Weapon","typedFeature":"80fc1620-a0b5-4c95-9197-5ede548079c6"}}],"isComposite":true}}],"memberElement":"80fc1620-a0b5-4c95-9197-5ede548079c6"}},{"id":"cc2f70d2-0b78-4e16-af36-48c2cd0417f3","eClass":"sysml:FeatureMembership","data":{"elementId":"e5418f21-b1a4-4a25-b935-9b3f737b404a","ownedRelatedElement":[{"id":"89c7f09f-f76d-46f0-8132-de0ce67e839e","eClass":"sysml:AttributeUsage","data":{"declaredName":"ammoAvailable","elementId":"efa659ea-14a1-4fe6-99f7-0559dc68a036","ownedRelationship":[{"id":"abf2b63d-b26c-404e-a59c-6c52f9992642","eClass":"sysml:FeatureTyping","data":{"elementId":"5c0e447c-2fa2-4271-9d31-808f472d7139","typedFeature":"efa659ea-14a1-4fe6-99f7-0559dc68a036"}},{"id":"f0101f42-6bbd-4c9c-b988-04922baea25e","eClass":"sysml:FeatureValue","data":{"elementId":"5c4f258b-ed22-4f56-9484-51ea6b8baed8","ownedRelatedElement":[{"id":"d9cad7e6-23e4-4c8c-9b34-4ce7c0c92307","eClass":"sysml:OperatorExpression","data":{"elementId":"da6f7083-0796-4f9c-8a7f-65ac6067b481","operator":">"}}],"memberElement":"da6f7083-0796-4f9c-8a7f-65ac6067b481"}}],"isComposite":true}}],"memberElement":"efa659ea-14a1-4fe6-99f7-0559dc68a036"}},{"id":"93b5ae70-60cb-4195-b487-d12a1724e177","eClass":"sysml:RequirementConstraintMembership","data":{"elementId":"9f259a3c-b673-4b7e-a5d1-a8907bc4d144","ownedRelatedElement":[{"id":"62bbe6c9-6644-44af-a23d-ffa67b06b840","eClass":"sysml:ConstraintUsage","data":{"elementId":"dc97c181-7f6c-4532-a8f3-78fe52e34177","isComposite":true}}],"memberElement":"dc97c181-7f6c-4532-a8f3-78fe52e34177"}}]}}],"memberElement":"e4fd7ccd-8108-404b-8ffa-119daa95d68f"}},{"id":"85bef6ff-ffb5-4057-b869-5ec9ef8d63a4","eClass":"sysml:OwningMembership","data":{"elementId":"d30f435b-a5b7-41f2-8948-284a7d190163","ownedRelatedElement":[{"id":"394f82d0-4510-48a7-8451-0610c9d00e1f","eClass":"sysml:RequirementDefinition","data":{"declaredName":"HitDetectionRequirement","declaredShortName":"R2","elementId":"91840438-49f5-4ba8-8886-06a151ed0b62","ownedRelationship":[{"id":"e8d90eeb-1bf4-4a58-8a16-fd7496aa6ce6","eClass":"sysml:OwningMembership","data":{"elementId":"282d9709-f312-44ff-a73c-3fc55e3fc2a3","ownedRelatedElement":[{"id":"11a5fb5a-95aa-4e64-b772-79aabc8fd936","eClass":"sysml:Documentation","data":{"elementId":"0f31591d-3025-4352-9dd0-dffb1adde2f8","body":"The weapon shall detect when a fired bullet hits the target."}}],"memberElement":"0f31591d-3025-4352-9dd0-dffb1adde2f8"}},{"id":"710a7206-a84a-409b-b9f6-376ef40b0272","eClass":"sysml:SubjectMembership","data":{"elementId":"5253b218-cc22-4657-9f28-b25248d50d9d","ownedRelatedElement":[{"id":"384f505c-13aa-483d-a6db-f735f11eb96d","eClass":"sysml:ReferenceUsage","data":{"declaredName":"weapon","elementId":"e8b54dd8-8309-4885-ae87-36524c3fee29","ownedRelationship":[{"id":"e3948d3d-a903-4f3e-b5e7-5189c0820248","eClass":"sysml:FeatureTyping","data":{"elementId":"ca1cc34b-54d9-4e61-a72a-e53c9a877c43","typedFeature":"e8b54dd8-8309-4885-ae87-36524c3fee29"}}],"isComposite":true}}],"memberElement":"e8b54dd8-8309-4885-ae87-36524c3fee29"}},{"id":"02906987-a003-4438-a420-5f1f7aa48d12","eClass":"sysml:SubjectMembership","data":{"elementId":"12939b13-e839-461e-8ffe-c88776192391","ownedRelatedElement":[{"id":"adbe8686-3440-4409-ad34-4d1b79faccb3","eClass":"sysml:ReferenceUsage","data":{"declaredName":"target","elementId":"8eebede9-cf74-4dbc-86d8-377754115924","ownedRelationship":[{"id":"d45a170f-8767-4a87-9d39-3409e054ef45","eClass":"sysml:FeatureTyping","data":{"elementId":"18d27204-5425-44a4-934a-a1f7994f9be6","type":"sysml:Type syson-import:qualifiedName#Target","typedFeature":"8eebede9-cf74-4dbc-86d8-377754115924"}}],"isComposite":true}}],"memberElement":"8eebede9-cf74-4dbc-86d8-377754115924"}},{"id":"36c4a950-03e0-4443-8965-f60cf5cc914b","eClass":"sysml:RequirementConstraintMembership","data":{"elementId":"e4bbcd91-488f-46f6-8007-b9012f713991","ownedRelatedElement":[{"id":"f2d359c0-d667-493b-8bae-c8dd9cc5b3a4","eClass":"sysml:ConstraintUsage","data":{"elementId":"11c2738d-3d28-44c6-9d59-525506af6fd2","isComposite":true}}],"memberElement":"11c2738d-3d28-44c6-9d59-525506af6fd2"}},{"id":"43dfc81f-8a04-421c-8d6d-c0c3fad6cfd6","eClass":"sysml:FeatureMembership","data":{"elementId":"bed563a7-b24c-4c6f-b2bc-16912026f97f","ownedRelatedElement":[{"id":"77492b25-b649-46f4-98d3-02ebd0f6e8bc","eClass":"sysml:ReferenceUsage","data":{"declaredName":"intersects","elementId":"36ae27f2-4a53-498b-b50b-9837eb036601","isComposite":true}}],"memberElement":"36ae27f2-4a53-498b-b50b-9837eb036601"}},{"id":"faaeddf7-cc0a-4cd7-b8fe-d98058b47d6e","eClass":"sysml:FeatureMembership","data":{"elementId":"3ae97a9d-40c9-4cff-a4af-f39a64c059e7","ownedRelatedElement":[{"id":"322df97f-2374-47c2-9b77-dc8c34064e48","eClass":"sysml:ReferenceUsage","data":{"declaredName":"target","elementId":"f800e89d-2bb8-4deb-8a92-0de767d43076","isComposite":true}}],"memberElement":"f800e89d-2bb8-4deb-8a92-0de767d43076"}}]}}],"memberElement":"91840438-49f5-4ba8-8886-06a151ed0b62"}}]}}],"memberElement":"8bcaa2fb-9657-4aee-a40e-480d2c521393"}}]}}]}}]}}]}}]}}]}