{"json":{"version":"1.0","encoding":"utf-8"},"ns":{"sysml":"http://www.eclipse.org/syson/sysml"},"content":[{"id":"ac5fe860-a1ec-4278-aece-3b706c478647","eClass":"sysml:Namespace","data":{"elementId":"4a29685f-3e66-4fff-91ba-0ace06cc4cc4","ownedRelationship":[{"id":"2c5f4a43-21c4-4010-856b-759bd08d2efc","eClass":"sysml:OwningMembership","data":{"elementId":"0dfe31c5-8bc6-4cf8-9218-152f32457d2a","ownedRelatedElement":[{"id":"2ed3b911-1088-4eef-8213-434485b9dd15","eClass":"sysml:Package","data":{"declaredName":"Package 1","elementId":"98685d8a-7e1d-4795-aa8c-7a909208c9cd","ownedRelationship":[{"id":"e5938835-d014-445b-a7bc-85b7c65e03da","eClass":"sysml:OwningMembership","data":{"elementId":"9e6b2a79-adc8-4a99-8d16-6752c2a4ec05","ownedRelatedElement":[{"id":"c45a3f91-964f-436b-9f79-19117d86545a","eClass":"sysml:Package","data":{"declaredName":"ChairLiftSystem","elementId":"36196ecd-3bdf-4e53-a8b4-632ea7c1f095","ownedRelationship":[{"id":"8c1ab92a-a3cc-4d3b-8618-422ffa5a0fca","eClass":"sysml:OwningMembership","data":{"elementId":"afd7bbe6-2bef-455b-998e-1af34729cf5f","ownedRelatedElement":[{"id":"cba383af-5404-4113-ba37-3b39d090c790","eClass":"sysml:Documentation","data":{"elementId":"178faaf8-fdfd-4dfc-9a5c-c36819e6381f","body":"This chairs aim is to help users daily and allow them to stay in the same house \n        even if they cannot climb the stairs."}}],"memberElement":"178faaf8-fdfd-4dfc-9a5c-c36819e6381f"}},{"id":"9d730c5e-896e-4239-9274-28fd6baf9adc","eClass":"sysml:OwningMembership","data":{"elementId":"a4248d6e-ea1a-4857-9531-f1f898156ed9","ownedRelatedElement":[{"id":"9f733d06-a58f-470a-985f-e3e8f93e6f42","eClass":"sysml:Package","data":{"declaredName":"ChairComponents","elementId":"91b8cf19-095d-4141-b241-5f6d7d130895","ownedRelationship":[{"id":"cf741571-80fe-4685-847f-7dbd39e2b208","eClass":"sysml:OwningMembership","data":{"elementId":"8a1154a2-f10d-4d8e-926e-bd3b62a8e74a","ownedRelatedElement":[{"id":"e4cc4b66-4708-4d09-bab6-a21c6c2d31e3","eClass":"sysml:PartDefinition","data":{"declaredName":"Chair","elementId":"b44f69cb-9e1b-43ac-841a-d7085faa75e8","ownedRelationship":[{"id":"d73f563d-4192-4a88-bd8b-1140ad710123","eClass":"sysml:FeatureMembership","data":{"elementId":"08f63e08-b8fe-4635-bc87-127a1d68ccdb","ownedRelatedElement":[{"id":"9eba8c57-1dbb-4362-8428-04f3b80bfdc7","eClass":"sysml:AttributeUsage","data":{"declaredName":"materialType","elementId":"aaf97fcb-ea6d-48c5-93ae-109f2de95f73","isComposite":true}}],"memberElement":"aaf97fcb-ea6d-48c5-93ae-109f2de95f73"}},{"id":"9db3b970-5fa0-4dba-acaa-d5700bede199","eClass":"sysml:OwningMembership","data":{"elementId":"80d0242a-fd97-42b0-a3a0-70dede1ae3eb","ownedRelatedElement":[{"id":"2281c146-2917-4795-8d6b-d8d68ebfc84f","eClass":"sysml:Documentation","data":{"elementId":"a6d70fd3-74a7-48d1-9e02-9c08f27dfb7b","body":"The material of the chair should be soft for the user comfort"}}],"memberElement":"a6d70fd3-74a7-48d1-9e02-9c08f27dfb7b"}},{"id":"aebe23df-7ea9-4758-8a5c-9f6e0fef727e","eClass":"sysml:FeatureMembership","data":{"elementId":"c508aff3-de11-4069-9ea1-915d135f7578","ownedRelatedElement":[{"id":"a2679a69-f0c7-4849-9167-c128d975c790","eClass":"sysml:AttributeUsage","data":{"declaredName":"isFoldable","elementId":"cd1d1942-6265-415d-aea3-fe6f371bc440","ownedRelationship":[{"id":"f1b9b813-8908-414f-847b-2f7bc4c749ff","eClass":"sysml:FeatureTyping","data":{"elementId":"2960f4bf-f5c9-43b9-90fe-36a4735cdd83","type":"sysml:DataType kermllibrary:///b2c6dd37-2084-3ce4-9ce2-580fdf30629c#d1e9242d-b2e3-5270-bf69-4f4fb0447193","typedFeature":"cd1d1942-6265-415d-aea3-fe6f371bc440"}},{"id":"f1526260-324f-4d8c-b1de-30938b89aad9","eClass":"sysml:FeatureValue","data":{"elementId":"ccf33d7c-38bb-4931-9daa-5e6217156fef","ownedRelatedElement":[{"id":"237e2453-cd06-404b-975b-c0cc8738a2e6","eClass":"sysml:LiteralBoolean","data":{"elementId":"d6ca896f-0f06-4dca-b638-3605c3f74945"}}],"memberElement":"d6ca896f-0f06-4dca-b638-3605c3f74945"}}],"isComposite":true}}],"memberElement":"cd1d1942-6265-415d-aea3-fe6f371bc440"}},{"id":"59d571b2-be8f-4920-86f3-d781cbce60a2","eClass":"sysml:FeatureMembership","data":{"elementId":"0a6f6adf-7b23-499b-af34-cdbdebad635a","ownedRelatedElement":[{"id":"ec024e77-bb7d-4be7-9336-1ac31f76a03e","eClass":"sysml:PartUsage","data":{"declaredName":"armrest","elementId":"1accb0e3-66a4-42a2-afdf-b94db3189d59","ownedRelationship":[{"id":"f01be647-5f8f-4fd2-9eb9-2dcb8f33d532","eClass":"sysml:FeatureTyping","data":{"elementId":"8d941ace-3885-448f-b1fe-6ddd296582bc","type":"1f872299-6887-4908-8015-31fd5ec214d2","typedFeature":"1accb0e3-66a4-42a2-afdf-b94db3189d59"}}],"isComposite":true}}],"memberElement":"1accb0e3-66a4-42a2-afdf-b94db3189d59"}},{"id":"73bb93a3-3a88-45fb-8e69-dc8807731ed4","eClass":"sysml:FeatureMembership","data":{"elementId":"1a44df13-c9a2-450a-b669-b8c0f63edc65","ownedRelatedElement":[{"id":"4a4c91e3-14c5-4ffa-9c78-50658829a4d9","eClass":"sysml:PartUsage","data":{"declaredName":"footrest","elementId":"f1bd1a87-e7f5-4800-b67d-8c01ad07c244","ownedRelationship":[{"id":"3951fa9d-ddaf-4e04-8fcd-4299b385e18f","eClass":"sysml:FeatureTyping","data":{"elementId":"798f4366-bc81-40c9-bbb3-893dba4ecb22","type":"2b8f5c58-c266-4634-bbc8-85868cdd25f4","typedFeature":"f1bd1a87-e7f5-4800-b67d-8c01ad07c244"}}],"isComposite":true}}],"memberElement":"f1bd1a87-e7f5-4800-b67d-8c01ad07c244"}},{"id":"bb621fa4-dec3-4c40-a119-70c290eab669","eClass":"sysml:FeatureMembership","data":{"elementId":"ef28bab2-b2d6-4e04-a357-f29b8d8acc84","ownedRelatedElement":[{"id":"2b5e2944-11c7-4648-bc22-679722a1c8ae","eClass":"sysml:PartUsage","data":{"declaredName":"controlPanel","elementId":"477129d7-3b24-46bd-998b-5ff42f272459","ownedRelationship":[{"id":"0dfe696c-5616-40ac-aa76-23fd1bf113dc","eClass":"sysml:FeatureTyping","data":{"elementId":"81302911-ec0e-42df-ba88-47d6958467b7","type":"8f856899-2c00-47de-81ed-e2cdf4d292d7","typedFeature":"477129d7-3b24-46bd-998b-5ff42f272459"}}],"isComposite":true}}],"memberElement":"477129d7-3b24-46bd-998b-5ff42f272459"}},{"id":"1f970d48-1a0d-46de-ab12-e124d7bd2ef2","eClass":"sysml:FeatureMembership","data":{"elementId":"6faebb04-0a6e-4ab2-8e8c-b167263d8d90","ownedRelatedElement":[{"id":"0879523b-9c8e-4994-84ac-7161f62231a5","eClass":"sysml:PartUsage","data":{"declaredName":"chairBase","elementId":"95dfef33-ba39-46e8-b15e-cb9669cd8153","ownedRelationship":[{"id":"87f1e5b9-f125-4c70-be8f-45376b312a99","eClass":"sysml:FeatureTyping","data":{"elementId":"a0d23729-c099-460a-b269-50e4e48b1516","type":"ed1290e1-dfa1-4081-81aa-97ccb7e2daa1","typedFeature":"95dfef33-ba39-46e8-b15e-cb9669cd8153"}}],"isComposite":true}}],"memberElement":"95dfef33-ba39-46e8-b15e-cb9669cd8153"}}]}}],"memberElement":"b44f69cb-9e1b-43ac-841a-d7085faa75e8"}},{"id":"a1beb196-b670-4947-a352-cbb9c12e6a09","eClass":"sysml:OwningMembership","data":{"elementId":"3d7724c5-404c-4e27-a484-182123c6a686","ownedRelatedElement":[{"id":"e4b8dabc-77fc-47aa-82d9-7fbfacc196ec","eClass":"sysml:PartDefinition","data":{"declaredName":"ChairBase","elementId":"ed1290e1-dfa1-4081-81aa-97ccb7e2daa1","ownedRelationship":[{"id":"18e8f12e-7e7d-4c54-87bc-8e1856efb670","eClass":"sysml:OwningMembership","data":{"elementId":"07990428-62dc-45ed-ba36-d1391816f74d","ownedRelatedElement":[{"id":"23e2e9c9-ba24-4c25-b0f5-adcd7dda5afd","eClass":"sysml:Documentation","data":{"elementId":"0ac7f261-e5e9-4034-9344-6989d7e5c6a4","body":"This chair base should be able to help the user to get up by following and helping their mouvment"}}],"memberElement":"0ac7f261-e5e9-4034-9344-6989d7e5c6a4"}}]}}],"memberElement":"ed1290e1-dfa1-4081-81aa-97ccb7e2daa1"}},{"id":"ab7bf389-fa6a-4331-bd69-f8704ecedbbb","eClass":"sysml:OwningMembership","data":{"elementId":"19a1916a-0b00-4048-a3aa-65e13d9b89d8","ownedRelatedElement":[{"id":"b081d892-eed8-42ec-943a-1b2f25f0e1bf","eClass":"sysml:PartDefinition","data":{"declaredName":"Armrest","elementId":"1f872299-6887-4908-8015-31fd5ec214d2","ownedRelationship":[{"id":"c87ba076-d35a-415c-aded-b3d0e58e4151","eClass":"sysml:OwningMembership","data":{"elementId":"12e79e36-3e00-4c20-a380-d93b31362062","ownedRelatedElement":[{"id":"d2633ed0-da47-4c62-9ed4-a91c6a43b56a","eClass":"sysml:Documentation","data":{"elementId":"95101765-1333-493b-9db9-0eecd71d402b","body":"Provides support to help the user sit and stand up."}}],"memberElement":"95101765-1333-493b-9db9-0eecd71d402b"}},{"id":"f3d3fec3-2cbe-4b5c-b017-728d5fd5087a","eClass":"sysml:FeatureMembership","data":{"elementId":"e67519f3-49f5-4139-af86-fe7114e0a922","ownedRelatedElement":[{"id":"82f75786-1e33-4d4f-acd1-0805898855be","eClass":"sysml:PartUsage","data":{"declaredName":"controlPanel","elementId":"53934c60-4c42-4a2d-85b3-defd6504f39f","ownedRelationship":[{"id":"f933dd84-2c54-4c16-9f46-1ff7901d61f3","eClass":"sysml:FeatureTyping","data":{"elementId":"3de2c789-0221-45d5-b765-4c1513d27540","type":"8f856899-2c00-47de-81ed-e2cdf4d292d7","typedFeature":"53934c60-4c42-4a2d-85b3-defd6504f39f"}}],"isComposite":true}}],"memberElement":"53934c60-4c42-4a2d-85b3-defd6504f39f"}}]}}],"memberElement":"1f872299-6887-4908-8015-31fd5ec214d2"}},{"id":"5af89125-053a-4a74-8766-60470692a994","eClass":"sysml:OwningMembership","data":{"elementId":"9ee5dc6b-8873-4730-9a4d-cc1b13a79271","ownedRelatedElement":[{"id":"b43e0fdf-3003-49bf-835d-2a05507dbb9e","eClass":"sysml:PartDefinition","data":{"declaredName":"Footrest","elementId":"2b8f5c58-c266-4634-bbc8-85868cdd25f4","ownedRelationship":[{"id":"3b14b5f9-8d84-45f5-9750-e9e195a6743e","eClass":"sysml:OwningMembership","data":{"elementId":"6975364d-5503-4aa7-95ac-bf0cb6a5a206","ownedRelatedElement":[{"id":"4ba74547-ad77-4d1d-a44d-806c092a6a5b","eClass":"sysml:Documentation","data":{"elementId":"24508d3c-8eb2-421b-b12a-1692aa782e21","body":"Increases user comfort during usage."}}],"memberElement":"24508d3c-8eb2-421b-b12a-1692aa782e21"}}]}}],"memberElement":"2b8f5c58-c266-4634-bbc8-85868cdd25f4"}},{"id":"da44a531-79d0-48c0-a00d-2a04335a0061","eClass":"sysml:OwningMembership","data":{"elementId":"35b37d5c-ed18-497c-8207-e0685832b578","ownedRelatedElement":[{"id":"acf91b20-aef2-44c2-ad7e-12a865bfc1ff","eClass":"sysml:PartDefinition","data":{"declaredName":"ControlPanel","elementId":"8f856899-2c00-47de-81ed-e2cdf4d292d7","ownedRelationship":[{"id":"1b5708ea-cfb2-40e0-88f5-1c99205048fe","eClass":"sysml:OwningMembership","data":{"elementId":"4e2c29f7-df92-4034-8a20-5efabed5637b","ownedRelatedElement":[{"id":"537e5877-25e3-4137-9f24-64a426f762d9","eClass":"sysml:Documentation","data":{"elementId":"23f7c33f-b386-405e-bfe9-c36909fc8c30","body":"Panel to control chair functions located on the armrest."}}],"memberElement":"23f7c33f-b386-405e-bfe9-c36909fc8c30"}},{"id":"2ee3b586-8f32-4747-9d4c-6b99eff83975","eClass":"sysml:FeatureMembership","data":{"elementId":"d83e52ec-0267-463b-ac0a-aeb0daeb8b7d","ownedRelatedElement":[{"id":"b689029d-5bf1-4247-91a0-152c60540f71","eClass":"sysml:PortUsage","data":{"declaredName":"controlCommands","elementId":"4e0055bf-5e1c-477b-ab39-40e5e7852f8b","ownedRelationship":[{"id":"63dba15a-18da-439e-8c6c-7ad3809ae759","eClass":"sysml:FeatureTyping","data":{"elementId":"ea9e1287-8b2e-4352-9a35-1b1c3e650930","type":"35e94162-a07b-488c-a81e-8586531a5bd2","typedFeature":"4e0055bf-5e1c-477b-ab39-40e5e7852f8b"}}],"isComposite":true}}],"memberElement":"4e0055bf-5e1c-477b-ab39-40e5e7852f8b"}}]}}],"memberElement":"8f856899-2c00-47de-81ed-e2cdf4d292d7"}},{"id":"42eebbdd-4d0e-4115-ba06-1e0821962472","eClass":"sysml:OwningMembership","data":{"elementId":"30791556-6f2f-40af-9b0a-4bf2c0cbcaf0","ownedRelatedElement":[{"id":"232608cc-fe4a-4398-b6c5-91728a9f5c62","eClass":"sysml:PartDefinition","data":{"declaredName":"Motor","elementId":"f43e1bef-c39d-457c-a19c-ebcd0718ede8","ownedRelationship":[{"id":"dbf1aa46-8e8c-4d02-926e-aa5b0d23b5fb","eClass":"sysml:OwningMembership","data":{"elementId":"3fe88b74-b9e1-437c-b4fa-607910bdead9","ownedRelatedElement":[{"id":"5aafa75d-bdf3-4f35-91bf-f9fba9b986d7","eClass":"sysml:Documentation","data":{"elementId":"329f55c5-87d9-41bc-935c-cdeab1788ecd","body":"Provides the mechanical force needed to move the chair along the rail."}}],"memberElement":"329f55c5-87d9-41bc-935c-cdeab1788ecd"}},{"id":"49c6bc06-81ed-43bb-b675-82adbbc728a3","eClass":"sysml:FeatureMembership","data":{"elementId":"47d26eea-32a9-469e-83b2-f21898781ef3","ownedRelatedElement":[{"id":"d4b0ff60-8029-4d64-84d7-a6e8b9916e93","eClass":"sysml:PortUsage","data":{"declaredName":"inputPower","elementId":"b1973822-e52f-4804-be14-c55a54fbf19e","ownedRelationship":[{"id":"98990fdc-58cc-4e2e-bfee-b6fa61169ea5","eClass":"sysml:FeatureTyping","data":{"elementId":"adc3bf84-d939-43ab-a99b-076fde27817a","type":"294f91f3-7aa6-4d00-ab25-bb4ef4373e55","typedFeature":"b1973822-e52f-4804-be14-c55a54fbf19e"}}],"isComposite":true}}],"memberElement":"b1973822-e52f-4804-be14-c55a54fbf19e"}},{"id":"2e921de8-3ff0-44d7-bfe0-0b0479c25139","eClass":"sysml:FeatureMembership","data":{"elementId":"4eca7113-9278-47df-9521-40b95b03664f","ownedRelatedElement":[{"id":"4769c36c-67ea-4e4d-a098-15d843a57ec2","eClass":"sysml:PortUsage","data":{"declaredName":"movementControl","elementId":"dc7cbfe1-89f6-408e-942a-037ee8c8843e","ownedRelationship":[{"id":"3fc7384b-9cda-42b8-b48c-92e90a5edb45","eClass":"sysml:FeatureTyping","data":{"elementId":"a307e034-ca29-4771-8c7b-b494583146f7","type":"6c93c85e-5a37-401b-bad7-a7209aebe403","typedFeature":"dc7cbfe1-89f6-408e-942a-037ee8c8843e"}}],"isComposite":true}}],"memberElement":"dc7cbfe1-89f6-408e-942a-037ee8c8843e"}}]}}],"memberElement":"f43e1bef-c39d-457c-a19c-ebcd0718ede8"}},{"id":"4afc9def-be3f-49fc-9020-384ca509901c","eClass":"sysml:OwningMembership","data":{"elementId":"78c1d8bc-14ad-4903-b84d-8b39a19f610c","ownedRelatedElement":[{"id":"cea6a152-6257-4818-9745-fbe6fd8354b3","eClass":"sysml:PartDefinition","data":{"declaredName":"EnergySource","elementId":"aa323cd2-f9ee-4b83-848d-04a764bb60e3","ownedRelationship":[{"id":"e5e73e84-d939-4577-b5a3-d93b2abd01e5","eClass":"sysml:OwningMembership","data":{"elementId":"64881695-29ae-4ebc-b504-475f68a8e9f9","ownedRelatedElement":[{"id":"cedef64b-cc2f-4983-a867-fb85083d0ead","eClass":"sysml:Documentation","data":{"elementId":"858fcce3-4e03-45b6-b613-66d0754703a2","body":"Provides energy to the motor."}}],"memberElement":"858fcce3-4e03-45b6-b613-66d0754703a2"}},{"id":"95b2cb82-5103-4366-b5f2-15eede546f93","eClass":"sysml:FeatureMembership","data":{"elementId":"5ee49794-dab9-462d-9c10-23078189a683","ownedRelatedElement":[{"id":"385a68fc-c7ab-4fd3-a95a-728eae7bdea1","eClass":"sysml:AttributeUsage","data":{"declaredName":"powerCapacity","elementId":"2f9c9582-fa50-4041-8980-7d3c520a8d83","ownedRelationship":[{"id":"ca7bbb66-874b-4f5c-b465-cda9b59116b2","eClass":"sysml:FeatureTyping","data":{"elementId":"e01bf109-2ff5-418e-a7c8-b04dc4329f44","type":"sysml:DataType kermllibrary:///b2c6dd37-2084-3ce4-9ce2-580fdf30629c#14c0aa22-5489-59b5-b438-ded26e83ba31","typedFeature":"2f9c9582-fa50-4041-8980-7d3c520a8d83"}},{"id":"dd54b643-470e-4f5d-9138-ede79547211b","eClass":"sysml:FeatureValue","data":{"elementId":"4cac0aa7-d9c2-42fb-aa0c-776f9a0f741b","ownedRelatedElement":[{"id":"6d85a412-18a4-4f1a-80ee-4c12d9a781be","eClass":"sysml:LiteralInteger","data":{"elementId":"5dac1d56-0f27-42de-82e5-eabd563db983","value":500}}],"memberElement":"5dac1d56-0f27-42de-82e5-eabd563db983"}}],"isComposite":true}}],"memberElement":"2f9c9582-fa50-4041-8980-7d3c520a8d83"}},{"id":"ef225fc9-a566-49f1-ac01-234086d4ef52","eClass":"sysml:FeatureMembership","data":{"elementId":"5596ed66-bbfd-4602-8566-2e08607ba596","ownedRelatedElement":[{"id":"4969334b-bf88-4cca-87b2-5dd27bc25289","eClass":"sysml:PortUsage","data":{"declaredName":"outputPower","elementId":"d3dd8579-2eb4-404e-9256-ac08f65d3f50","ownedRelationship":[{"id":"0faf66b4-05df-4bed-b7cd-4646ef57fed7","eClass":"sysml:FeatureTyping","data":{"elementId":"508ed08c-6443-4590-9d6f-268658414091","type":"294f91f3-7aa6-4d00-ab25-bb4ef4373e55","typedFeature":"d3dd8579-2eb4-404e-9256-ac08f65d3f50"}}],"isComposite":true}}],"memberElement":"d3dd8579-2eb4-404e-9256-ac08f65d3f50"}}]}}],"memberElement":"aa323cd2-f9ee-4b83-848d-04a764bb60e3"}},{"id":"ed53b4e7-e596-4f21-8334-c2b1f2f4f27d","eClass":"sysml:OwningMembership","data":{"elementId":"fdbdc758-f35c-4bcf-993f-3dc61f12cf6d","ownedRelatedElement":[{"id":"854b1219-54e9-439a-a7b6-613af200a819","eClass":"sysml:PartDefinition","data":{"declaredName":"Rail","elementId":"9c1f35b9-d2d5-46a7-973d-d36c46ea6b73","ownedRelationship":[{"id":"210707ad-3017-4312-97f0-3b605b4d698b","eClass":"sysml:OwningMembership","data":{"elementId":"fba48cad-d08e-494d-b14b-2ff73a146623","ownedRelatedElement":[{"id":"381e34b8-3157-44db-9391-562d183df664","eClass":"sysml:Documentation","data":{"elementId":"81533326-1adf-429e-9c19-9e4e9e33308c","body":"Guides the chair lift along the stairs."}}],"memberElement":"81533326-1adf-429e-9c19-9e4e9e33308c"}},{"id":"6abcdde9-f53c-4f74-b651-f398e549fce1","eClass":"sysml:FeatureMembership","data":{"elementId":"9ec11567-2fcd-4459-a4d2-0a03fa14a2a9","ownedRelatedElement":[{"id":"a2d4b3fd-5fcb-4d6d-b180-17fb0ee8935f","eClass":"sysml:PartUsage","data":{"declaredName":"mountingElement","elementId":"d4dcede5-faff-4653-84ad-1acae869fbc4","ownedRelationship":[{"id":"1f999358-6ee2-4d44-8faf-0db287107f47","eClass":"sysml:FeatureTyping","data":{"elementId":"90ddaf5c-0905-4a93-bc52-95bed1707f6b","type":"56606fb9-2e3f-4a52-9fc4-5a5dd4ff6552","typedFeature":"d4dcede5-faff-4653-84ad-1acae869fbc4"}}],"isComposite":true}}],"memberElement":"d4dcede5-faff-4653-84ad-1acae869fbc4"}}]}}],"memberElement":"9c1f35b9-d2d5-46a7-973d-d36c46ea6b73"}},{"id":"25d60f8d-c524-4d62-95a1-d9f4d5a18b50","eClass":"sysml:OwningMembership","data":{"elementId":"26a01f27-9656-4da2-b3ab-b9597f200ec2","ownedRelatedElement":[{"id":"4712f1b8-2518-43d2-b506-f5ebfb7e0add","eClass":"sysml:PartDefinition","data":{"declaredName":"MountingElement","elementId":"56606fb9-2e3f-4a52-9fc4-5a5dd4ff6552","ownedRelationship":[{"id":"39b252c5-3364-4723-9f6a-3a96a1b6d9b5","eClass":"sysml:OwningMembership","data":{"elementId":"4222c030-3dd8-4354-8599-d109539b0006","ownedRelatedElement":[{"id":"eea52f6c-1cea-40f9-bb24-ce0e705b6a61","eClass":"sysml:Documentation","data":{"elementId":"896c6898-ed9c-463b-8de7-339fbc24074c","body":"Fixes the chair lift system to the wall, providing guidance."}}],"memberElement":"896c6898-ed9c-463b-8de7-339fbc24074c"}}]}}],"memberElement":"56606fb9-2e3f-4a52-9fc4-5a5dd4ff6552"}},{"id":"b484a68b-0455-4b90-9d45-a545ec08112c","eClass":"sysml:OwningMembership","data":{"elementId":"96b7b172-aead-4d38-b895-40a1eaf6f17e","ownedRelatedElement":[{"id":"ccf5b83b-d97f-4b04-8672-a1ebd54e2099","eClass":"sysml:PortDefinition","data":{"declaredName":"ControlCommandsPort","elementId":"35e94162-a07b-488c-a81e-8586531a5bd2","ownedRelationship":[{"id":"00decdd6-7fe2-4c8b-92dc-fc1d196d4157","eClass":"sysml:FeatureMembership","data":{"elementId":"61342c88-f849-4b11-9f54-e964ac8b8a27","ownedRelatedElement":[{"id":"890cfc55-fa97-475e-ac27-767244cddba3","eClass":"sysml:ReferenceUsage","data":{"declaredName":"moveCommand","elementId":"73bcbfb7-4b7d-4c85-9923-f007b56cce30","ownedRelationship":[{"id":"1af0d9b7-9b64-49b2-a9fd-57160bfcd3d7","eClass":"sysml:FeatureTyping","data":{"elementId":"d4fae68d-b3a3-49f9-846b-5f44522372d0","type":"892e1d8f-1586-4873-ba6e-242bc139245d","typedFeature":"73bcbfb7-4b7d-4c85-9923-f007b56cce30"}}],"isComposite":true}}],"memberElement":"73bcbfb7-4b7d-4c85-9923-f007b56cce30"}}]}}],"memberElement":"35e94162-a07b-488c-a81e-8586531a5bd2"}},{"id":"5f027d5f-0beb-4bd3-929c-3f7eb4a96944","eClass":"sysml:OwningMembership","data":{"elementId":"42f765f6-c141-49ac-b7ee-7ddb17e4550c","ownedRelatedElement":[{"id":"3932bf32-98f1-44a0-a633-ee3a213cb702","eClass":"sysml:PortDefinition","data":{"declaredName":"PowerPort","elementId":"294f91f3-7aa6-4d00-ab25-bb4ef4373e55","ownedRelationship":[{"id":"8ecc1733-5fde-4ffd-9785-2ed0e8607534","eClass":"sysml:FeatureMembership","data":{"elementId":"8ce38e39-2910-4001-a105-dedaabf21df4","ownedRelatedElement":[{"id":"b99983ee-c690-4747-a618-3527ffa68be4","eClass":"sysml:ReferenceUsage","data":{"declaredName":"powerSupply","elementId":"2356c898-153a-48d5-a6d1-090afcfa7659","ownedRelationship":[{"id":"4347d7e3-3df6-4ffe-888e-d5f84c4b1f1b","eClass":"sysml:FeatureTyping","data":{"elementId":"895d1bda-c76c-4966-af16-7d16f54eb8e5","type":"sysml:DataType kermllibrary:///b2c6dd37-2084-3ce4-9ce2-580fdf30629c#14c0aa22-5489-59b5-b438-ded26e83ba31","typedFeature":"2356c898-153a-48d5-a6d1-090afcfa7659"}}],"isComposite":true}}],"memberElement":"2356c898-153a-48d5-a6d1-090afcfa7659"}}]}}],"memberElement":"294f91f3-7aa6-4d00-ab25-bb4ef4373e55"}},{"id":"db84a7c9-2b85-46ad-ac33-216cb9692577","eClass":"sysml:OwningMembership","data":{"elementId":"acb2c69f-2a6f-4801-b73f-ad4cf7d13931","ownedRelatedElement":[{"id":"8f689439-1c86-4da9-bc47-a0b6b36e706f","eClass":"sysml:PortDefinition","data":{"declaredName":"MovementControlPort","elementId":"6c93c85e-5a37-401b-bad7-a7209aebe403","ownedRelationship":[{"id":"77e0dcc7-debf-4399-836a-aab0149cae5f","eClass":"sysml:FeatureMembership","data":{"elementId":"790d7db4-6788-436a-a049-8369fd0538cd","ownedRelatedElement":[{"id":"4db27a68-6df0-4999-ac3a-d38cf0bfd58c","eClass":"sysml:ReferenceUsage","data":{"declaredName":"command","elementId":"87cd7947-ffbf-4541-b3b8-9c26c3b357ff","ownedRelationship":[{"id":"1235031f-7b55-49da-b575-b13c577bdd61","eClass":"sysml:FeatureTyping","data":{"elementId":"7b0c0858-29f8-4e09-98ea-96a283fe3e6b","type":"892e1d8f-1586-4873-ba6e-242bc139245d","typedFeature":"87cd7947-ffbf-4541-b3b8-9c26c3b357ff"}}],"isComposite":true}}],"memberElement":"87cd7947-ffbf-4541-b3b8-9c26c3b357ff"}}]}}],"memberElement":"6c93c85e-5a37-401b-bad7-a7209aebe403"}},{"id":"69eebbc3-10a0-4a23-a618-f4fb5342990d","eClass":"sysml:OwningMembership","data":{"elementId":"e80f7ed1-3079-40e2-bbe9-ef0df64050af","ownedRelatedElement":[{"id":"6f351ff4-7626-4dd5-8deb-f4b503759fee","eClass":"sysml:ItemDefinition","data":{"declaredName":"MoveCommand","elementId":"892e1d8f-1586-4873-ba6e-242bc139245d","ownedRelationship":[{"id":"7b747b08-3766-456b-9e23-fc57ac659efc","eClass":"sysml:OwningMembership","data":{"elementId":"3cebb8b1-d687-460d-9787-c2b6f495a08a","ownedRelatedElement":[{"id":"0432eea4-aa7f-4c9d-a6ca-5b9088af7ca9","eClass":"sysml:Documentation","data":{"elementId":"a268a215-a910-4273-a8fe-867da4c93afa","body":"Command to initiate the chairs movement"}}],"memberElement":"a268a215-a910-4273-a8fe-867da4c93afa"}},{"id":"843c596f-d0ae-41de-a489-822c64281440","eClass":"sysml:FeatureMembership","data":{"elementId":"c26fa60e-bff3-4f78-bb4f-2d7b6e3302f5","ownedRelatedElement":[{"id":"8493993d-b739-4843-ad61-acac3cfaf865","eClass":"sysml:AttributeUsage","data":{"declaredName":"direction","elementId":"8b2307b3-3084-416c-9ef2-a786b8a5b778","isComposite":true}}],"memberElement":"8b2307b3-3084-416c-9ef2-a786b8a5b778"}}]}}],"memberElement":"892e1d8f-1586-4873-ba6e-242bc139245d"}}]}}],"memberElement":"91b8cf19-095d-4141-b241-5f6d7d130895"}},{"id":"c3c75964-3783-4300-9edb-b090bf6a14ae","eClass":"sysml:OwningMembership","data":{"elementId":"d45f1c84-f83a-41ca-9ab9-1faf279678fb","ownedRelatedElement":[{"id":"7d9ce34d-fa61-4b0e-a262-d6260c871de5","eClass":"sysml:Package","data":{"declaredName":"ChairSystemConfiguration","elementId":"4a35c2fc-b2ff-40cb-9a44-b48d8030742d","ownedRelationship":[{"id":"0d82e977-d1d8-4d7f-a40a-f6edc7feaf2d","eClass":"sysml:NamespaceImport","data":{"elementId":"4f9f10ef-4abd-49db-bd78-c531a7100906","importedNamespace":"sysml:Namespace syson-import:qualifiedName#'ChairComponents'"}},{"id":"b6f83533-c30f-4eff-8862-205c4d12e9a7","eClass":"sysml:OwningMembership","data":{"elementId":"b79188c8-4264-4548-9d21-9d3fe4430070","ownedRelatedElement":[{"id":"2d714d00-ffc7-45e9-a172-0d0f965a5573","eClass":"sysml:PartUsage","data":{"declaredName":"chairLiftSystem","elementId":"50e8e507-c03f-4964-a390-b88863359b86","ownedRelationship":[{"id":"5cf8b28e-cbf1-4a37-8fd2-7d317f0c5015","eClass":"sysml:FeatureMembership","data":{"elementId":"db842772-e13c-4fcc-af4d-9599dd82f701","ownedRelatedElement":[{"id":"873a2c74-66c2-4719-8267-88c9f22ff0ca","eClass":"sysml:PartUsage","data":{"declaredName":"chair","elementId":"cfdaa732-2b39-46bd-8b44-a859e1327ce7","ownedRelationship":[{"id":"782bff78-26af-4f68-91c1-aa7c090cdef1","eClass":"sysml:FeatureTyping","data":{"elementId":"f818729f-c7ce-4b7d-bdc1-088f54c51f15","type":"sysml:Type syson-import:qualifiedName#Chair","typedFeature":"cfdaa732-2b39-46bd-8b44-a859e1327ce7"}}],"isComposite":true}}],"memberElement":"cfdaa732-2b39-46bd-8b44-a859e1327ce7"}},{"id":"255c3b2a-4efd-4a0b-a45a-0f1ef097b0c0","eClass":"sysml:FeatureMembership","data":{"elementId":"cdbe82dd-d464-49cb-b986-993e83844119","ownedRelatedElement":[{"id":"2ea9b609-ba99-49c5-bd51-307c2faaba04","eClass":"sysml:PartUsage","data":{"declaredName":"rail","elementId":"299193d3-fe8e-4d9d-93c8-5df5277fc2f2","ownedRelationship":[{"id":"f2d052b3-baca-4eb2-bdc8-be84c301b485","eClass":"sysml:FeatureTyping","data":{"elementId":"1de375da-3f4b-4b55-bd33-19d01752a718","type":"sysml:Type syson-import:qualifiedName#Rail","typedFeature":"299193d3-fe8e-4d9d-93c8-5df5277fc2f2"}}],"isComposite":true}}],"memberElement":"299193d3-fe8e-4d9d-93c8-5df5277fc2f2"}},{"id":"5f6fda31-4fd1-438b-98ea-882f6b600ced","eClass":"sysml:FeatureMembership","data":{"elementId":"7c065aa6-5f5b-4058-b20c-7189f18e801d","ownedRelatedElement":[{"id":"d95c2530-f6f9-4782-8e15-7323fecfd55e","eClass":"sysml:PartUsage","data":{"declaredName":"motor","elementId":"6b5af05b-f668-4b31-82dc-5c4eee0f7515","ownedRelationship":[{"id":"c4fb3eb2-da94-4673-bac2-88d63d67e925","eClass":"sysml:FeatureTyping","data":{"elementId":"85697940-4b3f-4eef-8209-f2b3232af22b","type":"sysml:Type syson-import:qualifiedName#Motor","typedFeature":"6b5af05b-f668-4b31-82dc-5c4eee0f7515"}}],"isComposite":true}}],"memberElement":"6b5af05b-f668-4b31-82dc-5c4eee0f7515"}},{"id":"49684340-0b52-4063-809f-734bd56beadf","eClass":"sysml:FeatureMembership","data":{"elementId":"22f18302-acac-46c8-820c-bd5a023c9e4c","ownedRelatedElement":[{"id":"6877ca90-6eb8-4c56-b488-2c720ca88332","eClass":"sysml:PartUsage","data":{"declaredName":"energySource","elementId":"4fc796c6-771b-47a7-a2ef-75895b4433f7","ownedRelationship":[{"id":"57288df4-e495-45f9-9791-73b5974ff162","eClass":"sysml:FeatureTyping","data":{"elementId":"28840366-5d57-4387-8bab-f3f2764aa0d9","type":"sysml:Type syson-import:qualifiedName#EnergySource","typedFeature":"4fc796c6-771b-47a7-a2ef-75895b4433f7"}}],"isComposite":true}}],"memberElement":"4fc796c6-771b-47a7-a2ef-75895b4433f7"}},{"id":"1e0fc4e3-0449-40d3-b1a4-fdf58d108604","eClass":"sysml:FeatureMembership","data":{"elementId":"7d450b4a-7a56-4dd5-829e-19bd8fdecd3a","ownedRelatedElement":[{"id":"38d7384d-ebf3-44d6-9fb8-7792d28995eb","eClass":"sysml:FlowConnectionUsage","data":{"declaredName":"PowerSupplyFlow","elementId":"f730c038-d436-4a19-8714-680763e3bd77","isComposite":true}}],"memberElement":"f730c038-d436-4a19-8714-680763e3bd77"}},{"id":"a1dd9f18-3413-4209-bd33-491a5475ca15","eClass":"sysml:FeatureMembership","data":{"elementId":"32d68d48-ddc8-4a26-8538-09792132e6da","ownedRelatedElement":[{"id":"16aed244-144f-4562-a178-213766dfe01b","eClass":"sysml:FlowConnectionUsage","data":{"declaredName":"MovementControlFlow","elementId":"4d7dce71-eb17-41c3-8e65-a5f0f8f629ad","isComposite":true}}],"memberElement":"4d7dce71-eb17-41c3-8e65-a5f0f8f629ad"}},{"id":"414be867-a173-4a65-95ad-777e64cf9862","eClass":"sysml:FeatureMembership","data":{"elementId":"45fff2c9-80f7-4731-92f4-6fa3680270d1","ownedRelatedElement":[{"id":"dcab3d9c-8289-4c8b-b68d-391470c540e9","eClass":"sysml:InterfaceUsage","data":{"declaredName":"chairToRail","elementId":"5e2971f8-1f45-4b2a-9c35-f69d2298c546","ownedRelationship":[{"id":"05c37b15-9e8e-49da-af76-8e12c05119d1","eClass":"sysml:OwningMembership","data":{"elementId":"4c935e3c-b0da-404f-923b-3747980a7d26","ownedRelatedElement":[{"id":"ad95f550-1607-4940-a694-5f52ae95d24e","eClass":"sysml:Documentation","data":{"elementId":"e6ca5c89-2a05-4666-871c-c2d16cb3ee9f","body":"Chair is permanently attached to the rail for movement guidance."}}],"memberElement":"e6ca5c89-2a05-4666-871c-c2d16cb3ee9f"}}],"isComposite":true}}],"memberElement":"5e2971f8-1f45-4b2a-9c35-f69d2298c546"}}],"isComposite":true}}],"memberElement":"50e8e507-c03f-4964-a390-b88863359b86"}}]}}],"memberElement":"4a35c2fc-b2ff-40cb-9a44-b48d8030742d"}},{"id":"d42df8db-a704-4456-b066-9169cf5ece8c","eClass":"sysml:OwningMembership","data":{"elementId":"470d32b7-72a0-40a8-bc91-7d6d63779bbf","ownedRelatedElement":[{"id":"e43dcef3-1f7b-4c42-a9eb-eb26ce206dde","eClass":"sysml:PartDefinition","data":{"declaredName":"ChairProduct","elementId":"372566bd-d036-4a25-887d-e71738071cf7","ownedRelationship":[{"id":"89a29533-0700-4d4d-8397-b9e2892b0edf","eClass":"sysml:OwningMembership","data":{"elementId":"97c99c47-6637-4ad5-b123-77fc65ab2b01","ownedRelatedElement":[{"id":"a53d1572-7156-491e-bf76-652547fa9c8c","eClass":"sysml:PartDefinition","data":{"declaredName":"Motor","elementId":"d457cb67-a967-4106-a749-2cf2242f3426","ownedRelationship":[{"id":"58eb17e9-61da-4da2-9384-5c68bdd18d2c","eClass":"sysml:FeatureMembership","data":{"elementId":"aae7393d-5a89-4c9c-b53f-fa81ba4cdbee","ownedRelatedElement":[{"id":"ad07d356-aa5c-4f0a-bbd9-668acb9d63e9","eClass":"sysml:PortUsage","data":{"declaredName":"powerInput","elementId":"0ddd2d21-5cac-48fb-ba95-0508e91a036e","ownedRelationship":[{"id":"9580ab47-f534-4aea-bffc-bca6c1718880","eClass":"sysml:FeatureTyping","data":{"elementId":"77fec70e-6193-4a01-8bff-d9443ab833d5","type":"04b79902-c171-4626-add2-eb9812837bbd","typedFeature":"0ddd2d21-5cac-48fb-ba95-0508e91a036e"}}],"isComposite":true}}],"memberElement":"0ddd2d21-5cac-48fb-ba95-0508e91a036e"}}]}}],"memberElement":"d457cb67-a967-4106-a749-2cf2242f3426"}},{"id":"48fb4a36-83d8-4ca5-aa4d-d4e7c5313f12","eClass":"sysml:OwningMembership","data":{"elementId":"35ee3262-d50b-45c1-b3ce-670ae4703ace","ownedRelatedElement":[{"id":"9ec18b52-db24-4582-93ad-afd09467248b","eClass":"sysml:PartDefinition","data":{"declaredName":"PowerSource","elementId":"d8eff7e5-dcb4-479d-9297-89afd0517a02","ownedRelationship":[{"id":"2915bd6d-7d96-4d5a-b550-83326dc4cdf7","eClass":"sysml:FeatureMembership","data":{"elementId":"d93e0418-6307-4f89-814c-db186ad22140","ownedRelatedElement":[{"id":"d9389cef-9006-42f4-a27e-03ec2476efba","eClass":"sysml:PortUsage","data":{"declaredName":"powerOutput","elementId":"5dbcabd5-9e2f-4f93-8096-fd24558aba20","ownedRelationship":[{"id":"54f66e2b-4d54-49ba-9b7f-30af0e4a44c2","eClass":"sysml:ConjugatedPortTyping","data":{"elementId":"9781b4a7-e18a-49de-9920-bb119168ee01","typedFeature":"5dbcabd5-9e2f-4f93-8096-fd24558aba20"}}],"isComposite":true}}],"memberElement":"5dbcabd5-9e2f-4f93-8096-fd24558aba20"}}]}}],"memberElement":"d8eff7e5-dcb4-479d-9297-89afd0517a02"}},{"id":"2731587e-c9b1-43af-97f6-f90858520f11","eClass":"sysml:OwningMembership","data":{"elementId":"75c87621-1e6f-4a68-a926-60d6e4475158","ownedRelatedElement":[{"id":"ac6ddad9-94d7-4b47-b058-7cedd3bc9abf","eClass":"sysml:PartDefinition","data":{"declaredName":"PowerCapacity","elementId":"b56d62a7-460e-401e-8f7e-813bfbb1b438","ownedRelationship":[{"id":"6c9074f9-d39c-42aa-8e86-51dc840946c3","eClass":"sysml:FeatureMembership","data":{"elementId":"225a20a2-3879-4976-8ea3-100d2a6eb948","ownedRelatedElement":[{"id":"7d25adfb-bf60-4b75-9696-642e3c94ae5f","eClass":"sysml:AttributeUsage","data":{"elementId":"f1cdfbe1-b5ba-4587-a759-d4623056d14e","ownedRelationship":[{"id":"7d51c27d-7318-4f5a-a852-313839dcad1f","eClass":"sysml:FeatureTyping","data":{"elementId":"8d906857-1d89-4e6a-bc00-61922c1911f2","type":"sysml:DataType kermllibrary:///b2c6dd37-2084-3ce4-9ce2-580fdf30629c#14c0aa22-5489-59b5-b438-ded26e83ba31","typedFeature":"f1cdfbe1-b5ba-4587-a759-d4623056d14e"}},{"id":"ac2f4d20-b35d-4aef-a802-ebafc60c5ef7","eClass":"sysml:FeatureValue","data":{"elementId":"454574b2-f124-4f4c-a2b3-119a941d673c","ownedRelatedElement":[{"id":"93251bb8-168a-4722-b79f-d4641b889403","eClass":"sysml:LiteralInteger","data":{"elementId":"ea8a7a92-1da6-4766-a8f9-03ae64d2ae50","value":1000}}],"memberElement":"ea8a7a92-1da6-4766-a8f9-03ae64d2ae50"}}],"isComposite":true}}],"memberElement":"f1cdfbe1-b5ba-4587-a759-d4623056d14e"}}]}}],"memberElement":"b56d62a7-460e-401e-8f7e-813bfbb1b438"}},{"id":"ed002ee7-2b25-4744-91be-5672c71c7b75","eClass":"sysml:OwningMembership","data":{"elementId":"93f2f79c-74fc-43e7-a612-f0c18e08d3c5","ownedRelatedElement":[{"id":"4bcb4f6b-8928-433c-baa8-2b81c5c61ce0","eClass":"sysml:PortDefinition","data":{"declaredName":"PowerPort","elementId":"04b79902-c171-4626-add2-eb9812837bbd","ownedRelationship":[{"id":"d23b2cb2-b671-4c99-8e01-83a173d2e696","eClass":"sysml:FeatureMembership","data":{"elementId":"2c829aa0-c628-4472-a975-6e5ce080f63b","ownedRelatedElement":[{"id":"74c3bcd0-2bf9-443b-b0ab-0aa0086c70bc","eClass":"sysml:ReferenceUsage","data":{"declaredName":"powerCapacity","elementId":"a45b938f-0da6-443f-a1ac-dd7d9ac0e548","ownedRelationship":[{"id":"bea1c566-7ac0-4ffa-a9e5-30db1d0cc8f1","eClass":"sysml:FeatureTyping","data":{"elementId":"c8c7793a-ce2d-4670-9a01-3ada3676b634","type":"b56d62a7-460e-401e-8f7e-813bfbb1b438","typedFeature":"a45b938f-0da6-443f-a1ac-dd7d9ac0e548"}}],"isComposite":true}}],"memberElement":"a45b938f-0da6-443f-a1ac-dd7d9ac0e548"}}]}}],"memberElement":"04b79902-c171-4626-add2-eb9812837bbd"}},{"id":"600b8370-33fe-49be-bea7-8c94f0257db7","eClass":"sysml:OwningMembership","data":{"elementId":"ef954aab-dceb-425c-87e5-bf245e5983e7","ownedRelatedElement":[{"id":"dca8245a-458a-4550-9c50-a18da7de423f","eClass":"sysml:PartDefinition","data":{"declaredName":"GuideRail","elementId":"b1e7921c-c5af-4faf-8293-dbceff02cc06","ownedRelationship":[{"id":"a07a7ccc-52a2-4e93-b2fb-c42207fc7b06","eClass":"sysml:FeatureMembership","data":{"elementId":"5a137211-94fa-4dff-95f9-4d5d9fa4d77d","ownedRelatedElement":[{"id":"d02529a0-14e9-4241-b17f-57e35f8b1b5d","eClass":"sysml:AttributeUsage","data":{"declaredName":"length","elementId":"c9583f9f-4c34-4156-8976-0eb81ac7a162","ownedRelationship":[{"id":"03556ad2-4478-4e69-a761-ae520e98cb2e","eClass":"sysml:FeatureTyping","data":{"elementId":"ca0f7269-de76-4621-9d0c-a03f690db0b8","type":"sysml:DataType kermllibrary:///b2c6dd37-2084-3ce4-9ce2-580fdf30629c#14c0aa22-5489-59b5-b438-ded26e83ba31","typedFeature":"c9583f9f-4c34-4156-8976-0eb81ac7a162"}},{"id":"44195ef8-b1fa-4e4a-8c62-a9b1af5682c9","eClass":"sysml:FeatureValue","data":{"elementId":"7b9bbbac-1b2f-4bba-abf8-b6737f0d2daf","ownedRelatedElement":[{"id":"622f9da2-3b95-4b71-958c-03e029cecdb3","eClass":"sysml:LiteralString","data":{"elementId":"141554cf-9d06-4dc4-9e75-3ecb2d93b674"}}],"memberElement":"141554cf-9d06-4dc4-9e75-3ecb2d93b674"}}],"isComposite":true}}],"memberElement":"c9583f9f-4c34-4156-8976-0eb81ac7a162"}}]}}],"memberElement":"b1e7921c-c5af-4faf-8293-dbceff02cc06"}},{"id":"87d86939-6781-4fec-8066-66ca72a51509","eClass":"sysml:OwningMembership","data":{"elementId":"0e5e8dde-a8b2-4a24-8312-1d0a8cbbce99","ownedRelatedElement":[{"id":"16af10e5-abbd-4504-825b-6497d68df8f1","eClass":"sysml:PartDefinition","data":{"declaredName":"ControlSystem","elementId":"5cda57a3-a313-415f-82d5-f26d4e680fe0","ownedRelationship":[{"id":"8b513233-27c9-4240-a9bd-292fa010e58d","eClass":"sysml:FeatureMembership","data":{"elementId":"b7ea8e26-aefd-47a3-8331-cb2d47dc740a","ownedRelatedElement":[{"id":"0c6a03b2-5217-41d8-a5a1-d6ce443db80e","eClass":"sysml:PortUsage","data":{"declaredName":"controlSignalOutput","elementId":"8c06de01-c056-4d3e-aff1-79a933259e01","ownedRelationship":[{"id":"b3471019-a0f7-40e5-86cd-c60f1ab08dc8","eClass":"sysml:FeatureTyping","data":{"elementId":"b94e9268-b32e-47fa-8c88-ae21c3ba7900","type":"14fb062a-3b83-4b08-b94e-3e10fcb76912","typedFeature":"8c06de01-c056-4d3e-aff1-79a933259e01"}}],"isComposite":true}}],"memberElement":"8c06de01-c056-4d3e-aff1-79a933259e01"}}]}}],"memberElement":"5cda57a3-a313-415f-82d5-f26d4e680fe0"}},{"id":"e3bee4d5-2568-4be0-80ea-a796b0366cbd","eClass":"sysml:OwningMembership","data":{"elementId":"ad85ba0f-e8ad-4f62-890e-4ba4c8158cf4","ownedRelatedElement":[{"id":"4ff4b841-fb92-4db1-a6a9-465d4f7bdb4d","eClass":"sysml:PortDefinition","data":{"declaredName":"ControlSignalPort","elementId":"14fb062a-3b83-4b08-b94e-3e10fcb76912","ownedRelationship":[{"id":"6b8f0b32-169d-4dd9-9b4e-a5857de5a2cc","eClass":"sysml:FeatureMembership","data":{"elementId":"9610b1ab-3f1b-4732-850b-a400113f90d4","ownedRelatedElement":[{"id":"1c10bd32-447b-4fee-a5fa-54425ebbd958","eClass":"sysml:ReferenceUsage","data":{"declaredName":"controlSignal","elementId":"605ce301-9a44-46d7-b84d-e2b99b85bd8e","isComposite":true}}],"memberElement":"605ce301-9a44-46d7-b84d-e2b99b85bd8e"}}]}}],"memberElement":"14fb062a-3b83-4b08-b94e-3e10fcb76912"}},{"id":"be3e4b2b-81f4-4df4-b076-7bf022b63109","eClass":"sysml:OwningMembership","data":{"elementId":"7f83700c-27ac-4820-936e-039afc791dc6","ownedRelatedElement":[{"id":"6ef8c096-7aa2-4c7a-9cfc-c3a5f32d281e","eClass":"sysml:PartDefinition","data":{"declaredName":"LiftChair","elementId":"c5129f46-4d7a-4f3a-a323-94286f7e88b4","ownedRelationship":[{"id":"69c50236-95fd-4229-943b-6f43f92e0875","eClass":"sysml:FeatureMembership","data":{"elementId":"ae541b9c-eeb5-4476-9483-73a18880c4e7","ownedRelatedElement":[{"id":"627242c8-becc-46d7-8c03-268936ad366c","eClass":"sysml:PortUsage","data":{"declaredName":"motorConnector","elementId":"64de450a-3efc-494f-a5f0-9a2c1ec013ee","ownedRelationship":[{"id":"9906c258-e616-4bb8-817b-f34c95e496cf","eClass":"sysml:ConjugatedPortTyping","data":{"elementId":"41eb26aa-404b-4764-8212-8e754e82aa09","typedFeature":"64de450a-3efc-494f-a5f0-9a2c1ec013ee"}}],"isComposite":true}}],"memberElement":"64de450a-3efc-494f-a5f0-9a2c1ec013ee"}},{"id":"b0ca32c1-8ce5-417e-a87f-baab04c9583e","eClass":"sysml:FeatureMembership","data":{"elementId":"9796bf09-ebe6-4de4-99ff-cdee81b854e9","ownedRelatedElement":[{"id":"82416f34-5a40-4f29-8a4b-d142097be73a","eClass":"sysml:PortUsage","data":{"declaredName":"guideConnection","elementId":"f427cc6f-79f8-46b5-b12f-13c1965fa02b","ownedRelationship":[{"id":"b613dd97-c3f5-452c-922e-8708f97292eb","eClass":"sysml:FeatureTyping","data":{"elementId":"d335a8b6-c121-468a-89f7-98468fba12f0","type":"a3a4e4af-c2ee-4669-a7e6-faa247a891ed","typedFeature":"f427cc6f-79f8-46b5-b12f-13c1965fa02b"}}],"isComposite":true}}],"memberElement":"f427cc6f-79f8-46b5-b12f-13c1965fa02b"}},{"id":"45cae5f1-a956-4164-b9a3-856ca1118019","eClass":"sysml:FeatureMembership","data":{"elementId":"d050e7c1-9087-434d-ae6f-0b2f9f973771","ownedRelatedElement":[{"id":"1c0d1d86-a783-4d74-89a5-b3d3a8bb1820","eClass":"sysml:PortUsage","data":{"declaredName":"controlInput","elementId":"a344f03e-127b-421b-9d96-1c11b5293c76","ownedRelationship":[{"id":"c2d671c1-73d7-4131-896e-d275f70b9db5","eClass":"sysml:ConjugatedPortTyping","data":{"elementId":"7de31a9c-398f-47f9-98a2-3a3bc42b551e","typedFeature":"a344f03e-127b-421b-9d96-1c11b5293c76"}}],"isComposite":true}}],"memberElement":"a344f03e-127b-421b-9d96-1c11b5293c76"}}]}}],"memberElement":"c5129f46-4d7a-4f3a-a323-94286f7e88b4"}},{"id":"a722c286-ce72-4cb4-aa0b-74efd0039c3e","eClass":"sysml:OwningMembership","data":{"elementId":"44d48b6b-3c98-4fe9-b3c1-328cb33f3630","ownedRelatedElement":[{"id":"c7f7399b-dfcc-4902-8a62-85684441a8c0","eClass":"sysml:PortDefinition","data":{"declaredName":"GuidePort","elementId":"a3a4e4af-c2ee-4669-a7e6-faa247a891ed","ownedRelationship":[{"id":"44eaa6bd-a850-4bdc-b520-2e7ae2e57556","eClass":"sysml:FeatureMembership","data":{"elementId":"a5d99cb1-6508-44d2-bab0-c5f7c8cf3f81","ownedRelatedElement":[{"id":"b4c91805-67bd-4cf9-a5e2-d91bcf50176b","eClass":"sysml:ReferenceUsage","data":{"declaredName":"rail","elementId":"fb1e8a43-f8ce-46cd-810c-d74815b15fe3","ownedRelationship":[{"id":"496132a3-4561-405c-a808-a1d9fe84286a","eClass":"sysml:FeatureTyping","data":{"elementId":"43b3a2c5-a2a4-4c71-9d91-a3399a3b442c","type":"b1e7921c-c5af-4faf-8293-dbceff02cc06","typedFeature":"fb1e8a43-f8ce-46cd-810c-d74815b15fe3"}}],"isComposite":true}}],"memberElement":"fb1e8a43-f8ce-46cd-810c-d74815b15fe3"}}]}}],"memberElement":"a3a4e4af-c2ee-4669-a7e6-faa247a891ed"}},{"id":"87750dd6-b141-427a-aa8c-9fa8669888bf","eClass":"sysml:OwningMembership","data":{"elementId":"45d8ec55-7987-4731-8442-f3f0464962aa","ownedRelatedElement":[{"id":"73de32f8-3ae0-4fa8-b9ca-00a07c179d3a","eClass":"sysml:PartDefinition","data":{"declaredName":"LiftChairSystemConfiguration","elementId":"d31ac332-4b6c-44af-b445-8b853c7e6fea","ownedRelationship":[{"id":"b2d18983-1bcb-43d7-9315-14b97f9c77c0","eClass":"sysml:FeatureMembership","data":{"elementId":"053c7763-064c-465a-9e46-d0ab0649f9b7","ownedRelatedElement":[{"id":"6a8ae8b8-c4f3-4c4d-8c6c-d04fc2df2eb7","eClass":"sysml:PartUsage","data":{"declaredName":"chair","elementId":"64fb15da-9579-4c8b-b24d-32a27c541763","ownedRelationship":[{"id":"44283f57-1029-4567-b658-36738c337fe0","eClass":"sysml:FeatureMembership","data":{"elementId":"13a3cdf9-5c43-4f56-a4ec-5728b2373797","ownedRelatedElement":[{"id":"83a4ca47-6d35-483e-a981-a81968de83bd","eClass":"sysml:PortUsage","data":{"declaredName":"motorConnector","elementId":"207fc049-e650-4ea2-b43e-7a79c0c28557","isComposite":true}}],"memberElement":"207fc049-e650-4ea2-b43e-7a79c0c28557"}},{"id":"745e2e47-bb78-4da5-a497-5bb3fcb6a17f","eClass":"sysml:FeatureMembership","data":{"elementId":"7e555ac1-49de-4d8a-b2bc-b43e7cea93dd","ownedRelatedElement":[{"id":"7cd5a66e-ac49-4f43-b85d-0eacf57dd54a","eClass":"sysml:PortUsage","data":{"declaredName":"guideConnection","elementId":"e6d90cdd-5f08-452c-bea1-128c6632f8b2","isComposite":true}}],"memberElement":"e6d90cdd-5f08-452c-bea1-128c6632f8b2"}},{"id":"27cb52ac-c181-447c-a96a-3ebb2624bb13","eClass":"sysml:FeatureMembership","data":{"elementId":"1b6aab46-0061-45cf-8fe1-56d22cc0f8b0","ownedRelatedElement":[{"id":"f43715e1-2154-4622-8afd-362ff3c1349d","eClass":"sysml:PortUsage","data":{"declaredName":"controlInput","elementId":"050c86b3-ec8c-44a6-9c8e-7d1b1c97ebd3","isComposite":true}}],"memberElement":"050c86b3-ec8c-44a6-9c8e-7d1b1c97ebd3"}},{"id":"e13af3ba-055a-4fed-b5c9-23724bcbadc6","eClass":"sysml:FeatureTyping","data":{"elementId":"2b5ad9c5-64b6-42ba-b190-7e61302b9b8d","type":"c5129f46-4d7a-4f3a-a323-94286f7e88b4","typedFeature":"64fb15da-9579-4c8b-b24d-32a27c541763"}}],"isComposite":true}}],"memberElement":"64fb15da-9579-4c8b-b24d-32a27c541763"}},{"id":"ccebbd20-e238-452b-9f85-e9e7c063c379","eClass":"sysml:FeatureMembership","data":{"elementId":"c716327d-4507-4633-a292-3fca1c2d508a","ownedRelatedElement":[{"id":"093ee5fb-78c3-4412-b832-0daa18846f61","eClass":"sysml:PartUsage","data":{"declaredName":"motor","elementId":"dee1937b-1913-4c55-bba8-f2ef82c3d61a","ownedRelationship":[{"id":"23c57cc9-a8cf-4fd2-96d6-7f47fb144bea","eClass":"sysml:FeatureMembership","data":{"elementId":"9eec664b-8dbb-4fa4-8ae1-adcf9c70dbad","ownedRelatedElement":[{"id":"8f570674-4eb0-48ea-b1a3-e9e9fc182ecb","eClass":"sysml:PortUsage","data":{"declaredName":"powerInput","elementId":"0d5ff2a7-277b-4a27-a0b1-398205d13e12","isComposite":true}}],"memberElement":"0d5ff2a7-277b-4a27-a0b1-398205d13e12"}},{"id":"ab562d0a-8eb6-477c-95ca-b66428399610","eClass":"sysml:FeatureTyping","data":{"elementId":"3d7c9ebf-72cd-45c8-865e-9a6c38f55d75","type":"d457cb67-a967-4106-a749-2cf2242f3426","typedFeature":"dee1937b-1913-4c55-bba8-f2ef82c3d61a"}},{"id":"a8f6ef01-cd69-4040-9c94-adfd95dcafca","eClass":"sysml:FeatureMembership","data":{"elementId":"34f566f0-623e-4be9-b92a-fe17f69bb89e","ownedRelatedElement":[{"id":"84c1b9f9-8c74-4c31-aac8-c8386f41dc80","eClass":"sysml:PortUsage","data":{"declaredName":"port","elementId":"792a960a-46df-4a44-bd4b-487a3c0fc69b","isComposite":true}}]}}],"isComposite":true}}],"memberElement":"dee1937b-1913-4c55-bba8-f2ef82c3d61a"}},{"id":"f44a2336-930e-4756-9426-ce89e6a64c64","eClass":"sysml:FeatureMembership","data":{"elementId":"f6ff2eeb-0dcc-4590-a409-3f4f06fbeeb7","ownedRelatedElement":[{"id":"6d01be81-bb0f-4be5-b3c0-3c8ec4402fdf","eClass":"sysml:PartUsage","data":{"declaredName":"powerSource","elementId":"a02d6954-5604-4d09-9157-20a29250a24f","ownedRelationship":[{"id":"a53d9b2c-2f71-4436-996b-2c0882c68ff5","eClass":"sysml:FeatureMembership","data":{"elementId":"cf1dde51-43d4-4b71-a660-ec32300e336e","ownedRelatedElement":[{"id":"0761318b-1ddc-4e95-8197-c191203d3a26","eClass":"sysml:PortUsage","data":{"declaredName":"powerOutput","elementId":"b4dacdcc-e2bb-4e6a-af49-4546c005e0bd","isComposite":true}}],"memberElement":"b4dacdcc-e2bb-4e6a-af49-4546c005e0bd"}},{"id":"7ab642bb-7510-4e8b-b1f9-edbc619d8615","eClass":"sysml:FeatureTyping","data":{"elementId":"ef8fe883-1ed2-4a92-9563-d352980be95d","type":"d8eff7e5-dcb4-479d-9297-89afd0517a02","typedFeature":"a02d6954-5604-4d09-9157-20a29250a24f"}}],"isComposite":true}}],"memberElement":"a02d6954-5604-4d09-9157-20a29250a24f"}},{"id":"3799fe85-ba71-4043-934a-ce7d060912c4","eClass":"sysml:FeatureMembership","data":{"elementId":"66048c34-1e58-43cc-88a5-214d85dd37b1","ownedRelatedElement":[{"id":"79cf91b9-54d6-4de8-af65-e7ea62155bd9","eClass":"sysml:PartUsage","data":{"declaredName":"guideRail","elementId":"dd0891f5-ae2c-468e-8fcc-ad067dfe14e8","ownedRelationship":[{"id":"0d623a12-8331-402d-9e33-5639e9d6e278","eClass":"sysml:FeatureMembership","data":{"elementId":"a3e7f435-5ee0-4338-93ac-edc7bda719f0","ownedRelatedElement":[{"id":"4073136d-07da-4ab2-adab-a1089afe7f1a","eClass":"sysml:AttributeUsage","data":{"declaredName":"length","elementId":"e7461d23-421f-4e15-bcbe-faea78f50e86","ownedRelationship":[{"id":"e66f7182-542a-49ef-b3bc-c99c2fff38f6","eClass":"sysml:FeatureValue","data":{"elementId":"6fa144fb-fe00-4eda-8cad-b41663a54366","ownedRelatedElement":[{"id":"c7327d19-2e20-4f39-a7a2-403b506f94b7","eClass":"sysml:OperatorExpression","data":{"elementId":"77f776b0-c656-4d5f-bf5b-50bb719b6871","operator":"["}}],"memberElement":"77f776b0-c656-4d5f-bf5b-50bb719b6871"}}],"isComposite":true}}],"memberElement":"e7461d23-421f-4e15-bcbe-faea78f50e86"}},{"id":"b06623e3-24a2-4772-ba7c-565c8d638dce","eClass":"sysml:FeatureTyping","data":{"elementId":"8552ec0b-d903-4b5f-b612-7a95c7c62aba","type":"b1e7921c-c5af-4faf-8293-dbceff02cc06","typedFeature":"dd0891f5-ae2c-468e-8fcc-ad067dfe14e8"}},{"id":"2f8664e4-82b2-4375-a573-71a7b8a7a17a","eClass":"sysml:FeatureMembership","data":{"elementId":"3aaaf045-d59e-47b7-b2b1-b5b94c16f715","ownedRelatedElement":[{"id":"1cd0fbaf-9cc6-44fa-b3d8-24bc8a5ebb17","eClass":"sysml:PortUsage","data":{"declaredName":"port","elementId":"9ee6eb4d-ef6c-460e-a8ee-cd17e4ee2be0","isComposite":true}}]}}],"isComposite":true}}],"memberElement":"dd0891f5-ae2c-468e-8fcc-ad067dfe14e8"}},{"id":"11f0e8b2-882c-4be7-a4ae-6757177bef85","eClass":"sysml:FeatureMembership","data":{"elementId":"66f04787-9695-4526-82f4-3a9adec9e3b7","ownedRelatedElement":[{"id":"c58a5151-781f-4910-b868-0bbde3b4f9f5","eClass":"sysml:PartUsage","data":{"declaredName":"controlSystem","elementId":"74b1f6f4-84a3-4e2d-889b-d23f84644c50","ownedRelationship":[{"id":"a5194baa-8157-47d8-9b33-418b4bfea045","eClass":"sysml:FeatureMembership","data":{"elementId":"da53678f-02b9-4ccb-80e4-cfec82ef8aec","ownedRelatedElement":[{"id":"80352582-bc60-4c25-82a3-506e92cbd983","eClass":"sysml:PortUsage","data":{"declaredName":"controlSignalOutput","elementId":"75d1b032-c063-4d38-b041-c86cc20778b1","isComposite":true}}],"memberElement":"75d1b032-c063-4d38-b041-c86cc20778b1"}},{"id":"6b96f421-53b1-4731-ab88-60e598d09ef5","eClass":"sysml:FeatureTyping","data":{"elementId":"2ac5d2b5-ff6a-4779-8c4d-0df762b73388","type":"5cda57a3-a313-415f-82d5-f26d4e680fe0","typedFeature":"74b1f6f4-84a3-4e2d-889b-d23f84644c50"}}],"isComposite":true}}],"memberElement":"74b1f6f4-84a3-4e2d-889b-d23f84644c50"}},{"id":"b89fa2a5-df66-427b-a57f-96f0b70f2b40","eClass":"sysml:FeatureMembership","data":{"elementId":"3f29dd3b-33dc-4aff-bb0b-013441d89062","ownedRelatedElement":[{"id":"b0fd309c-b847-4d38-af9f-2671d1c95826","eClass":"sysml:FlowConnectionUsage","data":{"declaredName":"flow","elementId":"9113d498-e006-41c0-9a9d-3fe2039f6a3c","ownedRelationship":[{"id":"d61423db-5847-4a59-b6c2-086447bda829","eClass":"sysml:EndFeatureMembership","data":{"elementId":"fb33d13f-a6cf-47cf-83b9-e255d889ffa8","ownedRelatedElement":[{"id":"9b54f268-c6be-4fcc-b3cd-ad0f655ea914","eClass":"sysml:Feature","data":{"elementId":"6bbd86fb-ca2a-4c58-b312-8ad0fde99f0e","ownedRelationship":[{"id":"b8f7ae11-15e1-4909-95f1-e615b4ccca65","eClass":"sysml:ReferenceSubsetting","data":{"declaredName":"references","elementId":"1bbe8a9e-114e-4b22-9294-f29d469f895e","referencedFeature":"b4dacdcc-e2bb-4e6a-af49-4546c005e0bd"}}],"isEnd":true}}]}},{"id":"629b14fe-8825-42ad-b30e-74a9c842902f","eClass":"sysml:EndFeatureMembership","data":{"elementId":"a7457c44-f61e-40ad-ab6f-18d2bc57a0e4","ownedRelatedElement":[{"id":"1ca29831-99a8-4206-8966-07e92a0bb556","eClass":"sysml:Feature","data":{"elementId":"3a967e4d-76bb-4f8d-bdf9-83eeadcd5a62","ownedRelationship":[{"id":"e0a20700-569a-4fbe-afb4-65a93e964012","eClass":"sysml:ReferenceSubsetting","data":{"declaredName":"references","elementId":"c7e5ef63-8f60-406b-a621-f03f0d6bd851","referencedFeature":"0d5ff2a7-277b-4a27-a0b1-398205d13e12"}}],"isEnd":true}}]}}]}}]}},{"id":"abd398ef-28d4-4bbe-b5ee-a8e2fffef0d6","eClass":"sysml:FeatureMembership","data":{"elementId":"e8b46cdc-b8b7-4fad-932d-f15306f56a90","ownedRelatedElement":[{"id":"d7e992ba-5709-4256-994d-01fa5e49bd7f","eClass":"sysml:FlowConnectionUsage","data":{"declaredName":"flow","elementId":"e4cfdd1d-1e32-4f01-aacd-5949d9714271","ownedRelationship":[{"id":"c77f728c-99d2-4060-8216-62bd33bbcbeb","eClass":"sysml:EndFeatureMembership","data":{"elementId":"65732b4c-28f0-4a69-ab5d-a2c4aa83d948","ownedRelatedElement":[{"id":"a96bd908-1edf-494d-8dcc-6287fb894b65","eClass":"sysml:Feature","data":{"elementId":"0d6aedf9-b053-441c-8a60-027835d57613","ownedRelationship":[{"id":"1e4ffa07-ff09-476b-a607-fadf965c30ad","eClass":"sysml:ReferenceSubsetting","data":{"declaredName":"references","elementId":"10be82cb-6c1a-4c81-a6e5-be6ca2bb44cb","referencedFeature":"792a960a-46df-4a44-bd4b-487a3c0fc69b"}}],"isEnd":true}}]}},{"id":"70978185-4704-4fdc-9e00-828f6584ad50","eClass":"sysml:EndFeatureMembership","data":{"elementId":"d8e48c81-ba7e-42ad-ad2c-d960bf5c8fa0","ownedRelatedElement":[{"id":"4327b13c-ab64-4c35-ab70-85dd0ac1e11c","eClass":"sysml:Feature","data":{"elementId":"b7d4facc-427c-414b-b0a3-6d223abd389b","ownedRelationship":[{"id":"c90313aa-21ef-45f0-9de8-37bad2f02c2d","eClass":"sysml:ReferenceSubsetting","data":{"declaredName":"references","elementId":"336641ab-be7e-4ae8-91a6-1d52a5e47b1f","referencedFeature":"207fc049-e650-4ea2-b43e-7a79c0c28557"}}],"isEnd":true}}]}}]}}]}},{"id":"e751f17b-b0cc-40e2-90e5-c7af9b21a163","eClass":"sysml:FeatureMembership","data":{"elementId":"dabbf7a0-dfd2-4959-9bb4-1667f460ba83","ownedRelatedElement":[{"id":"883371d7-6572-4775-b940-e943ad248129","eClass":"sysml:FlowConnectionUsage","data":{"declaredName":"flow","elementId":"1e50a5c9-1e2d-4b88-b0dd-451a29db3d1b","ownedRelationship":[{"id":"d8827a27-3a91-4f4d-8fea-56a21ca8fd19","eClass":"sysml:EndFeatureMembership","data":{"elementId":"fba31780-0958-457a-a322-1cab39ec9ea7","ownedRelatedElement":[{"id":"dc91663f-f66c-48f7-a010-243581b80c87","eClass":"sysml:Feature","data":{"elementId":"9c82a410-8339-40f3-846e-8e62a34f3da9","ownedRelationship":[{"id":"8b9adc41-42ea-4ad4-8ab6-a41433e977e5","eClass":"sysml:ReferenceSubsetting","data":{"declaredName":"references","elementId":"f3b7eeed-6075-40e3-9751-94d59a11368c","referencedFeature":"050c86b3-ec8c-44a6-9c8e-7d1b1c97ebd3"}}],"isEnd":true}}]}},{"id":"7fa05746-e130-4816-b6d0-d4a7bfc542b9","eClass":"sysml:EndFeatureMembership","data":{"elementId":"f6f426e6-34f5-4926-bea7-09fde56f313e","ownedRelatedElement":[{"id":"44732ba0-e4af-4251-93e7-8ae10f97b91a","eClass":"sysml:Feature","data":{"elementId":"007d9efc-737f-4596-bb40-5febf7203efa","ownedRelationship":[{"id":"272e5fc6-0982-442a-b4d9-c1764dd768c3","eClass":"sysml:ReferenceSubsetting","data":{"declaredName":"references","elementId":"6a900357-2e2b-4e1d-a6a8-6c52e50c8c97","referencedFeature":"75d1b032-c063-4d38-b041-c86cc20778b1"}}],"isEnd":true}}]}}]}}]}},{"id":"a86f3238-aee9-4092-bceb-827ab4dcf72b","eClass":"sysml:FeatureMembership","data":{"elementId":"fae91221-3b12-458e-b159-ccb24837db14","ownedRelatedElement":[{"id":"6a2f6f97-0b5c-4e26-aa88-b5d1b5f25a82","eClass":"sysml:FlowConnectionUsage","data":{"declaredName":"flow","elementId":"0034a894-18af-464c-a067-6d2352543abb","ownedRelationship":[{"id":"39ee2a0f-a848-462f-9916-f3b2732f2aa7","eClass":"sysml:EndFeatureMembership","data":{"elementId":"a376c47b-9c70-429a-a6b5-1ca9b1724c6f","ownedRelatedElement":[{"id":"580ceb8d-73e2-421e-8cbb-41d856c5cd59","eClass":"sysml:Feature","data":{"elementId":"23a505e2-b1f5-40ff-bbf4-200588db5487","ownedRelationship":[{"id":"48aaafcc-5e4b-444f-873f-9cbb38bb11e1","eClass":"sysml:ReferenceSubsetting","data":{"declaredName":"references","elementId":"5eac3d6e-605c-47fe-b89f-33b8dfa5170b","referencedFeature":"9ee6eb4d-ef6c-460e-a8ee-cd17e4ee2be0"}}],"isEnd":true}}]}},{"id":"c79e104f-1592-4ea4-b84a-81300827b921","eClass":"sysml:EndFeatureMembership","data":{"elementId":"ff73e309-66f2-4e9f-85be-ba66e58b1c4e","ownedRelatedElement":[{"id":"bdb0113e-1558-4ed8-a611-a0c923d04473","eClass":"sysml:Feature","data":{"elementId":"788f98da-325e-46b7-8e70-3ea1727f29ba","ownedRelationship":[{"id":"b66ef82b-27cc-48a7-af62-89a65333a512","eClass":"sysml:ReferenceSubsetting","data":{"declaredName":"references","elementId":"b5b04c52-fd70-4fb3-8333-b98bac17478a","referencedFeature":"e6d90cdd-5f08-452c-bea1-128c6632f8b2"}}],"isEnd":true}}]}}]}}]}}]}}],"memberElement":"d31ac332-4b6c-44af-b445-8b853c7e6fea"}}]}}],"memberElement":"372566bd-d036-4a25-887d-e71738071cf7"}}]}}]}}]}}]}}]}}]}