{"json":{"version":"1.0","encoding":"utf-8"},"ns":{"sysml":"http://www.eclipse.org/syson/sysml"},"content":[{"id":"3c56b644-72fc-47bc-a87e-6bf5684aff23","eClass":"sysml:Namespace","data":{"elementId":"50531b87-7900-442b-863e-749dd58b2836","ownedRelationship":[{"id":"0d67ed88-bb1f-4abe-a87a-05a30be28ca7","eClass":"sysml:OwningMembership","data":{"elementId":"be2ef6b5-42fd-4b0e-9da8-2a5b9e946aeb","ownedRelatedElement":[{"id":"5fbbf77c-b7cc-414f-8775-d5ba83368389","eClass":"sysml:Package","data":{"declaredName":"Package 1","elementId":"2e042ab5-ff8d-4bb8-ad91-d325ca79083a","ownedRelationship":[{"id":"3451ff8c-c7f0-4b80-a1f3-8ea0b2d5412c","eClass":"sysml:OwningMembership","data":{"elementId":"18b0eb78-3d4b-43e5-a6e6-d038a3af86e7","ownedRelatedElement":[{"id":"091d3b73-2f59-4e99-a672-cc88a13d4622","eClass":"sysml:Package","data":{"declaredName":"ChairLiftSystem","elementId":"851e3956-7379-40aa-b18c-607214ec5295","ownedRelationship":[{"id":"0b654066-8916-457e-a58d-04d6db6bdd75","eClass":"sysml:OwningMembership","data":{"elementId":"16d02fad-3426-4b7b-9ab0-0ccc89427355","ownedRelatedElement":[{"id":"4e42651e-3fbc-4984-9c30-32f4061bf703","eClass":"sysml:Documentation","data":{"elementId":"57bd674d-3451-4003-8335-3112a781d0fb","body":"This chairs aim is to help users daily and allow them to stay in the same house \n        even if they cannot climb the stairs."}}],"memberElement":"57bd674d-3451-4003-8335-3112a781d0fb"}},{"id":"83ec48d5-80ca-4e93-8416-14a3520eba6c","eClass":"sysml:OwningMembership","data":{"elementId":"b559875f-a6e3-4a00-b8cc-e78b8be07227","ownedRelatedElement":[{"id":"7881ecdf-5d66-4966-b865-4b6f1501e10b","eClass":"sysml:Package","data":{"declaredName":"ChairComponents","elementId":"09c533db-1254-4c9a-9540-428f02dae491","ownedRelationship":[{"id":"67d58ff5-f6ab-4bc5-ae3a-23cd5ef142dd","eClass":"sysml:OwningMembership","data":{"elementId":"7693ee2c-b147-4943-990c-c692a298c5ee","ownedRelatedElement":[{"id":"42f06005-443e-4a54-aa77-81bf8cf7a8e2","eClass":"sysml:PartDefinition","data":{"declaredName":"Chair","elementId":"700fa905-0b90-4b12-99b6-3288d3b0279f","ownedRelationship":[{"id":"0a113455-d99a-4692-9e22-70ce9922327d","eClass":"sysml:FeatureMembership","data":{"elementId":"b77b0c40-dfc8-4f3b-845a-ed65fc3b6188","ownedRelatedElement":[{"id":"16f74986-b533-4e82-9740-db8b412fdd1b","eClass":"sysml:AttributeUsage","data":{"declaredName":"materialType","elementId":"9b108023-1fc7-47bc-8dc3-2d55b33d01d1","isComposite":true}}],"memberElement":"9b108023-1fc7-47bc-8dc3-2d55b33d01d1"}},{"id":"5c972959-d069-4ffc-a40e-d38dca7a2bc3","eClass":"sysml:OwningMembership","data":{"elementId":"5b157580-17d3-4225-a5dc-c1a00d1b48ad","ownedRelatedElement":[{"id":"79db8789-f934-4ca1-af1c-65a99a15d91a","eClass":"sysml:Documentation","data":{"elementId":"7e6ababa-a486-4efe-9079-7551b6f040d3","body":"The material of the chair should be soft for the user comfort"}}],"memberElement":"7e6ababa-a486-4efe-9079-7551b6f040d3"}},{"id":"dfa7beb8-1f57-4480-be13-926745d22749","eClass":"sysml:FeatureMembership","data":{"elementId":"4cf00bc7-8795-4394-9867-69729612993b","ownedRelatedElement":[{"id":"42634b65-0ebb-4db5-b46a-d11b8c3c1df1","eClass":"sysml:AttributeUsage","data":{"declaredName":"isFoldable","elementId":"0c12bcf2-634d-41da-9820-adb49e512698","ownedRelationship":[{"id":"777eb6a8-de35-4b45-bd70-bfccf5fe43bf","eClass":"sysml:FeatureTyping","data":{"elementId":"dd12930b-92b6-4bbc-940d-d73cfe05befc","type":"sysml:DataType kermllibrary:///b2c6dd37-2084-3ce4-9ce2-580fdf30629c#d1e9242d-b2e3-5270-bf69-4f4fb0447193","typedFeature":"0c12bcf2-634d-41da-9820-adb49e512698"}},{"id":"e39099ce-4b51-4beb-a225-bcdef15e6d25","eClass":"sysml:FeatureValue","data":{"elementId":"96c53690-7ad1-4f23-888a-5910fc24f3e0","ownedRelatedElement":[{"id":"2dd88f30-3230-402a-8550-a3b5ab9434eb","eClass":"sysml:LiteralBoolean","data":{"elementId":"d6612a2c-a85c-496a-964a-332ff7e87d40"}}],"memberElement":"d6612a2c-a85c-496a-964a-332ff7e87d40"}}],"isComposite":true}}],"memberElement":"0c12bcf2-634d-41da-9820-adb49e512698"}},{"id":"5708c251-9b8b-4470-b147-89fd84c08c36","eClass":"sysml:FeatureMembership","data":{"elementId":"bc409a37-647c-4036-823d-7c9fd58f8684","ownedRelatedElement":[{"id":"1f783063-f963-45f0-9c1a-c0b003312c0c","eClass":"sysml:PartUsage","data":{"declaredName":"armrest","elementId":"96bde082-d8b9-4a9a-a830-0a2150a46fb8","ownedRelationship":[{"id":"9c638167-daf6-489c-ad34-390c4ccf6aa2","eClass":"sysml:FeatureTyping","data":{"elementId":"f0c588a3-bce4-4361-a74d-170fa561499d","type":"595d4713-f2c9-4f8c-b061-29067ad0e043","typedFeature":"96bde082-d8b9-4a9a-a830-0a2150a46fb8"}}],"isComposite":true}}],"memberElement":"96bde082-d8b9-4a9a-a830-0a2150a46fb8"}},{"id":"50b4cbda-4cf3-46b0-9ed4-a5da06d2323c","eClass":"sysml:FeatureMembership","data":{"elementId":"50c0332e-6936-485b-8400-f067f31298bf","ownedRelatedElement":[{"id":"67a5e226-8e96-42e7-af3f-3b5a6bbca2ff","eClass":"sysml:PartUsage","data":{"declaredName":"footrest","elementId":"f0c49861-48b1-43ea-809e-93a9b3e9b441","ownedRelationship":[{"id":"e9ad3d3a-9d31-4c22-8fc1-5b16f5d97bb1","eClass":"sysml:FeatureTyping","data":{"elementId":"41e7f750-e593-41a4-b684-676302d0a039","type":"051984b8-2611-4b65-a5de-a76c58707586","typedFeature":"f0c49861-48b1-43ea-809e-93a9b3e9b441"}}],"isComposite":true}}],"memberElement":"f0c49861-48b1-43ea-809e-93a9b3e9b441"}},{"id":"0110f72c-fe38-459d-95e4-32c1879cf89e","eClass":"sysml:FeatureMembership","data":{"elementId":"311e508c-8bfc-4864-89b6-4c7fe46abc21","ownedRelatedElement":[{"id":"4bd9dd1b-2d42-473e-8721-f1c0810cc977","eClass":"sysml:PartUsage","data":{"declaredName":"controlPanel","elementId":"51582f54-54b5-4c5d-9128-6e3c9209e5ea","ownedRelationship":[{"id":"bd2375b0-2bd2-48b5-bdd3-b32acd58d00c","eClass":"sysml:FeatureTyping","data":{"elementId":"3a1677ad-a2a4-4d5c-8121-de5eea5dce3f","type":"696d32ab-d0e6-444f-b257-48bc4556785c","typedFeature":"51582f54-54b5-4c5d-9128-6e3c9209e5ea"}}],"isComposite":true}}],"memberElement":"51582f54-54b5-4c5d-9128-6e3c9209e5ea"}},{"id":"1011dd0b-7690-4375-a1d8-849ac56b2993","eClass":"sysml:FeatureMembership","data":{"elementId":"aadac57a-6a2d-4f2c-b368-5790c4381102","ownedRelatedElement":[{"id":"df3a1edb-ce20-471e-8897-78ecca2e7951","eClass":"sysml:PartUsage","data":{"declaredName":"chairBase","elementId":"b67aeb75-2486-4f47-a995-9aa9793452f1","ownedRelationship":[{"id":"c9b4e467-771a-4b70-a5a3-c97bd010aca0","eClass":"sysml:FeatureTyping","data":{"elementId":"2817edfe-5a34-4276-ac06-6067efcbf555","type":"301d2f42-d0ca-4910-8c38-c8dcfbc80d2c","typedFeature":"b67aeb75-2486-4f47-a995-9aa9793452f1"}}],"isComposite":true}}],"memberElement":"b67aeb75-2486-4f47-a995-9aa9793452f1"}}]}}],"memberElement":"700fa905-0b90-4b12-99b6-3288d3b0279f"}},{"id":"6a4b588f-a107-430e-b739-30f35a0d8401","eClass":"sysml:OwningMembership","data":{"elementId":"ef9030e1-f3a0-4f2f-bbb9-7d78e5716c0e","ownedRelatedElement":[{"id":"b5a02a62-7030-495f-83f5-777ac896a8c8","eClass":"sysml:PartDefinition","data":{"declaredName":"ChairBase","elementId":"301d2f42-d0ca-4910-8c38-c8dcfbc80d2c","ownedRelationship":[{"id":"71dfa482-b104-4e07-945d-9a86a5192111","eClass":"sysml:OwningMembership","data":{"elementId":"4cb5c519-eae0-4db2-be32-9a1585710d36","ownedRelatedElement":[{"id":"56928837-5bb7-49d2-9358-2bbcaa28ddd5","eClass":"sysml:Documentation","data":{"elementId":"95fe3395-e0f5-4cad-b028-e143fb03549b","body":"This chair base should be able to help the user to get up by following and helping their mouvment"}}],"memberElement":"95fe3395-e0f5-4cad-b028-e143fb03549b"}}]}}],"memberElement":"301d2f42-d0ca-4910-8c38-c8dcfbc80d2c"}},{"id":"d19f5a01-8bdd-4554-89e1-b73577a3f30d","eClass":"sysml:OwningMembership","data":{"elementId":"824b0b37-4244-4b6a-a932-7c46154a71e1","ownedRelatedElement":[{"id":"29a9144d-faa6-4a6c-9e80-062d3a44e892","eClass":"sysml:PartDefinition","data":{"declaredName":"Armrest","elementId":"595d4713-f2c9-4f8c-b061-29067ad0e043","ownedRelationship":[{"id":"cc70b25b-dd29-43ab-8aa4-6d12ac193edf","eClass":"sysml:OwningMembership","data":{"elementId":"154a8362-adf3-446f-a20c-3216007002ad","ownedRelatedElement":[{"id":"2cc95799-b7c2-48ab-b2aa-58cc644492c2","eClass":"sysml:Documentation","data":{"elementId":"80010b69-df4f-4a8b-a6bb-3698b3121c3e","body":"Provides support to help the user sit and stand up."}}],"memberElement":"80010b69-df4f-4a8b-a6bb-3698b3121c3e"}},{"id":"16a1304a-aadf-44be-a87e-d20493f0fd45","eClass":"sysml:FeatureMembership","data":{"elementId":"8ab4515c-b47c-4bf4-98e8-e30b54af4a3b","ownedRelatedElement":[{"id":"f3ad839e-3059-4338-9451-bc648fe7fd90","eClass":"sysml:PartUsage","data":{"declaredName":"controlPanel","elementId":"e07daf48-56af-443d-be45-a8a3badfee0c","ownedRelationship":[{"id":"191a0f60-f1b6-480b-8383-cde198450137","eClass":"sysml:FeatureTyping","data":{"elementId":"a29cda6a-84e1-4b9f-ab13-7704470d2d14","type":"696d32ab-d0e6-444f-b257-48bc4556785c","typedFeature":"e07daf48-56af-443d-be45-a8a3badfee0c"}}],"isComposite":true}}],"memberElement":"e07daf48-56af-443d-be45-a8a3badfee0c"}}]}}],"memberElement":"595d4713-f2c9-4f8c-b061-29067ad0e043"}},{"id":"14cd03c8-3bdd-4d7e-8545-78c4f62f589d","eClass":"sysml:OwningMembership","data":{"elementId":"c39b68aa-77a5-439c-b22a-e2bfd51abb63","ownedRelatedElement":[{"id":"02c8c032-17a5-43fa-96f4-dcd92b7d5300","eClass":"sysml:PartDefinition","data":{"declaredName":"Footrest","elementId":"051984b8-2611-4b65-a5de-a76c58707586","ownedRelationship":[{"id":"39ada558-e8b5-474f-babc-ff33c7c885bd","eClass":"sysml:OwningMembership","data":{"elementId":"98034e3d-bd48-4b45-ae2e-62bbbe3d7400","ownedRelatedElement":[{"id":"e49226c8-4dff-4889-9dcc-c1e5cb5ac067","eClass":"sysml:Documentation","data":{"elementId":"73f55190-799f-49c1-802a-a7e502187b86","body":"Increases user comfort during usage."}}],"memberElement":"73f55190-799f-49c1-802a-a7e502187b86"}}]}}],"memberElement":"051984b8-2611-4b65-a5de-a76c58707586"}},{"id":"8f501aee-4f22-4fba-8fbf-b5375d251acb","eClass":"sysml:OwningMembership","data":{"elementId":"335f3f95-7beb-4f68-a69c-a6270eb128f3","ownedRelatedElement":[{"id":"e735e9e7-4f07-4c92-b216-e123a47bc4fa","eClass":"sysml:PartDefinition","data":{"declaredName":"ControlPanel","elementId":"696d32ab-d0e6-444f-b257-48bc4556785c","ownedRelationship":[{"id":"34560d3e-5ebe-445f-93a2-bfb23021ecbb","eClass":"sysml:OwningMembership","data":{"elementId":"ca37d343-cd6c-47b6-9b53-25a6dc76a4c8","ownedRelatedElement":[{"id":"5fded18e-19de-484d-ba78-c4b0f62e6cbf","eClass":"sysml:Documentation","data":{"elementId":"263de7e9-0127-4f42-bf07-4311a00243fa","body":"Panel to control chair functions located on the armrest."}}],"memberElement":"263de7e9-0127-4f42-bf07-4311a00243fa"}},{"id":"32ad99f8-6c0b-4dbf-9adc-18f47b8ccaf3","eClass":"sysml:FeatureMembership","data":{"elementId":"4d746e28-8c32-43de-aed7-594234ce9580","ownedRelatedElement":[{"id":"abf5d4b3-3f84-42b1-8f9c-4fa87d4b9fb2","eClass":"sysml:PortUsage","data":{"declaredName":"controlCommands","elementId":"5f9c15d0-a638-4fed-8e5c-beeb9a10004a","ownedRelationship":[{"id":"20ffe1ea-9611-4d16-8340-777603487df4","eClass":"sysml:FeatureTyping","data":{"elementId":"1bd7a903-b598-4815-b74f-8967851a1b16","type":"86a57941-927c-4e04-9dad-b4cd42c5bfdd","typedFeature":"5f9c15d0-a638-4fed-8e5c-beeb9a10004a"}}],"isComposite":true}}],"memberElement":"5f9c15d0-a638-4fed-8e5c-beeb9a10004a"}}]}}],"memberElement":"696d32ab-d0e6-444f-b257-48bc4556785c"}},{"id":"be54fac7-d476-4327-81ed-c729661058e5","eClass":"sysml:OwningMembership","data":{"elementId":"c314b7ea-8d86-4139-91f6-28080ce56ed8","ownedRelatedElement":[{"id":"a3e97838-6648-4cd6-b76f-283495ae5b4c","eClass":"sysml:PartDefinition","data":{"declaredName":"Motor","elementId":"b5a8cd98-1a90-4605-87e5-1edfca06fcd7","ownedRelationship":[{"id":"94390c46-0101-4886-bb13-4bb479c76c61","eClass":"sysml:OwningMembership","data":{"elementId":"b981ec4e-9b37-4858-8c0f-f0c7a8c51662","ownedRelatedElement":[{"id":"057df02f-d535-43a6-af12-5a99f86c0303","eClass":"sysml:Documentation","data":{"elementId":"1a7a5ad9-d94f-46a3-9e29-abed2704ac14","body":"Provides the mechanical force needed to move the chair along the rail."}}],"memberElement":"1a7a5ad9-d94f-46a3-9e29-abed2704ac14"}},{"id":"482251d8-827c-413b-a389-3d12af433d45","eClass":"sysml:FeatureMembership","data":{"elementId":"7b40c5cc-c102-4a60-b4c8-7ae1f1cdf926","ownedRelatedElement":[{"id":"1334598b-e5e0-4c84-9527-2c59c3080e87","eClass":"sysml:PortUsage","data":{"declaredName":"inputPower","elementId":"c2844ae7-a311-4b79-aa54-3644f8102b2f","ownedRelationship":[{"id":"25360ddc-f28b-4d6c-92ea-d50cb19a8876","eClass":"sysml:FeatureTyping","data":{"elementId":"e9dd3b4e-6abf-43cb-bd34-1119dbc25b4d","type":"61dc9cff-4060-44fa-a1b7-caaf39e8ea83","typedFeature":"c2844ae7-a311-4b79-aa54-3644f8102b2f"}}],"isComposite":true}}],"memberElement":"c2844ae7-a311-4b79-aa54-3644f8102b2f"}},{"id":"bf089abe-3f28-43bf-ae22-c13bfbffded5","eClass":"sysml:FeatureMembership","data":{"elementId":"41d51259-8a58-4c7f-8593-b950671943d3","ownedRelatedElement":[{"id":"e5bdf476-9e04-471c-bbbc-81c4db067a72","eClass":"sysml:PortUsage","data":{"declaredName":"movementControl","elementId":"406fb131-7cb0-43f3-a7d8-f1d5917920d5","ownedRelationship":[{"id":"b4b4660b-26a4-43ff-9487-4220e9b79c39","eClass":"sysml:FeatureTyping","data":{"elementId":"42a837b9-9de8-4a05-818f-8e8141031ee4","type":"f62184aa-64f9-4a88-9b68-ff0030f10e6c","typedFeature":"406fb131-7cb0-43f3-a7d8-f1d5917920d5"}}],"isComposite":true}}],"memberElement":"406fb131-7cb0-43f3-a7d8-f1d5917920d5"}}]}}],"memberElement":"b5a8cd98-1a90-4605-87e5-1edfca06fcd7"}},{"id":"13ead286-9019-4b55-803d-5af9eda09cd5","eClass":"sysml:OwningMembership","data":{"elementId":"d3a539c4-9279-4743-8aa8-ad0e8a8abe26","ownedRelatedElement":[{"id":"c1eb3e54-1665-45f5-a0f5-30795f78910e","eClass":"sysml:PartDefinition","data":{"declaredName":"EnergySource","elementId":"a9d9b13a-d2f1-4d1c-8a0b-1e690ed857db","ownedRelationship":[{"id":"983d8fe9-11d8-4caf-b5cb-c6a1a584056d","eClass":"sysml:OwningMembership","data":{"elementId":"8a593704-8eee-4425-9c69-2b84480a404e","ownedRelatedElement":[{"id":"7e8a2b90-d49a-49de-8721-8a0ea0aa8767","eClass":"sysml:Documentation","data":{"elementId":"a330545f-44c2-426c-9e50-eabadb9661a6","body":"Provides energy to the motor."}}],"memberElement":"a330545f-44c2-426c-9e50-eabadb9661a6"}},{"id":"0806ed12-5c47-4b31-8698-862547d6de26","eClass":"sysml:FeatureMembership","data":{"elementId":"e57d5dd1-074a-4982-8b9c-c134dbc06d5d","ownedRelatedElement":[{"id":"d755e0d6-c3ee-4d6a-a754-3713f0d66717","eClass":"sysml:AttributeUsage","data":{"declaredName":"powerCapacity","elementId":"03c02553-7bca-444a-84c5-c446784b482e","ownedRelationship":[{"id":"a3fddd2e-f7b0-4275-a49e-5f7182851b11","eClass":"sysml:FeatureTyping","data":{"elementId":"83629186-5b7f-4d9c-b4fa-f46dea91d855","type":"sysml:DataType kermllibrary:///b2c6dd37-2084-3ce4-9ce2-580fdf30629c#14c0aa22-5489-59b5-b438-ded26e83ba31","typedFeature":"03c02553-7bca-444a-84c5-c446784b482e"}},{"id":"7c7e69c2-4763-4282-a1b7-d7dabaebf93d","eClass":"sysml:FeatureValue","data":{"elementId":"7d38b852-82ce-4551-9be8-b1e0f295f9cc","ownedRelatedElement":[{"id":"acb598ec-a5d0-4d73-b329-30348efc3d5c","eClass":"sysml:LiteralInteger","data":{"elementId":"6c1c087b-54e6-4e58-973b-3e0d3d601db5","value":500}}],"memberElement":"6c1c087b-54e6-4e58-973b-3e0d3d601db5"}}],"isComposite":true}}],"memberElement":"03c02553-7bca-444a-84c5-c446784b482e"}},{"id":"1cb68cfb-2dba-432f-a359-0b4c9b84e390","eClass":"sysml:FeatureMembership","data":{"elementId":"aee7e773-26a0-426d-8b6f-beea387dfe26","ownedRelatedElement":[{"id":"686047db-14ed-4958-85d8-a1463a8cba6a","eClass":"sysml:PortUsage","data":{"declaredName":"outputPower","elementId":"d4e0aa40-b4ec-451d-a924-e4602d33b0b6","ownedRelationship":[{"id":"68943238-7c29-4d84-ab77-b46218375e0d","eClass":"sysml:FeatureTyping","data":{"elementId":"06d30ab4-9a95-4935-b3c1-ab309a45d512","type":"61dc9cff-4060-44fa-a1b7-caaf39e8ea83","typedFeature":"d4e0aa40-b4ec-451d-a924-e4602d33b0b6"}}],"isComposite":true}}],"memberElement":"d4e0aa40-b4ec-451d-a924-e4602d33b0b6"}}]}}],"memberElement":"a9d9b13a-d2f1-4d1c-8a0b-1e690ed857db"}},{"id":"c757afe3-c81b-47e8-9e70-a12a413f74c3","eClass":"sysml:OwningMembership","data":{"elementId":"05b8edb1-3b59-472d-ab0b-618d2f91036c","ownedRelatedElement":[{"id":"a7bea18a-a799-4346-a5db-944395c89100","eClass":"sysml:PartDefinition","data":{"declaredName":"Rail","elementId":"2f896296-aa9f-49e1-b392-d6bff14852e4","ownedRelationship":[{"id":"f9086346-9298-4bf1-9ad9-bc2d3a87c39b","eClass":"sysml:OwningMembership","data":{"elementId":"f580cd85-80e9-449e-aed0-e52cf1fdbd1b","ownedRelatedElement":[{"id":"c48293cd-d710-4942-954a-3d2ec14a8c48","eClass":"sysml:Documentation","data":{"elementId":"8f7edd93-2510-4a3a-bd8d-4422099423e3","body":"Guides the chair lift along the stairs."}}],"memberElement":"8f7edd93-2510-4a3a-bd8d-4422099423e3"}},{"id":"583f6c9d-5d72-447b-8af9-32bb8dd9395e","eClass":"sysml:FeatureMembership","data":{"elementId":"1aaf3597-df27-4dbc-a346-fd626cf32fe1","ownedRelatedElement":[{"id":"203d74ee-526b-403d-b92a-2cfda2510a3b","eClass":"sysml:PartUsage","data":{"declaredName":"mountingElement","elementId":"2999d6b6-eca5-490d-bc44-417468c446bc","ownedRelationship":[{"id":"800fda2e-6755-4b80-a0db-cfacf4fcf073","eClass":"sysml:FeatureTyping","data":{"elementId":"7da5ea0f-5eba-4220-9ee0-0c885cbab2e8","type":"1b7d4a91-500c-400b-8f2c-5a384e3c398c","typedFeature":"2999d6b6-eca5-490d-bc44-417468c446bc"}}],"isComposite":true}}],"memberElement":"2999d6b6-eca5-490d-bc44-417468c446bc"}}]}}],"memberElement":"2f896296-aa9f-49e1-b392-d6bff14852e4"}},{"id":"d275a324-6c86-4c08-a699-edf429fe223f","eClass":"sysml:OwningMembership","data":{"elementId":"63d0be1c-394b-4f71-9ba0-e01bd7b1a096","ownedRelatedElement":[{"id":"7142c527-9803-4977-b303-f0e9785ff60a","eClass":"sysml:PartDefinition","data":{"declaredName":"MountingElement","elementId":"1b7d4a91-500c-400b-8f2c-5a384e3c398c","ownedRelationship":[{"id":"a08a77e8-589d-4d35-b42e-9be30ad9bc2d","eClass":"sysml:OwningMembership","data":{"elementId":"3430fa58-9fb4-4c34-b810-d05358c5894d","ownedRelatedElement":[{"id":"bfb7d957-904d-439d-a5d2-b8220b30ad32","eClass":"sysml:Documentation","data":{"elementId":"9ed59715-8e7d-4d96-9cbf-62eb2845cd61","body":"Fixes the chair lift system to the wall, providing guidance."}}],"memberElement":"9ed59715-8e7d-4d96-9cbf-62eb2845cd61"}}]}}],"memberElement":"1b7d4a91-500c-400b-8f2c-5a384e3c398c"}},{"id":"b7b22440-884b-4077-9026-a7b51fa78dbb","eClass":"sysml:OwningMembership","data":{"elementId":"4a7554e3-2e5c-4fb2-8ac4-f21273cfccae","ownedRelatedElement":[{"id":"3dc24187-0519-4da1-b9ab-44490cb73a0c","eClass":"sysml:PortDefinition","data":{"declaredName":"ControlCommandsPort","elementId":"86a57941-927c-4e04-9dad-b4cd42c5bfdd","ownedRelationship":[{"id":"f09e1490-d2cb-477a-b99e-b49d2312e6db","eClass":"sysml:FeatureMembership","data":{"elementId":"16b8f7f1-6011-4003-99e3-38b4e8edc5c7","ownedRelatedElement":[{"id":"4372ca35-f05f-4f31-afd5-1c4eb102f04a","eClass":"sysml:ReferenceUsage","data":{"declaredName":"moveCommand","elementId":"a23672b8-30f7-46ae-aa10-fa3c152e63bc","ownedRelationship":[{"id":"0ed75d9a-2775-44fc-9659-0043c0576bd5","eClass":"sysml:FeatureTyping","data":{"elementId":"8bb40d72-2744-494c-a81d-c2aacf5f83db","type":"66b865b1-87fc-4e20-b799-762d4d0c71f4","typedFeature":"a23672b8-30f7-46ae-aa10-fa3c152e63bc"}}],"isComposite":true}}],"memberElement":"a23672b8-30f7-46ae-aa10-fa3c152e63bc"}}]}}],"memberElement":"86a57941-927c-4e04-9dad-b4cd42c5bfdd"}},{"id":"e8fbdb7b-7e9e-4f45-a529-c28123bf588c","eClass":"sysml:OwningMembership","data":{"elementId":"3815e1b2-92c4-4a72-9fe7-9663f8bdeff0","ownedRelatedElement":[{"id":"89b110ef-e806-4641-87c2-24e548268105","eClass":"sysml:PortDefinition","data":{"declaredName":"PowerPort","elementId":"61dc9cff-4060-44fa-a1b7-caaf39e8ea83","ownedRelationship":[{"id":"709abb6b-1089-488b-9da6-58d609a2e5ab","eClass":"sysml:FeatureMembership","data":{"elementId":"5a7461e9-7cc6-4c7d-9e42-42ab0a49d528","ownedRelatedElement":[{"id":"47be737b-9b18-4832-b113-8ad346190126","eClass":"sysml:ReferenceUsage","data":{"declaredName":"powerSupply","elementId":"05e26bb7-f56e-4591-9fce-fefe14ce671e","ownedRelationship":[{"id":"712a314f-7b39-4397-bff0-59754b5d9197","eClass":"sysml:FeatureTyping","data":{"elementId":"fd67f419-1fe8-44d5-9a0a-f31ebe65bf01","type":"sysml:DataType kermllibrary:///b2c6dd37-2084-3ce4-9ce2-580fdf30629c#14c0aa22-5489-59b5-b438-ded26e83ba31","typedFeature":"05e26bb7-f56e-4591-9fce-fefe14ce671e"}}],"isComposite":true}}],"memberElement":"05e26bb7-f56e-4591-9fce-fefe14ce671e"}}]}}],"memberElement":"61dc9cff-4060-44fa-a1b7-caaf39e8ea83"}},{"id":"cf232a14-7b56-4b45-a60d-4bc7b22d85c5","eClass":"sysml:OwningMembership","data":{"elementId":"3f45498d-f52d-46e2-b588-5ff3f99f4e34","ownedRelatedElement":[{"id":"f8814f05-8e52-4e46-a22b-530e6c22232b","eClass":"sysml:PortDefinition","data":{"declaredName":"MovementControlPort","elementId":"f62184aa-64f9-4a88-9b68-ff0030f10e6c","ownedRelationship":[{"id":"d164d6af-3638-4273-b5d8-d370217a0e6f","eClass":"sysml:FeatureMembership","data":{"elementId":"23a2952a-0922-4c34-b56a-90c54ccc500b","ownedRelatedElement":[{"id":"5970523e-6c4e-417f-9b2a-c9d9726b8e19","eClass":"sysml:ReferenceUsage","data":{"declaredName":"command","elementId":"20d8d0a3-de67-4279-a151-eef415846dee","ownedRelationship":[{"id":"71f4bc1e-3860-4e45-b236-0d3be4b34ac3","eClass":"sysml:FeatureTyping","data":{"elementId":"81c43513-c679-4953-a244-2e1a6e832655","type":"66b865b1-87fc-4e20-b799-762d4d0c71f4","typedFeature":"20d8d0a3-de67-4279-a151-eef415846dee"}}],"isComposite":true}}],"memberElement":"20d8d0a3-de67-4279-a151-eef415846dee"}}]}}],"memberElement":"f62184aa-64f9-4a88-9b68-ff0030f10e6c"}},{"id":"a6a0e9eb-ced4-4f25-b521-86bfb07dd852","eClass":"sysml:OwningMembership","data":{"elementId":"08345955-df14-4815-a82d-c8fd375577fd","ownedRelatedElement":[{"id":"99e245b5-bfe9-4d55-93a8-8ab92e522875","eClass":"sysml:ItemDefinition","data":{"declaredName":"MoveCommand","elementId":"66b865b1-87fc-4e20-b799-762d4d0c71f4","ownedRelationship":[{"id":"d3c3b377-684d-40d4-b7f4-309d961fa447","eClass":"sysml:OwningMembership","data":{"elementId":"316ebb4f-b82b-4719-a7b1-3679a6e642b8","ownedRelatedElement":[{"id":"50532fbc-4aaf-4eca-a342-90d46230119a","eClass":"sysml:Documentation","data":{"elementId":"8c09d25a-d815-48c2-a926-d63c5d1f5baa","body":"Command to initiate the chairs movement"}}],"memberElement":"8c09d25a-d815-48c2-a926-d63c5d1f5baa"}},{"id":"e1be4cbe-eb97-4651-8e8d-ced3434031da","eClass":"sysml:FeatureMembership","data":{"elementId":"17f206f4-4917-4338-bce2-3c155b8f4b2d","ownedRelatedElement":[{"id":"bfa97100-93f9-4dff-8689-0f1c38bd4575","eClass":"sysml:AttributeUsage","data":{"declaredName":"direction","elementId":"7398e8d9-7e21-4cdf-b2d9-55be7f602b37","isComposite":true}}],"memberElement":"7398e8d9-7e21-4cdf-b2d9-55be7f602b37"}}]}}],"memberElement":"66b865b1-87fc-4e20-b799-762d4d0c71f4"}}]}}],"memberElement":"09c533db-1254-4c9a-9540-428f02dae491"}},{"id":"39ae23f1-57ae-4765-93fd-4206f7287f97","eClass":"sysml:OwningMembership","data":{"elementId":"10f3d2a7-bd5e-484e-9956-3bdefb946be8","ownedRelatedElement":[{"id":"c1dcb2ca-1c11-42c1-b840-da22f959fe66","eClass":"sysml:Package","data":{"declaredName":"ChairSystemConfiguration","elementId":"d36cb5db-3a48-4795-ace2-f88c81f660c1","ownedRelationship":[{"id":"b49c102d-7dbf-4628-91e7-8dbe927ef936","eClass":"sysml:NamespaceImport","data":{"elementId":"30580c04-bd3a-4d04-b5f1-fe79e0efafce","importedNamespace":"sysml:Namespace syson-import:qualifiedName#'ChairComponents'"}},{"id":"a0b61d0c-7182-4cd2-90ca-d1985de56ae8","eClass":"sysml:OwningMembership","data":{"elementId":"fd905c38-c140-45cf-be48-00cd438eb5c3","ownedRelatedElement":[{"id":"ef6048aa-3e7c-4201-a54d-aa87c8122b29","eClass":"sysml:PartUsage","data":{"declaredName":"chairLiftSystem","elementId":"0dfd7465-8b9e-446f-8bd0-c1d510285b8d","ownedRelationship":[{"id":"e67d6272-697f-475a-85ff-c577a24e0e29","eClass":"sysml:FeatureMembership","data":{"elementId":"891320ec-6f9c-49ca-8cd4-b0aa68653799","ownedRelatedElement":[{"id":"fac94cfe-9c59-4a9a-8a0c-ad3fdaae0a6a","eClass":"sysml:PartUsage","data":{"declaredName":"chair","elementId":"74deefc1-a8f4-45a8-90ed-19a14fd7118d","ownedRelationship":[{"id":"970bf957-f288-4357-a51e-cad785133c5e","eClass":"sysml:FeatureTyping","data":{"elementId":"7c4a074f-b207-470c-9d50-2d97ed69654a","type":"sysml:Type syson-import:qualifiedName#Chair","typedFeature":"74deefc1-a8f4-45a8-90ed-19a14fd7118d"}}],"isComposite":true}}],"memberElement":"74deefc1-a8f4-45a8-90ed-19a14fd7118d"}},{"id":"c1ba950f-5d19-43a6-ac35-6b21aa54422a","eClass":"sysml:FeatureMembership","data":{"elementId":"0b52a91b-71fb-4b9e-a9be-b6c3c0920695","ownedRelatedElement":[{"id":"4e4d5fe2-57d8-4c92-8d9d-0bc0b6f3d25a","eClass":"sysml:PartUsage","data":{"declaredName":"rail","elementId":"a7214726-542a-44fa-8b82-abfdebc55817","ownedRelationship":[{"id":"0653fa54-4df6-44b6-8dfc-65019ebaf6ca","eClass":"sysml:FeatureTyping","data":{"elementId":"19fec7a9-bd25-4a14-ba64-d2d4b565820f","type":"sysml:Type syson-import:qualifiedName#Rail","typedFeature":"a7214726-542a-44fa-8b82-abfdebc55817"}}],"isComposite":true}}],"memberElement":"a7214726-542a-44fa-8b82-abfdebc55817"}},{"id":"e46b1ddb-2637-4e78-8bdd-2f5c15a5a73f","eClass":"sysml:FeatureMembership","data":{"elementId":"00a214be-9bee-4157-a3f8-28ea16bdf2ee","ownedRelatedElement":[{"id":"1be31eae-c856-4ecf-ba35-e6ae119e00cf","eClass":"sysml:PartUsage","data":{"declaredName":"motor","elementId":"b9049245-3af3-4346-83ab-21781dcbcab8","ownedRelationship":[{"id":"c7d7fef6-3fcd-4464-861c-06927845b991","eClass":"sysml:FeatureTyping","data":{"elementId":"400fda8c-487a-4996-9c7d-dc844dfab785","type":"sysml:Type syson-import:qualifiedName#Motor","typedFeature":"b9049245-3af3-4346-83ab-21781dcbcab8"}}],"isComposite":true}}],"memberElement":"b9049245-3af3-4346-83ab-21781dcbcab8"}},{"id":"972f9ef9-e53b-4382-9103-d7bac4405a29","eClass":"sysml:FeatureMembership","data":{"elementId":"138125a3-73af-4c13-b2cf-0d803d62ed99","ownedRelatedElement":[{"id":"964d1e51-8f9c-48cd-abe2-a0a87ddeeb67","eClass":"sysml:PartUsage","data":{"declaredName":"energySource","elementId":"1319ec15-9f53-40cc-a47e-2e73f40da51a","ownedRelationship":[{"id":"22aeaf61-4af7-43ff-a87e-6c27552869fd","eClass":"sysml:FeatureTyping","data":{"elementId":"a00a2e4a-8d00-414e-b959-ff06ce4ee279","type":"sysml:Type syson-import:qualifiedName#EnergySource","typedFeature":"1319ec15-9f53-40cc-a47e-2e73f40da51a"}}],"isComposite":true}}],"memberElement":"1319ec15-9f53-40cc-a47e-2e73f40da51a"}},{"id":"84c026e5-4741-4d4a-bad4-7c3ff087cd74","eClass":"sysml:FeatureMembership","data":{"elementId":"4b7504a9-f6c0-46f8-b5d4-ebd9ef134a0f","ownedRelatedElement":[{"id":"a705ba7f-0b68-419d-90ba-b7b7f709fd94","eClass":"sysml:FlowConnectionUsage","data":{"declaredName":"PowerSupplyFlow","elementId":"634ef315-7402-4d83-8d2c-872f439dbb89","isComposite":true}}],"memberElement":"634ef315-7402-4d83-8d2c-872f439dbb89"}},{"id":"f767dc46-4530-43b1-9f9e-a8ce499382a9","eClass":"sysml:FeatureMembership","data":{"elementId":"25a640b1-2468-4ff0-861e-94c94c013983","ownedRelatedElement":[{"id":"b9f9c59b-0ec0-4f40-a913-7b9ebf392d9b","eClass":"sysml:FlowConnectionUsage","data":{"declaredName":"MovementControlFlow","elementId":"cefb2b2c-380b-4052-8b54-07d86d045972","isComposite":true}}],"memberElement":"cefb2b2c-380b-4052-8b54-07d86d045972"}},{"id":"36d38f8d-c946-4d00-9784-d8a87ba9ab77","eClass":"sysml:FeatureMembership","data":{"elementId":"c95ee401-07b5-469c-b46d-eeb8b64b3a6a","ownedRelatedElement":[{"id":"a9a3d140-7bde-41a9-95b8-5888154f9ef6","eClass":"sysml:InterfaceUsage","data":{"declaredName":"chairToRail","elementId":"66e258cd-6339-4fe9-aaf2-f10d5e9083a2","ownedRelationship":[{"id":"b793fed1-37da-4d35-915d-033aa9dcc0b7","eClass":"sysml:OwningMembership","data":{"elementId":"94d2e713-30f6-49a8-b679-89052a29c7e0","ownedRelatedElement":[{"id":"7157dfec-e363-4686-9fc8-51bb1ab6ddb3","eClass":"sysml:Documentation","data":{"elementId":"92af4ea5-83b8-4ada-aa05-18cce7970cdd","body":"Chair is permanently attached to the rail for movement guidance."}}],"memberElement":"92af4ea5-83b8-4ada-aa05-18cce7970cdd"}}],"isComposite":true}}],"memberElement":"66e258cd-6339-4fe9-aaf2-f10d5e9083a2"}}],"isComposite":true}}],"memberElement":"0dfd7465-8b9e-446f-8bd0-c1d510285b8d"}},{"id":"2eae9675-563e-4070-913e-1f39a6bcbe2e","eClass":"sysml:OwningMembership","data":{"elementId":"98678a79-42b1-47a3-b3d3-67adeda15b41","ownedRelatedElement":[{"id":"8db0c144-9862-4247-8662-f34ffc00cf0c","eClass":"sysml:PartDefinition","data":{"declaredName":"ChairProduct","elementId":"0b558e4d-64dd-4465-86b5-905b2fb94a2e","ownedRelationship":[{"id":"859d1049-a4fc-459d-a2e3-66f2ba2c77ac","eClass":"sysml:FeatureMembership","data":{"elementId":"121e003a-493c-4111-b9e0-90e03c5e262a","ownedRelatedElement":[{"id":"0d193269-87ba-49ee-b820-1aba4bc3430a","eClass":"sysml:PartUsage","data":{"declaredName":"ControlPanelStannah","elementId":"6af7104d-2b7a-4cdb-8a88-3b57fd9edee9","ownedRelationship":[{"id":"04718e3e-48a7-489c-bd06-f22c004d95a6","eClass":"sysml:OwningMembership","data":{"elementId":"638eadb2-7d6e-4bdc-a5c5-f4c51b67e8fd","ownedRelatedElement":[{"id":"ec943e99-2bc6-4455-a1f8-fe0ae1d2056a","eClass":"sysml:Documentation","data":{"elementId":"9afedeba-6681-4fa6-b30b-4fb080109e98","body":"Stannah control panel with commands to lift up, lower down, and stop the chair"}}],"memberElement":"9afedeba-6681-4fa6-b30b-4fb080109e98"}},{"id":"04290133-2bb1-4ea7-b959-ddfffb74d96b","eClass":"sysml:FeatureMembership","data":{"elementId":"a5716581-7379-4729-b1da-b1b62a3340ba","ownedRelatedElement":[{"id":"22df9262-e98f-4f23-95e4-27b44dff0f6d","eClass":"sysml:PortUsage","data":{"declaredName":"controlSignalOutput","elementId":"24cf4b44-f001-496e-955f-44d0f484ec0e","isComposite":true}}],"memberElement":"24cf4b44-f001-496e-955f-44d0f484ec0e"}}],"isComposite":true}}],"memberElement":"6af7104d-2b7a-4cdb-8a88-3b57fd9edee9"}},{"id":"b1159056-8a2f-47ca-8e31-fea82df2bb84","eClass":"sysml:OwningMembership","data":{"elementId":"ba8658dd-32b9-4144-862e-2130ae4fc5b5","ownedRelatedElement":[{"id":"e71d5c3e-277d-4210-bc68-a83e42d8e937","eClass":"sysml:PortDefinition","data":{"declaredName":"ControlSignalPort","elementId":"5bb56df9-7ce6-4027-beea-a31eaf578489","ownedRelationship":[{"id":"0a49b12e-4ede-4a49-852f-361cdeade90b","eClass":"sysml:FeatureMembership","data":{"elementId":"f267ad33-1a31-4c49-8598-de5a7ed4d4a7","ownedRelatedElement":[{"id":"7adf71a8-90a7-452d-80cc-bd78c99d29df","eClass":"sysml:AttributeUsage","data":{"declaredName":"controlSignal","elementId":"bbaf2b7e-3a9e-4fa6-b1df-d7a17471de6f","isComposite":true}}],"memberElement":"bbaf2b7e-3a9e-4fa6-b1df-d7a17471de6f"}}]}}],"memberElement":"5bb56df9-7ce6-4027-beea-a31eaf578489"}},{"id":"43678636-8d6a-487c-88b4-5d7779148b41","eClass":"sysml:FeatureMembership","data":{"elementId":"a0631452-f990-4e81-8424-9f32803cd0cb","ownedRelatedElement":[{"id":"df2d2b9b-2a01-42cd-9d4e-5cf023be9f7f","eClass":"sysml:PartUsage","data":{"declaredName":"MotorLinakLA31","elementId":"072e7730-237e-4989-ba89-4f43b42e4f2d","ownedRelationship":[{"id":"26cb421f-2d5d-4bf5-b6ba-74707d08ef45","eClass":"sysml:OwningMembership","data":{"elementId":"5069e87e-26fd-4aa1-9e0f-f5f5e1702eac","ownedRelatedElement":[{"id":"c1062fea-aa9a-4c78-8a94-4e33743b7c87","eClass":"sysml:Documentation","data":{"elementId":"eaec5cce-0750-4c93-833d-98aab887d35a","body":"Linak LA31 motor used for lifting the chair"}}],"memberElement":"eaec5cce-0750-4c93-833d-98aab887d35a"}},{"id":"b338d2d5-7321-4cd8-83ad-03977992c3e4","eClass":"sysml:FeatureMembership","data":{"elementId":"9c50ef2a-fb78-4c07-a96d-6cc759adcf3e","ownedRelatedElement":[{"id":"cc34c570-a869-4b42-9496-a407e9a5425a","eClass":"sysml:PortUsage","data":{"declaredName":"controlInput","elementId":"66981c5b-1d7c-41ba-80c1-5410f6bbf768","ownedRelationship":[{"id":"e7de3130-4994-42c7-8bd4-f44e6b81cbe7","eClass":"sysml:ConjugatedPortTyping","data":{"elementId":"6b02fe68-0c86-4167-afd1-51beba93b188","typedFeature":"66981c5b-1d7c-41ba-80c1-5410f6bbf768"}}],"isComposite":true}}],"memberElement":"66981c5b-1d7c-41ba-80c1-5410f6bbf768"}},{"id":"7bb6775d-3213-4cb9-b958-e04db1c7346d","eClass":"sysml:FeatureMembership","data":{"elementId":"6af916fe-200d-4ea8-97df-26565aa08507","ownedRelatedElement":[{"id":"18f8672c-a957-4ff5-9c8c-d1e1bbb8fd3a","eClass":"sysml:PortUsage","data":{"declaredName":"powerInput","elementId":"852a3dd2-717e-48ed-947e-23754d0473f7","ownedRelationship":[{"id":"f3983fc8-526e-4bf3-a722-d902146ef2be","eClass":"sysml:FeatureTyping","data":{"elementId":"f5a37281-5771-4d8f-a824-def3ddd78357","type":"f1da27d7-5609-4f42-96bd-b2a40fb9e816","typedFeature":"852a3dd2-717e-48ed-947e-23754d0473f7"}}],"isComposite":true}}],"memberElement":"852a3dd2-717e-48ed-947e-23754d0473f7"}}],"isComposite":true}}],"memberElement":"072e7730-237e-4989-ba89-4f43b42e4f2d"}},{"id":"fcf13692-1f05-4f0e-a19c-22a5bee27733","eClass":"sysml:OwningMembership","data":{"elementId":"61105a9c-40a9-4973-9c08-63b5b6414c42","ownedRelatedElement":[{"id":"a63b7a0c-36f3-4cbb-8a74-12eed0ad4676","eClass":"sysml:PortDefinition","data":{"declaredName":"PowerPort","elementId":"f1da27d7-5609-4f42-96bd-b2a40fb9e816","ownedRelationship":[{"id":"6473ae93-5868-4bb0-b7ba-f87549ef9059","eClass":"sysml:FeatureMembership","data":{"elementId":"e378efc0-9583-46fd-b6fa-2765dd50592f","ownedRelatedElement":[{"id":"489043e0-5bfa-43a5-a933-3a6364b5d733","eClass":"sysml:AttributeUsage","data":{"declaredName":"powerCapacity","elementId":"94e79701-c429-48b7-85a2-96767362059f","ownedRelationship":[{"id":"854bfc91-2ad4-4b84-8067-96e158384feb","eClass":"sysml:FeatureTyping","data":{"elementId":"dfe9584a-b8df-47b1-8961-ad1e5820afb3","type":"sysml:DataType kermllibrary:///b2c6dd37-2084-3ce4-9ce2-580fdf30629c#14c0aa22-5489-59b5-b438-ded26e83ba31","typedFeature":"94e79701-c429-48b7-85a2-96767362059f"}}],"isComposite":true}}],"memberElement":"94e79701-c429-48b7-85a2-96767362059f"}}]}}],"memberElement":"f1da27d7-5609-4f42-96bd-b2a40fb9e816"}},{"id":"346da703-ab13-4240-81f7-436c69b9af39","eClass":"sysml:FeatureMembership","data":{"elementId":"bd92dbd2-e93d-4df5-b15c-877904259569","ownedRelatedElement":[{"id":"ff861ced-6106-45eb-9c5e-9b719a4c666b","eClass":"sysml:PartUsage","data":{"declaredName":"PowerSupplyMeanWellHLG150","elementId":"ee064574-199e-4831-a6f9-95300fb3c8e5","ownedRelationship":[{"id":"248749aa-b070-4f66-97d0-c5f157af4944","eClass":"sysml:OwningMembership","data":{"elementId":"282667c9-a174-4594-9dc8-28a69e9f2834","ownedRelatedElement":[{"id":"a8597300-1245-4745-a6b4-250ff8d3d116","eClass":"sysml:Documentation","data":{"elementId":"02e0a638-7bbd-466c-825b-d4eef333694c","body":"Mean Well HLG-150H-24A power supply providing power to the motor"}}],"memberElement":"02e0a638-7bbd-466c-825b-d4eef333694c"}},{"id":"4b30e007-13c0-4275-be2f-a84bed5d1709","eClass":"sysml:FeatureMembership","data":{"elementId":"41d4f6b7-92ff-4b85-b56c-d1e7c5aa7cbb","ownedRelatedElement":[{"id":"4bc872fe-4a94-4183-834a-0925b35b274b","eClass":"sysml:PortUsage","data":{"declaredName":"powerOutput","elementId":"cb07c14d-a43e-4a71-8006-eb2718bf2d02","ownedRelationship":[{"id":"4de8d9c7-0bbe-457f-9805-c821f2c85a2f","eClass":"sysml:ConjugatedPortTyping","data":{"elementId":"b67af9d4-d76d-46d3-9a70-b23d39fcf102","typedFeature":"cb07c14d-a43e-4a71-8006-eb2718bf2d02"}}],"isComposite":true}}],"memberElement":"cb07c14d-a43e-4a71-8006-eb2718bf2d02"}},{"id":"a3344b4f-37a5-46de-afcb-1f1d06a0bdb8","eClass":"sysml:FeatureMembership","data":{"elementId":"d705b8f3-e016-4669-80fa-03601bf6f060","ownedRelatedElement":[{"id":"bb7d8314-1ab8-4af1-ae70-085e2a29dca5","eClass":"sysml:AttributeUsage","data":{"declaredName":"outputVoltage","elementId":"eb5c1883-81bb-4027-9845-00f5e3078020","ownedRelationship":[{"id":"8f94a439-5e51-4e98-913a-fd3305243023","eClass":"sysml:FeatureTyping","data":{"elementId":"dcc0c92a-9a31-4d13-8c8a-cc7cbcc4837e","type":"sysml:DataType kermllibrary:///b2c6dd37-2084-3ce4-9ce2-580fdf30629c#14c0aa22-5489-59b5-b438-ded26e83ba31","typedFeature":"eb5c1883-81bb-4027-9845-00f5e3078020"}},{"id":"f8efc4c0-6d00-490f-b4ba-9c6124f1fcfc","eClass":"sysml:FeatureValue","data":{"elementId":"3aca3736-6cd1-4c59-a977-4388afea8b6f","ownedRelatedElement":[{"id":"5c53117c-8931-473d-b540-38363343fa24","eClass":"sysml:LiteralInteger","data":{"elementId":"2f6c71b0-00d8-4d13-a950-3953392a2eb4","value":24}}],"memberElement":"2f6c71b0-00d8-4d13-a950-3953392a2eb4"}}],"isComposite":true}}],"memberElement":"eb5c1883-81bb-4027-9845-00f5e3078020"}},{"id":"9e20c1bf-7683-4268-9fe0-535ea8fc34c6","eClass":"sysml:FeatureMembership","data":{"elementId":"05cfc408-1111-41e2-a042-3facab1af872","ownedRelatedElement":[{"id":"b32caf74-fb0f-40bc-b975-6b01484bd5d5","eClass":"sysml:AttributeUsage","data":{"declaredName":"outputPower","elementId":"3c1a1953-51b1-4c1d-89e1-28945d3eb35c","ownedRelationship":[{"id":"b93085f7-cbca-41a1-874e-ee56d7ab98ff","eClass":"sysml:FeatureTyping","data":{"elementId":"16ae6981-8a9e-4b41-ab1f-acbe544f4060","type":"sysml:DataType kermllibrary:///b2c6dd37-2084-3ce4-9ce2-580fdf30629c#14c0aa22-5489-59b5-b438-ded26e83ba31","typedFeature":"3c1a1953-51b1-4c1d-89e1-28945d3eb35c"}},{"id":"0b18d9af-c78f-4a49-b5ed-3cbba549a098","eClass":"sysml:FeatureValue","data":{"elementId":"0b294b42-10c1-41fa-91f2-6b27ec416f5b","ownedRelatedElement":[{"id":"0ea94758-280b-4eec-845e-764b1adf0fd4","eClass":"sysml:LiteralInteger","data":{"elementId":"a6118d7a-c42c-43f3-82b2-1f620a829600","value":150}}],"memberElement":"a6118d7a-c42c-43f3-82b2-1f620a829600"}}],"isComposite":true}}],"memberElement":"3c1a1953-51b1-4c1d-89e1-28945d3eb35c"}}],"isComposite":true}}],"memberElement":"ee064574-199e-4831-a6f9-95300fb3c8e5"}},{"id":"9d4b4172-d74f-4f42-8778-ee87812f4414","eClass":"sysml:OwningMembership","data":{"elementId":"412b0068-da1a-483c-a38a-033034b4bc84","ownedRelatedElement":[{"id":"e1dba823-f9e4-415d-a0a5-017d71574f0e","eClass":"sysml:Documentation","data":{"elementId":"b4aa65fd-c023-47e4-81f2-13f5b0ef8e19","body":"This is an example of components which could be use"}}]}}]}}],"memberElement":"0b558e4d-64dd-4465-86b5-905b2fb94a2e"}}]}}],"memberElement":"d36cb5db-3a48-4795-ace2-f88c81f660c1"}}]}}]}}]}}]}}]}}]}