{"json":{"version":"1.0","encoding":"utf-8"},"ns":{"sysml":"http://www.eclipse.org/syson/sysml"},"content":[{"id":"72f57bed-8eb8-4e1d-9f7f-e4e4768c292d","eClass":"sysml:Namespace","data":{"elementId":"d6d532b1-3885-4818-9ee2-4df3da52a8c0","ownedRelationship":[{"id":"eff8a665-0214-4319-b6ec-2f992861b247","eClass":"sysml:OwningMembership","data":{"elementId":"74032bf3-45f3-4925-98fd-d300f03b652b","ownedRelatedElement":[{"id":"fac39984-6052-4ff8-b827-906fb3a3c546","eClass":"sysml:Package","data":{"declaredName":"Package 1","elementId":"bbe4c1fd-7d48-4417-9e20-7249491776eb","ownedRelationship":[{"id":"c6a2fc35-e1cf-4a48-947f-a62cb131b2e7","eClass":"sysml:OwningMembership","data":{"elementId":"46824f43-eeb0-4b5f-bb9c-42f003a03ad2","ownedRelatedElement":[{"id":"7ba9a826-48fd-4f62-a1fb-e6eae0925b5d","eClass":"sysml:Package","data":{"declaredName":"ChairLiftSystemWithRailGuide","elementId":"7c0b7481-e33f-443d-b391-106f268a63b1","ownedRelationship":[{"id":"04cf0282-8183-4eb5-ab5a-29b49ca1f0dd","eClass":"sysml:OwningMembership","data":{"elementId":"99978361-438e-4e57-9e57-08eead453abc","ownedRelatedElement":[{"id":"24b27609-ca77-4368-a21d-136f337a0c93","eClass":"sysml:Documentation","data":{"elementId":"8ec4d205-1533-4254-b9aa-c26440e858e8","body":"This chair aims to help users in their daily lives, allowing them to stay in the same house even if they are unable to climb stairs."}}],"memberElement":"8ec4d205-1533-4254-b9aa-c26440e858e8"}},{"id":"9eb5c922-86ca-4ea2-a135-5f2c08a3eba1","eClass":"sysml:OwningMembership","data":{"elementId":"357c34a3-2f3e-44c7-bb53-b46ddf12e58d","ownedRelatedElement":[{"id":"e18c8a98-d635-4a3c-88c4-10707b6224bc","eClass":"sysml:Package","data":{"declaredName":"PartDefinitions","elementId":"750fde1d-6524-4c6c-ab06-219adc43e1ea","ownedRelationship":[{"id":"5e3b6d3d-f82a-4f1c-a11c-4ff15d88ddcc","eClass":"sysml:OwningMembership","data":{"elementId":"7f6712b1-f155-46b9-8433-9d53d3424ef4","ownedRelatedElement":[{"id":"67a3c8f3-7697-46a3-842e-28ab60391f5b","eClass":"sysml:PartDefinition","data":{"declaredName":"Chair","elementId":"132c4331-90c9-4353-abef-f19bdd125613","ownedRelationship":[{"id":"b3d9a24d-d485-4851-aef9-91854b7018c4","eClass":"sysml:FeatureMembership","data":{"elementId":"38fb702e-8000-4535-9f0f-70bc5d354080","ownedRelatedElement":[{"id":"d038d1bc-475b-4d20-a65d-f0f7d799d37c","eClass":"sysml:AttributeUsage","data":{"declaredName":"material","elementId":"98ab68b4-731c-4163-af26-8679f273ab84","ownedRelationship":[{"id":"3e3c751b-c9a7-4cae-acca-39cb68e27a31","eClass":"sysml:FeatureTyping","data":{"elementId":"dbead07f-6bfd-44c7-ade3-b2477f4836cf","type":"sysml:Type syson-import:qualifiedName#MaterialType","typedFeature":"98ab68b4-731c-4163-af26-8679f273ab84"}},{"id":"1b28b14f-ff53-4993-b9f8-64e684a0b9e3","eClass":"sysml:FeatureValue","data":{"elementId":"17fea17d-c3ef-45a8-ac61-1c7ddb6ccebb","ownedRelatedElement":[{"id":"f5c19e1c-b151-44bf-a8b2-9d0740f38e88","eClass":"sysml:FeatureReferenceExpression","data":{"elementId":"eba3f806-5f24-463c-b108-33377203b1ec","ownedRelationship":[{"id":"10203dcb-3534-4861-9062-4b8fd461f8a9","eClass":"sysml:Membership","data":{"elementId":"282e8387-248d-4160-a3ec-7218f532a9b0","memberElement":"sysml:Feature syson-import:qualifiedName#MaterialType::Soft"}}]}}],"memberElement":"eba3f806-5f24-463c-b108-33377203b1ec"}}],"isComposite":true}}],"memberElement":"98ab68b4-731c-4163-af26-8679f273ab84"}},{"id":"45a30ad0-b3d5-4e7c-be3b-5657c8fda1c0","eClass":"sysml:FeatureMembership","data":{"elementId":"2915d182-eeae-44ff-baf6-c8487d9936d6","ownedRelatedElement":[{"id":"7f8c4735-6c13-4d5a-aabf-8a49ead6bf43","eClass":"sysml:AttributeUsage","data":{"declaredName":"isFoldable","elementId":"14d4f4af-d5c5-487a-baa6-ed1627ab8d3b","ownedRelationship":[{"id":"4643dfe9-d9d0-455f-a0a0-a0cc6efbb083","eClass":"sysml:FeatureTyping","data":{"elementId":"bc772a69-775b-453a-b787-0b04f9b3178e","type":"sysml:Type syson-import:qualifiedName#Boolean","typedFeature":"14d4f4af-d5c5-487a-baa6-ed1627ab8d3b"}},{"id":"c326a961-7d17-41b0-8482-63e759bfe24d","eClass":"sysml:FeatureValue","data":{"elementId":"5a111e89-f16f-4095-9ca0-bcab2e170850","ownedRelatedElement":[{"id":"ab69be8a-5709-4ab9-89e4-bc1679e504e5","eClass":"sysml:LiteralBoolean","data":{"elementId":"93eb2cf4-0687-4d1b-a8cd-1350464c82ac"}}],"memberElement":"93eb2cf4-0687-4d1b-a8cd-1350464c82ac"}}],"isComposite":true}}],"memberElement":"14d4f4af-d5c5-487a-baa6-ed1627ab8d3b"}},{"id":"c55e1a95-1377-47ae-8010-c8c07270aae5","eClass":"sysml:FeatureMembership","data":{"elementId":"c87517a4-7e61-43d4-8668-03e6d73dfc2d","ownedRelatedElement":[{"id":"fc3ba9d0-515d-407c-978c-744248b21223","eClass":"sysml:PartUsage","data":{"declaredName":"armrests","elementId":"9f82a58b-9352-4d5d-a136-63e1e17bfd11","ownedRelationship":[{"id":"fd5e581f-b3aa-47e3-841f-4399c3b5bef3","eClass":"sysml:FeatureTyping","data":{"elementId":"a709b8be-3eca-4192-a8d4-b4424d827258","type":"6cb66069-6cb6-41de-933d-ac8b7d0ce02f","typedFeature":"9f82a58b-9352-4d5d-a136-63e1e17bfd11"}}],"isComposite":true}}],"memberElement":"9f82a58b-9352-4d5d-a136-63e1e17bfd11"}},{"id":"79cb98d2-b439-4791-a215-5f9659236ea5","eClass":"sysml:FeatureMembership","data":{"elementId":"042b782c-efde-4a3b-9779-9d0820ab6fbf","ownedRelatedElement":[{"id":"45e103e2-99a9-48eb-98ad-7802267feec6","eClass":"sysml:PartUsage","data":{"declaredName":"footrest","elementId":"69f0e129-7b2d-440b-9eb0-d47bfffd4af7","ownedRelationship":[{"id":"c44278fe-0d29-4127-ae2b-1f26a9136ff8","eClass":"sysml:FeatureTyping","data":{"elementId":"637479f9-fa1f-4790-b4d6-aa9d3887fe2d","type":"79383999-b050-46a3-86b1-9e71e3c53133","typedFeature":"69f0e129-7b2d-440b-9eb0-d47bfffd4af7"}}],"isComposite":true}}],"memberElement":"69f0e129-7b2d-440b-9eb0-d47bfffd4af7"}},{"id":"162f56cc-603b-455e-af67-ef88b0532b05","eClass":"sysml:FeatureMembership","data":{"elementId":"7c6ac27d-acc8-4a8a-b3d6-1b528af7ff0e","ownedRelatedElement":[{"id":"23c102f7-889a-4d38-8f13-50de77fe97cf","eClass":"sysml:PartUsage","data":{"declaredName":"base","elementId":"c3166e2b-10c2-4c3b-b8c3-f48aa90316a4","ownedRelationship":[{"id":"22b61823-416f-4c6d-ade4-1dcd6c1af0ce","eClass":"sysml:FeatureTyping","data":{"elementId":"1bc2c7b8-1ea2-43da-ac24-882576c9ffde","type":"5ed8c801-7e11-4433-97f1-1d1f79868f2c","typedFeature":"c3166e2b-10c2-4c3b-b8c3-f48aa90316a4"}}],"isComposite":true}}],"memberElement":"c3166e2b-10c2-4c3b-b8c3-f48aa90316a4"}},{"id":"ab77aaf4-14f1-4fca-9c93-19763580e052","eClass":"sysml:FeatureMembership","data":{"elementId":"8daaab66-4f55-47b4-ae2e-470753599146","ownedRelatedElement":[{"id":"26010417-a2ef-4181-ac6a-683467d1cd3e","eClass":"sysml:ReferenceUsage","data":{"declaredName":"with","elementId":"e7fc7081-6ecc-40a5-9a0d-113f057b5463","isComposite":true}}],"memberElement":"e7fc7081-6ecc-40a5-9a0d-113f057b5463"}},{"id":"d938515a-be1a-418f-98ac-b5c5da98f4b3","eClass":"sysml:FeatureMembership","data":{"elementId":"3a945f77-118a-4390-9e6e-4541f61027d7","ownedRelatedElement":[{"id":"6d7d56f5-fc57-495b-9d22-d8fa9387cd33","eClass":"sysml:ReferenceUsage","data":{"declaredName":"LiftSystem","elementId":"2fe7d56c-a34e-4555-a5d6-124c96fe533d","isComposite":true}}],"memberElement":"2fe7d56c-a34e-4555-a5d6-124c96fe533d"}},{"id":"2c079242-779c-4ff7-9010-78bdc5d7e81c","eClass":"sysml:FeatureMembership","data":{"elementId":"05d3d80e-c8aa-456d-ae1c-5bcc38e90687","ownedRelatedElement":[{"id":"c9f9fcd7-ccc8-4567-8bef-757c88a701c0","eClass":"sysml:PartUsage","data":{"declaredName":"railGuide","elementId":"793295ad-618f-4940-aacf-8f614b0b2013","ownedRelationship":[{"id":"0fba4230-a327-4f3b-92a2-0f28aacd6103","eClass":"sysml:FeatureTyping","data":{"elementId":"57bf76f5-26e5-48cb-92bb-8fc4e45390cc","type":"a93461b3-2b73-482e-9058-187307a1287d","typedFeature":"793295ad-618f-4940-aacf-8f614b0b2013"}}],"isComposite":true}}],"memberElement":"793295ad-618f-4940-aacf-8f614b0b2013"}},{"id":"a1d4e6ca-132c-4c66-bfa7-875d4ecd0f2a","eClass":"sysml:FeatureMembership","data":{"elementId":"2d97fabe-2d06-4690-8282-3c4a8eb35aa3","ownedRelatedElement":[{"id":"86e82bed-aaaf-4934-bd02-26db36f93bd2","eClass":"sysml:PortUsage","data":{"declaredName":"controlPanel","elementId":"9838a818-01f1-4792-be22-92bf6eacb720","ownedRelationship":[{"id":"319a2b2d-a052-4304-adac-810070c8c50e","eClass":"sysml:FeatureTyping","data":{"elementId":"58dbf350-8f23-4aa7-931b-98f7ffbaaf7c","type":"01081d21-c895-4589-8b13-01df1fd536d3","typedFeature":"9838a818-01f1-4792-be22-92bf6eacb720"}}],"isComposite":true}}],"memberElement":"9838a818-01f1-4792-be22-92bf6eacb720"}}]}}],"memberElement":"132c4331-90c9-4353-abef-f19bdd125613"}},{"id":"24fc2387-720c-4a9b-ad70-1af87cc6c58f","eClass":"sysml:OwningMembership","data":{"elementId":"b391c849-d631-433f-9a97-e3935e80e11e","ownedRelatedElement":[{"id":"33c9e874-ac83-4e56-a0d4-740f86f418ee","eClass":"sysml:PartDefinition","data":{"declaredName":"Armrest","elementId":"6cb66069-6cb6-41de-933d-ac8b7d0ce02f","ownedRelationship":[{"id":"c4e28dd3-e1c2-4745-8a7f-7ea239c7bdd3","eClass":"sysml:FeatureMembership","data":{"elementId":"2f3f5d61-61f3-41f4-9727-441f3a965e82","ownedRelatedElement":[{"id":"32d781fb-afd6-4aab-a83c-4877258c568a","eClass":"sysml:AttributeUsage","data":{"declaredName":"hasControlPanel","elementId":"1243c128-5062-45d0-9fb5-8f31d2687e1e","ownedRelationship":[{"id":"4a52da22-97c2-48f6-99d6-96f7b9671c80","eClass":"sysml:FeatureTyping","data":{"elementId":"576d458a-aa80-4141-bc63-2d7d0d4deb9a","type":"sysml:Type syson-import:qualifiedName#Boolean","typedFeature":"1243c128-5062-45d0-9fb5-8f31d2687e1e"}},{"id":"f3350313-8115-403c-98d7-713df442caf9","eClass":"sysml:FeatureValue","data":{"elementId":"a2b24e8e-4dd8-4cee-93ad-8280eea19939","ownedRelatedElement":[{"id":"1601502e-c547-4bee-a823-1cbd507d9daa","eClass":"sysml:LiteralBoolean","data":{"elementId":"89f34421-b125-470c-9b9e-980f4d513299"}}],"memberElement":"89f34421-b125-470c-9b9e-980f4d513299"}}],"isComposite":true}}],"memberElement":"1243c128-5062-45d0-9fb5-8f31d2687e1e"}},{"id":"2f34666c-7ad2-4116-b985-66e5f42a735e","eClass":"sysml:FeatureMembership","data":{"elementId":"8fc72129-46ea-4309-bd1b-8d674d89f1af","ownedRelatedElement":[{"id":"724a4d00-3779-4490-9625-a4532b34b0c3","eClass":"sysml:PortUsage","data":{"declaredName":"controlPanel","elementId":"76bcd787-187a-4676-86fd-b0332156f8a1","ownedRelationship":[{"id":"f2f4b6d3-b511-4984-b42d-003dfb7b1025","eClass":"sysml:FeatureTyping","data":{"elementId":"b564360d-ef72-4263-af6f-f2eea38b0478","type":"01081d21-c895-4589-8b13-01df1fd536d3","typedFeature":"76bcd787-187a-4676-86fd-b0332156f8a1"}}],"isComposite":true}}],"memberElement":"76bcd787-187a-4676-86fd-b0332156f8a1"}}]}}],"memberElement":"6cb66069-6cb6-41de-933d-ac8b7d0ce02f"}},{"id":"5cc581cb-d7ba-4046-8f6f-15d0c50d67bf","eClass":"sysml:OwningMembership","data":{"elementId":"435048df-168b-4ff6-9888-30bb2fdd7177","ownedRelatedElement":[{"id":"8ce5791b-a7c8-4ac5-85f5-0666475c5255","eClass":"sysml:PartDefinition","data":{"declaredName":"Footrest","elementId":"79383999-b050-46a3-86b1-9e71e3c53133","ownedRelationship":[{"id":"872aa209-154d-4d41-a820-60190125d5ef","eClass":"sysml:FeatureMembership","data":{"elementId":"fab5f87a-c18f-4c89-82b8-6da0cffed777","ownedRelatedElement":[{"id":"4e8d5862-aedc-4877-864b-b840b18589b4","eClass":"sysml:AttributeUsage","data":{"declaredName":"isAdjustable","elementId":"faa134b5-49e3-4781-825a-99f41a79505e","ownedRelationship":[{"id":"83fbabcf-9eb6-4e6e-9f85-5a3771175c32","eClass":"sysml:FeatureTyping","data":{"elementId":"65a3bc17-e10f-4f4e-9245-74e78cb073f5","type":"sysml:Type syson-import:qualifiedName#Boolean","typedFeature":"faa134b5-49e3-4781-825a-99f41a79505e"}},{"id":"bab8f619-15ae-4781-b378-4f33e946309f","eClass":"sysml:FeatureValue","data":{"elementId":"b9fc5301-dfa0-4940-a04e-198c27cd82fe","ownedRelatedElement":[{"id":"31efa356-9bf0-4ea5-813e-c173b4cb0ba0","eClass":"sysml:LiteralBoolean","data":{"elementId":"73d1902d-f59f-4c41-bd8f-bffdae441768"}}],"memberElement":"73d1902d-f59f-4c41-bd8f-bffdae441768"}}],"isComposite":true}}],"memberElement":"faa134b5-49e3-4781-825a-99f41a79505e"}}]}}],"memberElement":"79383999-b050-46a3-86b1-9e71e3c53133"}},{"id":"6d2cf36d-5247-43f1-9056-389b07f5704f","eClass":"sysml:OwningMembership","data":{"elementId":"a6c33157-c2bb-4158-9813-7b9633f188be","ownedRelatedElement":[{"id":"b39b4681-3113-4eed-88d5-517d76b9b050","eClass":"sysml:PartDefinition","data":{"declaredName":"Base","elementId":"5ed8c801-7e11-4433-97f1-1d1f79868f2c","ownedRelationship":[{"id":"9e13a9ea-788e-45e9-a4e8-f02fade58e86","eClass":"sysml:FeatureMembership","data":{"elementId":"f14f85e6-4627-4990-8d70-d8a522346bce","ownedRelatedElement":[{"id":"64f4fad9-40d6-4c17-b55f-4b966299949b","eClass":"sysml:AttributeUsage","data":{"declaredName":"canLift","elementId":"c2dc9b3d-0c50-47ce-82d6-8a65c1236eab","ownedRelationship":[{"id":"c757ef72-f708-43c0-a296-0528a7c717d4","eClass":"sysml:FeatureTyping","data":{"elementId":"c67304a7-c0ed-4d05-aa69-0a3cd10c7a77","type":"sysml:Type syson-import:qualifiedName#Boolean","typedFeature":"c2dc9b3d-0c50-47ce-82d6-8a65c1236eab"}},{"id":"a91b735e-1013-4c68-86b1-01612630850a","eClass":"sysml:FeatureValue","data":{"elementId":"9c612c89-10ca-4898-aa70-5135cd8d4496","ownedRelatedElement":[{"id":"43b81e77-e282-4f66-aad5-c8aa2b3746ec","eClass":"sysml:LiteralBoolean","data":{"elementId":"53247ceb-4a09-4481-b208-6b718a3e7d0c"}}],"memberElement":"53247ceb-4a09-4481-b208-6b718a3e7d0c"}}],"isComposite":true}}],"memberElement":"c2dc9b3d-0c50-47ce-82d6-8a65c1236eab"}},{"id":"be18d469-8905-4a78-837a-00190593bca6","eClass":"sysml:FeatureMembership","data":{"elementId":"fdf7c088-d4c8-46a1-8823-75868eefec20","ownedRelatedElement":[{"id":"43520267-c7d7-4f9c-b573-1c912f4e862f","eClass":"sysml:ActionUsage","data":{"declaredName":"liftUser","elementId":"cf12f7ea-094f-4e7e-a4b1-71e719751d0b","ownedRelationship":[{"id":"4213021c-b64d-4536-89e9-e07616b57b2f","eClass":"sysml:FeatureTyping","data":{"elementId":"40862e7c-fb41-4d85-b524-5d2704fa9e6f","type":"sysml:Type syson-import:qualifiedName#LiftUser","typedFeature":"cf12f7ea-094f-4e7e-a4b1-71e719751d0b"}}],"isComposite":true}}],"memberElement":"cf12f7ea-094f-4e7e-a4b1-71e719751d0b"}},{"id":"8059f483-8273-4527-b775-9b94df0be904","eClass":"sysml:FeatureMembership","data":{"elementId":"5a643b1b-21d6-47e3-a7fe-f7be81c1881e","ownedRelatedElement":[{"id":"40761757-fadf-4327-b2c0-3cd9eaa33994","eClass":"sysml:ActionUsage","data":{"declaredName":"lowerUser","elementId":"7c8f785f-4315-411e-8401-b63219e57a6b","ownedRelationship":[{"id":"f9d833f2-3e0a-4af9-a708-e55c4fb96385","eClass":"sysml:FeatureTyping","data":{"elementId":"1c6aafc4-d2dc-4524-b21e-13fde2c727b3","type":"sysml:Type syson-import:qualifiedName#LowerUser","typedFeature":"7c8f785f-4315-411e-8401-b63219e57a6b"}}],"isComposite":true}}],"memberElement":"7c8f785f-4315-411e-8401-b63219e57a6b"}},{"id":"7c0ba064-a024-4813-8071-46a8adaf19b9","eClass":"sysml:FeatureMembership","data":{"elementId":"19c267b4-9f3d-4fb1-b110-542c81d5ea88","ownedRelatedElement":[{"id":"05d05047-8a26-42e9-ba21-b70f2d2c439b","eClass":"sysml:ActionUsage","data":{"declaredName":"moveAlongRail","elementId":"2e32605c-3818-4966-a4a6-7e69c785e4a4","ownedRelationship":[{"id":"a0d5f8a4-a62c-4d45-bdf4-457ca670c5d2","eClass":"sysml:FeatureTyping","data":{"elementId":"f789eee1-c4a9-46c8-bf6a-94734a8d96b7","type":"sysml:Type syson-import:qualifiedName#MoveAlongRail","typedFeature":"2e32605c-3818-4966-a4a6-7e69c785e4a4"}}],"isComposite":true}}],"memberElement":"2e32605c-3818-4966-a4a6-7e69c785e4a4"}}]}}],"memberElement":"5ed8c801-7e11-4433-97f1-1d1f79868f2c"}},{"id":"b38a82c7-d2c3-4b80-bd09-0dcc094d988b","eClass":"sysml:OwningMembership","data":{"elementId":"8b1f471a-e722-4184-9396-cc9df838aba2","ownedRelatedElement":[{"id":"f49e2ed7-3652-41d4-8206-2b848d0d5254","eClass":"sysml:PartDefinition","data":{"declaredName":"RailGuide","elementId":"a93461b3-2b73-482e-9058-187307a1287d","ownedRelationship":[{"id":"26fe4c22-8ad8-4c80-af7e-f17e7a909bc8","eClass":"sysml:FeatureMembership","data":{"elementId":"1fc42818-5a90-426b-a641-81c92ca6932c","ownedRelatedElement":[{"id":"8fcccac6-2c39-46e5-96b2-5662627af37a","eClass":"sysml:AttributeUsage","data":{"declaredName":"isFixedToWall","elementId":"03dab2d7-58c5-4a81-9dcf-1f01c1d0a044","ownedRelationship":[{"id":"660da7cb-b633-49b5-9c5b-9107d245ffb8","eClass":"sysml:FeatureTyping","data":{"elementId":"b83599fb-4b36-450b-836c-9811afcf6d5c","type":"sysml:Type syson-import:qualifiedName#Boolean","typedFeature":"03dab2d7-58c5-4a81-9dcf-1f01c1d0a044"}},{"id":"493c4aca-39e1-4f77-b40a-883e7014bde1","eClass":"sysml:FeatureValue","data":{"elementId":"dcd31e20-1f54-4378-b89d-36bb8d4a2a20","ownedRelatedElement":[{"id":"7d2cce14-9c9f-4db3-81f8-f93412c27cfa","eClass":"sysml:LiteralBoolean","data":{"elementId":"57556c9c-812d-49ba-a381-f65fedb6d4ec"}}],"memberElement":"57556c9c-812d-49ba-a381-f65fedb6d4ec"}}],"isComposite":true}}],"memberElement":"03dab2d7-58c5-4a81-9dcf-1f01c1d0a044"}},{"id":"0ceb875e-49d0-4f48-b91e-ae9d353fa125","eClass":"sysml:FeatureMembership","data":{"elementId":"1d6668b2-c8ae-43d4-9da0-7448087116a0","ownedRelatedElement":[{"id":"32c602e8-5e39-4ff4-9492-86539893e15c","eClass":"sysml:AttributeUsage","data":{"declaredName":"maxLoad","elementId":"831c8771-1333-4b40-86fc-bb1ae7f0e76e","ownedRelationship":[{"id":"899294b3-f791-4f5b-b400-ba45acf33464","eClass":"sysml:FeatureTyping","data":{"elementId":"d2eac9b9-eb1f-4b78-b9d9-97aed66eb3ee","type":"sysml:DataType kermllibrary:///b2c6dd37-2084-3ce4-9ce2-580fdf30629c#14c0aa22-5489-59b5-b438-ded26e83ba31","typedFeature":"831c8771-1333-4b40-86fc-bb1ae7f0e76e"}},{"id":"e6bd80a2-6c0b-490f-bef3-99ccd1a9fdcc","eClass":"sysml:FeatureValue","data":{"elementId":"9731df4b-4eff-453c-88fd-52eb2cd1997b","ownedRelatedElement":[{"id":"91753c95-261c-4aa7-b8e0-a0cee0810443","eClass":"sysml:OperatorExpression","data":{"elementId":"176a23fa-5e07-4002-b42b-a698b2e72e7e","operator":"["}}],"memberElement":"176a23fa-5e07-4002-b42b-a698b2e72e7e"}}],"isComposite":true}}],"memberElement":"831c8771-1333-4b40-86fc-bb1ae7f0e76e"}},{"id":"98f1f66c-d6e9-4c82-98a4-40b276fd02f5","eClass":"sysml:FeatureMembership","data":{"elementId":"21e976b7-abc5-4a76-8a83-281f8158009e","ownedRelatedElement":[{"id":"b865e9e3-278b-4041-8cd0-17d647de3140","eClass":"sysml:ActionUsage","data":{"declaredName":"guideChair","elementId":"2e5b94fa-b4a4-4320-9d19-d0f70f7b952f","ownedRelationship":[{"id":"78714895-4a39-4527-a588-1305ced6c93d","eClass":"sysml:FeatureTyping","data":{"elementId":"5a9b2c69-99e4-4ee2-9ee9-f8576d7bb69d","type":"sysml:Type syson-import:qualifiedName#GuideChair","typedFeature":"2e5b94fa-b4a4-4320-9d19-d0f70f7b952f"}}],"isComposite":true}}],"memberElement":"2e5b94fa-b4a4-4320-9d19-d0f70f7b952f"}},{"id":"0d3bd3c0-7e0c-491f-913a-79a6f5c66a76","eClass":"sysml:FeatureMembership","data":{"elementId":"199778ea-2123-4123-8c5f-349f4fdc21fe","ownedRelatedElement":[{"id":"9832dd3f-707d-413c-bcd6-c573c078ca9b","eClass":"sysml:ActionUsage","data":{"declaredName":"stopChair","elementId":"96884aec-639b-423c-8bc4-6d2e605d8018","ownedRelationship":[{"id":"bf493db9-f803-45fa-a73c-dc4ce6936c29","eClass":"sysml:FeatureTyping","data":{"elementId":"08296144-f64d-414d-adb1-9ad7e63b8737","type":"sysml:Type syson-import:qualifiedName#StopChair","typedFeature":"96884aec-639b-423c-8bc4-6d2e605d8018"}}],"isComposite":true}}],"memberElement":"96884aec-639b-423c-8bc4-6d2e605d8018"}}]}}],"memberElement":"a93461b3-2b73-482e-9058-187307a1287d"}},{"id":"4608faff-16a9-4986-9a3b-58a45a28d2d8","eClass":"sysml:OwningMembership","data":{"elementId":"4ca28cae-c62d-48d0-b4b2-f7164c9fd5a1","ownedRelatedElement":[{"id":"49bd794b-ac72-427f-9838-945e6ac72924","eClass":"sysml:PortDefinition","data":{"declaredName":"ControlPanelPort","elementId":"01081d21-c895-4589-8b13-01df1fd536d3","ownedRelationship":[{"id":"75b9e2a9-0e7e-451a-a7a4-f7a32acb98f1","eClass":"sysml:FeatureMembership","data":{"elementId":"5dbf98c7-1f43-421a-80f7-bde613419a9e","ownedRelatedElement":[{"id":"51858f92-acfb-4cfc-8ab1-8db318fe7c49","eClass":"sysml:ReferenceUsage","data":{"declaredName":"command","elementId":"1e014e81-8c88-4e65-80d9-8f888cf01a66","ownedRelationship":[{"id":"750f662c-5c5d-47da-b6d5-bf20ab25b65a","eClass":"sysml:FeatureTyping","data":{"elementId":"4518506d-11dc-4cd7-9a8f-00ba7ce7d361","type":"07e6db46-ef2f-4a7e-a658-cadd1cd30057","typedFeature":"1e014e81-8c88-4e65-80d9-8f888cf01a66"}}],"isComposite":true}}],"memberElement":"1e014e81-8c88-4e65-80d9-8f888cf01a66"}}]}}],"memberElement":"01081d21-c895-4589-8b13-01df1fd536d3"}},{"id":"ffd0ebb9-0246-4b69-8ef0-26b13d4e6f60","eClass":"sysml:OwningMembership","data":{"elementId":"bdfe58dc-013b-4946-9bd2-5523a7672376","ownedRelatedElement":[{"id":"ee1660c5-42d1-4539-929f-64026339afd4","eClass":"sysml:EnumerationUsage","data":{"declaredName":"CommandType","elementId":"07e6db46-ef2f-4a7e-a658-cadd1cd30057","ownedRelationship":[{"id":"19d5f4bf-0b57-4e02-b494-e1cac8406c12","eClass":"sysml:FeatureMembership","data":{"elementId":"5a723b62-bc80-42a1-accd-1aca0d7c3672","ownedRelatedElement":[{"id":"49012fde-b853-4583-b31f-6ed4356c516a","eClass":"sysml:ReferenceUsage","data":{"declaredName":"LIFT","elementId":"2b5c1fbf-ffff-4a2b-860c-a5521db09654","isComposite":true}}],"memberElement":"2b5c1fbf-ffff-4a2b-860c-a5521db09654"}}],"isComposite":true}}],"memberElement":"07e6db46-ef2f-4a7e-a658-cadd1cd30057"}}]}}],"memberElement":"750fde1d-6524-4c6c-ab06-219adc43e1ea"}}]}}]}}]}}]}}]}}]}