{"json":{"version":"1.0","encoding":"utf-8"},"ns":{"sysml":"http://www.eclipse.org/syson/sysml"},"content":[{"id":"5c801694-1600-4abe-adb8-a35cc03050c0","eClass":"sysml:Namespace","data":{"elementId":"cfc23fbb-f8fe-4ce6-9456-8d75080df4d0","ownedRelationship":[{"id":"549417c5-9ee0-4cb4-bd7c-b402946402cb","eClass":"sysml:OwningMembership","data":{"elementId":"4b20c885-aaa7-4d50-86f4-8efcc84354c1","ownedRelatedElement":[{"id":"2d713a9b-589b-44fe-8e63-2355bb9161b8","eClass":"sysml:Package","data":{"declaredName":"Package 1","elementId":"022cedea-2e00-469d-93bc-1bbc66346f0c","ownedRelationship":[{"id":"272af441-4809-4d10-9e69-5d30ffbfdf64","eClass":"sysml:OwningMembership","data":{"elementId":"4a2ed73c-de60-432f-9028-2e2e44f45bb9","ownedRelatedElement":[{"id":"9f96963e-52ff-423a-9e89-9cf6c79d92fa","eClass":"sysml:Package","data":{"declaredName":"ChairLiftSystem","elementId":"51d6288c-543a-4395-ac87-2033698a4b0b","ownedRelationship":[{"id":"3a8e9d0e-0ac6-47b2-8d4d-15e8f3149f99","eClass":"sysml:OwningMembership","data":{"elementId":"f21cf0c7-6e3f-4a57-9e1a-511b7fdb0fd0","ownedRelatedElement":[{"id":"3062f8e1-ecd0-4753-a0f4-298f28d88199","eClass":"sysml:Package","data":{"declaredName":"PartDefinitions","elementId":"68cb70f9-104b-4d8d-baf5-e63e7b6c9118","ownedRelationship":[{"id":"b6f35635-1631-4bbf-a477-951e48bcfe2c","eClass":"sysml:OwningMembership","data":{"elementId":"7289ac96-6e8b-4251-bfbf-4794ffb47e69","ownedRelatedElement":[{"id":"d45f8c8e-62e7-4010-b664-399db4aa32dd","eClass":"sysml:PartDefinition","data":{"declaredName":"Chair","elementId":"5061a50a-87e3-4f37-b63d-9955ab73c5f4","ownedRelationship":[{"id":"e24ac2ca-dc22-448e-bc8c-d02bf2fab481","eClass":"sysml:FeatureMembership","data":{"elementId":"0da07147-b02c-45da-8595-57a6b987dfe4","ownedRelatedElement":[{"id":"e729bc06-4ab5-4dce-b407-d5e764693dc9","eClass":"sysml:AttributeUsage","data":{"declaredName":"material","elementId":"f497270f-1d5e-4db1-a42b-8fb68226d9fb","ownedRelationship":[{"id":"4477206c-7c01-4bf7-859f-7d8ae57c2413","eClass":"sysml:FeatureTyping","data":{"elementId":"3b0de3ba-0795-4960-bc8c-ce0aa89cff07","type":"sysml:Type syson-import:qualifiedName#MaterialType","typedFeature":"f497270f-1d5e-4db1-a42b-8fb68226d9fb"}},{"id":"473c057a-8d39-4a5d-bbca-42317323857c","eClass":"sysml:FeatureValue","data":{"elementId":"1d2eb370-a925-4a24-86d8-0f883809067a","ownedRelatedElement":[{"id":"7a6f0bd6-4e54-4539-b9f8-1be393a666a1","eClass":"sysml:FeatureReferenceExpression","data":{"elementId":"f6692e0c-969b-4b89-938a-9f9b33a23b7d","ownedRelationship":[{"id":"298c0732-6236-456d-a34b-cced27f3bfe5","eClass":"sysml:Membership","data":{"elementId":"fcb49782-060d-433c-b7d0-e2611a091db2","memberElement":"sysml:Feature syson-import:qualifiedName#MaterialType::Soft"}}]}}],"memberElement":"f6692e0c-969b-4b89-938a-9f9b33a23b7d"}}],"isComposite":true}}],"memberElement":"f497270f-1d5e-4db1-a42b-8fb68226d9fb"}},{"id":"fd00c611-0780-4223-afb6-d7f674983ca5","eClass":"sysml:FeatureMembership","data":{"elementId":"b5cdf357-783a-4d86-bb5a-dc4d329efd75","ownedRelatedElement":[{"id":"177693b1-65c8-42a8-bb1b-383a85e70e26","eClass":"sysml:AttributeUsage","data":{"declaredName":"isFoldable","elementId":"68b1e1af-35a4-4514-99b7-5e4772af4d20","ownedRelationship":[{"id":"d310939e-4848-42fa-9401-a1a7b0cc4020","eClass":"sysml:FeatureTyping","data":{"elementId":"a207bc16-5efe-4cf3-ab7d-b85781a5ecec","type":"sysml:Type syson-import:qualifiedName#Boolean","typedFeature":"68b1e1af-35a4-4514-99b7-5e4772af4d20"}},{"id":"d76f3a7b-34cc-44b4-9230-3e2070cb3516","eClass":"sysml:FeatureValue","data":{"elementId":"c36ffd76-2456-4a7f-ae29-bb8f761a185c","ownedRelatedElement":[{"id":"6c7b7d3c-923c-4fce-860b-a6cb0b488223","eClass":"sysml:LiteralBoolean","data":{"elementId":"32d975d0-4af0-4db8-8fab-9afb7536877c"}}],"memberElement":"32d975d0-4af0-4db8-8fab-9afb7536877c"}}],"isComposite":true}}],"memberElement":"68b1e1af-35a4-4514-99b7-5e4772af4d20"}},{"id":"038aedbe-7026-46d3-86a3-c5cd07d79762","eClass":"sysml:FeatureMembership","data":{"elementId":"742b2591-1a04-4318-bf00-c2ae4376f752","ownedRelatedElement":[{"id":"2d930f14-4aa4-43bc-9423-4fdb7a1fdecb","eClass":"sysml:PartUsage","data":{"declaredName":"armrests","elementId":"2a7f2b92-3870-4a04-a3cf-e9982cecaced","ownedRelationship":[{"id":"697c979f-e31e-4cd8-97fa-d7a62c1f464c","eClass":"sysml:FeatureTyping","data":{"elementId":"932dbb3d-8200-472d-8835-3cd87cc8cac3","type":"cb06db50-d88c-4230-afbd-96e4008fdf6c","typedFeature":"2a7f2b92-3870-4a04-a3cf-e9982cecaced"}}],"isComposite":true}}],"memberElement":"2a7f2b92-3870-4a04-a3cf-e9982cecaced"}},{"id":"03fd7c15-e23d-4768-af71-f60ada18d485","eClass":"sysml:FeatureMembership","data":{"elementId":"860bffaa-4a54-4a00-b01a-4cd6d8a27bac","ownedRelatedElement":[{"id":"baf18f11-9d36-4e24-a000-fe4e1b6ddaf0","eClass":"sysml:PartUsage","data":{"declaredName":"footrest","elementId":"95a8038c-9324-4242-b69e-ba2d918c9f3a","ownedRelationship":[{"id":"29232f1a-87f0-471a-a6b3-235992b9185b","eClass":"sysml:FeatureTyping","data":{"elementId":"140c1d6e-9930-4bdf-8798-1264c66098e8","type":"c8ba3692-7fc4-49b5-8d99-794574cade01","typedFeature":"95a8038c-9324-4242-b69e-ba2d918c9f3a"}}],"isComposite":true}}],"memberElement":"95a8038c-9324-4242-b69e-ba2d918c9f3a"}},{"id":"7c2174ee-9408-4643-b1f2-fac311098297","eClass":"sysml:FeatureMembership","data":{"elementId":"464cd72a-760c-40cd-bd39-1d306051d33d","ownedRelatedElement":[{"id":"2629edcf-6004-4005-ae8f-147c361c9e6f","eClass":"sysml:PartUsage","data":{"declaredName":"base","elementId":"a64279d9-477f-4346-ac4e-44efe1c1df4e","ownedRelationship":[{"id":"b26694db-aa7e-4d89-a810-8ab94ad730ff","eClass":"sysml:FeatureTyping","data":{"elementId":"0459e0a0-bfef-4cd8-8341-f81685d1e300","type":"a64588b8-e786-4f57-9230-979f08811630","typedFeature":"a64279d9-477f-4346-ac4e-44efe1c1df4e"}}],"isComposite":true}}],"memberElement":"a64279d9-477f-4346-ac4e-44efe1c1df4e"}},{"id":"3c053fe9-1493-48c7-85fa-a245432de133","eClass":"sysml:FeatureMembership","data":{"elementId":"4b448c86-5a3c-40c3-861b-f59b0111f26d","ownedRelatedElement":[{"id":"81ea5d24-f155-46fc-b083-e6dfc825167a","eClass":"sysml:ReferenceUsage","data":{"declaredName":"with","elementId":"07fe7155-a7b6-4152-9e52-f22341b71b87","isComposite":true}}],"memberElement":"07fe7155-a7b6-4152-9e52-f22341b71b87"}},{"id":"ef038a07-2a85-4b41-a220-5f081b6880a6","eClass":"sysml:FeatureMembership","data":{"elementId":"4b81800c-08d4-43f2-8453-d353b8315ea3","ownedRelatedElement":[{"id":"b10628e3-698c-46f3-8f60-b72b410c7c34","eClass":"sysml:ReferenceUsage","data":{"declaredName":"LiftSystem","elementId":"17059e09-7c1d-4c6c-9616-5d4ef48ad711","isComposite":true}}],"memberElement":"17059e09-7c1d-4c6c-9616-5d4ef48ad711"}},{"id":"64855a41-4c01-43d7-be70-6489c35226d1","eClass":"sysml:FeatureMembership","data":{"elementId":"687123f7-1cbd-4193-9e16-0b3cbb8a3c0c","ownedRelatedElement":[{"id":"212a0670-4013-47e8-ac1a-7bcb19bd73ed","eClass":"sysml:PortUsage","data":{"declaredName":"controlPanel","elementId":"fe874675-0f68-4e59-88f3-e286f8d0db93","ownedRelationship":[{"id":"7124b1fe-c62e-4455-b00c-430c1db907ff","eClass":"sysml:FeatureTyping","data":{"elementId":"e1f28367-dea5-4284-abcf-24e50440ae0f","type":"bf93f93b-177b-4bb6-a25c-5b99e34de63e","typedFeature":"fe874675-0f68-4e59-88f3-e286f8d0db93"}}],"isComposite":true}}],"memberElement":"fe874675-0f68-4e59-88f3-e286f8d0db93"}}]}}],"memberElement":"5061a50a-87e3-4f37-b63d-9955ab73c5f4"}},{"id":"8b3ca0f2-66d3-423c-bcd4-0d81641a130d","eClass":"sysml:OwningMembership","data":{"elementId":"bbe19bfc-d561-4433-be52-3c47200cc011","ownedRelatedElement":[{"id":"34eddfac-398f-451f-b413-d7e78fdf2d1c","eClass":"sysml:PartDefinition","data":{"declaredName":"Armrest","elementId":"cb06db50-d88c-4230-afbd-96e4008fdf6c","ownedRelationship":[{"id":"b7a48084-9e49-4777-b773-3f49da3c8a12","eClass":"sysml:FeatureMembership","data":{"elementId":"8fe37127-e31c-4ac4-8341-10ae44b76f55","ownedRelatedElement":[{"id":"5ed60309-7ac1-4c84-b310-78de98f5b6d4","eClass":"sysml:AttributeUsage","data":{"declaredName":"hasControlPanel","elementId":"a46653ce-2128-4e4b-9691-07e4f679f742","ownedRelationship":[{"id":"c47d010c-dc2f-46fe-9b8f-9afdd91db326","eClass":"sysml:FeatureTyping","data":{"elementId":"888932ca-4927-49fd-8ecc-83a8a9ce65a3","type":"sysml:Type syson-import:qualifiedName#Boolean","typedFeature":"a46653ce-2128-4e4b-9691-07e4f679f742"}},{"id":"afa6f6cb-c51b-44a9-9267-4ca2fda91dbe","eClass":"sysml:FeatureValue","data":{"elementId":"b7d31d37-28a5-44a2-96d5-a0a6ffa222bd","ownedRelatedElement":[{"id":"df379d53-f4f7-4d85-8e00-913663cf5f96","eClass":"sysml:LiteralBoolean","data":{"elementId":"00a84cef-bd96-4728-8b81-3ffa0c2d38f4"}}],"memberElement":"00a84cef-bd96-4728-8b81-3ffa0c2d38f4"}}],"isComposite":true}}],"memberElement":"a46653ce-2128-4e4b-9691-07e4f679f742"}},{"id":"3362cae2-28d9-41fb-96a9-eaf57b98a01f","eClass":"sysml:FeatureMembership","data":{"elementId":"2b645593-bdc3-4a2b-b1d1-0c92424af7f8","ownedRelatedElement":[{"id":"75cacf61-ecac-4169-82d9-f48592341e33","eClass":"sysml:PortUsage","data":{"declaredName":"ControlPanel","elementId":"bad89060-e42c-4b39-99ef-c8622e5ffdac","ownedRelationship":[{"id":"1905a64a-9979-4c15-b59a-56f816eb161d","eClass":"sysml:FeatureTyping","data":{"elementId":"31e9009b-965d-4fbd-a61a-c497bbf40625","type":"bf93f93b-177b-4bb6-a25c-5b99e34de63e","typedFeature":"bad89060-e42c-4b39-99ef-c8622e5ffdac"}}],"isComposite":true}}],"memberElement":"bad89060-e42c-4b39-99ef-c8622e5ffdac"}}]}}],"memberElement":"cb06db50-d88c-4230-afbd-96e4008fdf6c"}},{"id":"587fa519-255e-4ac0-ab31-9339500e998e","eClass":"sysml:OwningMembership","data":{"elementId":"2c63e274-0585-45c8-a674-48498b0ee960","ownedRelatedElement":[{"id":"2c03947e-905d-4370-b970-c7b3e76bf24d","eClass":"sysml:PartDefinition","data":{"declaredName":"Footrest","elementId":"c8ba3692-7fc4-49b5-8d99-794574cade01","ownedRelationship":[{"id":"cd38316a-8dbd-4374-8bfa-72b4e5a66f37","eClass":"sysml:FeatureMembership","data":{"elementId":"c496c691-5124-4564-8f81-47e77a74c09a","ownedRelatedElement":[{"id":"5b728ff0-2c32-4746-bcd8-34e8911707b1","eClass":"sysml:AttributeUsage","data":{"declaredName":"isAdjustable","elementId":"05e5faca-acfd-4ee4-b788-8436a64a633e","ownedRelationship":[{"id":"a241e4a1-869a-42e2-9a66-91d475df0b2f","eClass":"sysml:FeatureTyping","data":{"elementId":"06cf0c98-07a8-4001-8ff4-3c3e9b33a184","type":"sysml:Type syson-import:qualifiedName#Boolean","typedFeature":"05e5faca-acfd-4ee4-b788-8436a64a633e"}},{"id":"eac7e8f7-0549-464d-82bc-d0cbec71432b","eClass":"sysml:FeatureValue","data":{"elementId":"95d887ef-926d-4426-9ae5-b3e9aa7e2978","ownedRelatedElement":[{"id":"1153d23c-9410-4485-b4a5-1a73eb030e71","eClass":"sysml:LiteralBoolean","data":{"elementId":"22c4cdaf-4d76-4f08-933d-a5820eae40bc"}}],"memberElement":"22c4cdaf-4d76-4f08-933d-a5820eae40bc"}}],"isComposite":true}}],"memberElement":"05e5faca-acfd-4ee4-b788-8436a64a633e"}}]}}],"memberElement":"c8ba3692-7fc4-49b5-8d99-794574cade01"}},{"id":"9c42a725-39bf-4daa-8a2f-53d098b75e3e","eClass":"sysml:OwningMembership","data":{"elementId":"00c28a2c-fdd2-402d-9f39-fcaff2856bbb","ownedRelatedElement":[{"id":"c7b42e44-ae5b-4fe3-ac84-ed7bd7677e20","eClass":"sysml:PartDefinition","data":{"declaredName":"Base","elementId":"a64588b8-e786-4f57-9230-979f08811630","ownedRelationship":[{"id":"b13e80fd-2d19-48ca-b91f-6addd06d56db","eClass":"sysml:FeatureMembership","data":{"elementId":"e01741bc-7ec9-4c64-96fa-279b0c07f777","ownedRelatedElement":[{"id":"0d1560d2-71be-4c2d-bf59-2fa4904362a0","eClass":"sysml:AttributeUsage","data":{"declaredName":"canLift","elementId":"150dd64a-faec-4d3b-ae33-02c5c5b837f4","ownedRelationship":[{"id":"86eb3a6d-84b1-4402-ae5b-87b87da38746","eClass":"sysml:FeatureTyping","data":{"elementId":"695ff0be-5c8d-422d-ab37-a6ef604d00e4","type":"sysml:Type syson-import:qualifiedName#Boolean","typedFeature":"150dd64a-faec-4d3b-ae33-02c5c5b837f4"}},{"id":"c3d9dcbb-cd62-40e2-ad4a-afdf3c7a331c","eClass":"sysml:FeatureValue","data":{"elementId":"e2de7d34-fae8-4fe7-ad1a-c08eb1007b38","ownedRelatedElement":[{"id":"183f8f52-3c13-427a-b033-1ef1fae3514e","eClass":"sysml:LiteralBoolean","data":{"elementId":"da000691-e61a-4dc7-9661-3415aad019ac"}}],"memberElement":"da000691-e61a-4dc7-9661-3415aad019ac"}}],"isComposite":true}}],"memberElement":"150dd64a-faec-4d3b-ae33-02c5c5b837f4"}},{"id":"de418f72-dbb4-48d6-b7c7-8bda41769d4f","eClass":"sysml:FeatureMembership","data":{"elementId":"835d7113-e125-462b-a875-5de2869207b0","ownedRelatedElement":[{"id":"7dc2842c-b145-4655-a1cf-0620cbbb2702","eClass":"sysml:PerformActionUsage","data":{"declaredName":"lift user","elementId":"f01781e5-d227-4f44-95dc-b8a4a576e55e","ownedRelationship":[{"id":"f1491bc5-710d-4a98-9794-e0f4bc49beb3","eClass":"sysml:FeatureTyping","data":{"elementId":"d91ce295-5df7-40d2-8746-15c548e2b901","type":"sysml:Type syson-import:qualifiedName#LiftUser","typedFeature":"f01781e5-d227-4f44-95dc-b8a4a576e55e"}}],"isComposite":true}}],"memberElement":"f01781e5-d227-4f44-95dc-b8a4a576e55e"}},{"id":"8dfc0030-6da8-4866-8c5d-7435f7661113","eClass":"sysml:FeatureMembership","data":{"elementId":"cb27acd0-2d58-495c-b494-5521a6b011ef","ownedRelatedElement":[{"id":"b6f32e83-09cf-40b2-b3a1-79e2225186dc","eClass":"sysml:PerformActionUsage","data":{"declaredName":"lower user","elementId":"08e5917b-ace9-4a7c-80c0-e74cf5859dc1","ownedRelationship":[{"id":"012cb3bd-39bb-400c-a3c2-b0a480b38434","eClass":"sysml:FeatureTyping","data":{"elementId":"88e8e0fa-4af7-4f9a-b4ab-7d3ea33fb77d","type":"sysml:Type syson-import:qualifiedName#LowerUser","typedFeature":"08e5917b-ace9-4a7c-80c0-e74cf5859dc1"}}],"isComposite":true}}],"memberElement":"08e5917b-ace9-4a7c-80c0-e74cf5859dc1"}}]}}],"memberElement":"a64588b8-e786-4f57-9230-979f08811630"}},{"id":"b0d73eb5-da2d-44b8-9bc4-d59b301802fe","eClass":"sysml:OwningMembership","data":{"elementId":"63fd8aff-bf5d-4b84-bf26-e00d1f08ae3a","ownedRelatedElement":[{"id":"73b19b5a-a1ee-4a40-8a70-c8d2ef42bec4","eClass":"sysml:PortDefinition","data":{"declaredName":"ControlPanelPort","elementId":"bf93f93b-177b-4bb6-a25c-5b99e34de63e","ownedRelationship":[{"id":"b96478dc-1a23-4d36-8fae-a89bb319001a","eClass":"sysml:FeatureMembership","data":{"elementId":"a6457756-b752-4102-bc48-c1517e0a1826","ownedRelatedElement":[{"id":"8a166487-571c-48f2-9ed3-0290e2cf38fe","eClass":"sysml:ReferenceUsage","data":{"declaredName":"command","elementId":"44919ba4-fbab-46f9-b5f5-5c3d0250b323","ownedRelationship":[{"id":"29441804-a3ec-4ba9-9792-b7f58472cf59","eClass":"sysml:FeatureTyping","data":{"elementId":"7099f46d-b168-4a48-b3f1-81e137edcb6c","type":"98f3c69c-22d1-4436-b2cf-0f3ee0e0c8a3","typedFeature":"44919ba4-fbab-46f9-b5f5-5c3d0250b323"}}],"isComposite":true}}],"memberElement":"44919ba4-fbab-46f9-b5f5-5c3d0250b323"}}]}}],"memberElement":"bf93f93b-177b-4bb6-a25c-5b99e34de63e"}},{"id":"b29d11e9-f1f2-4f04-b1a6-cb74c178d54e","eClass":"sysml:OwningMembership","data":{"elementId":"cbbc3b0d-8f2b-4ed9-acfe-2a05ce47738c","ownedRelatedElement":[{"id":"59f7dcbe-1fbc-4e3a-85ac-ff320658caa8","eClass":"sysml:EnumerationUsage","data":{"declaredName":"CommandType","elementId":"98f3c69c-22d1-4436-b2cf-0f3ee0e0c8a3","ownedRelationship":[{"id":"1be12703-9ee0-4590-b0a2-b3bce44239da","eClass":"sysml:FeatureMembership","data":{"elementId":"58303c9a-6f61-4506-bd6b-a443462cca1f","ownedRelatedElement":[{"id":"da1bfd93-bda6-4b2a-b39c-0f8422e1c258","eClass":"sysml:ReferenceUsage","data":{"declaredName":"LIFT","elementId":"8b319a8a-af9f-4cd7-8b8d-ba6aca98b45c","isComposite":true}}],"memberElement":"8b319a8a-af9f-4cd7-8b8d-ba6aca98b45c"}}],"isComposite":true}}],"memberElement":"98f3c69c-22d1-4436-b2cf-0f3ee0e0c8a3"}}]}}],"memberElement":"68cb70f9-104b-4d8d-baf5-e63e7b6c9118"}}]}}]}}]}}]}}]}}]}