{"json":{"version":"1.0","encoding":"utf-8"},"ns":{"sysml":"http://www.eclipse.org/syson/sysml"},"content":[{"id":"52277de6-7d7a-4f11-8177-abc183e52981","eClass":"sysml:Namespace","data":{"elementId":"6f790f57-bae7-4894-956b-a58baaabe1ce","ownedRelationship":[{"id":"f9d0f2cc-baac-4810-b035-b241c845cc29","eClass":"sysml:OwningMembership","data":{"elementId":"10134a97-9219-48c9-ac1b-0357820d0981","ownedRelatedElement":[{"id":"c9a221dc-9c56-4242-ab68-a9f35a45e8ef","eClass":"sysml:Package","data":{"declaredName":"Package 1","elementId":"fa4f86da-23fc-4d89-a335-ecffa0dfb0d7","ownedRelationship":[{"id":"aa7dd7a7-7600-4471-ad8b-cdd0ea0a141a","eClass":"sysml:OwningMembership","data":{"elementId":"12d0a9e4-e56a-41ab-a64f-bb788a8b6406","ownedRelatedElement":[{"id":"32e45b97-1b9e-4539-a9b7-8beff8dc3951","eClass":"sysml:Package","data":{"declaredName":"ChairLiftSystem","elementId":"94c2b567-0811-4d70-98b2-bd82501ec66c","ownedRelationship":[{"id":"8d233fea-db63-402d-a18b-bd1c053cae35","eClass":"sysml:OwningMembership","data":{"elementId":"abddd1e3-c085-4f62-81c4-61181edfaab1","ownedRelatedElement":[{"id":"331b6607-5319-45f5-9f41-a712312b3e77","eClass":"sysml:Documentation","data":{"elementId":"2e289d07-6176-432b-af74-a1eee371a8f9","body":"This chairs aim is to help users daily and allow them to stay in the same house \n        even if they cannot climb the stairs."}}],"memberElement":"2e289d07-6176-432b-af74-a1eee371a8f9"}},{"id":"1ed76f4d-c4fb-424c-9c8d-f324037fd963","eClass":"sysml:OwningMembership","data":{"elementId":"e7f006fe-25e0-494e-b52b-1808c9ef6b4e","ownedRelatedElement":[{"id":"c006e55a-8b97-4d06-bc5e-ac2e44ec8dc1","eClass":"sysml:Package","data":{"declaredName":"ChairComponents","elementId":"25edcf30-136d-4191-b8ec-5f7e87f37360","ownedRelationship":[{"id":"a8f176fd-214d-4d70-b562-90a34a726d12","eClass":"sysml:OwningMembership","data":{"elementId":"8786991a-b05e-4329-828a-a22b3dba1b8c","ownedRelatedElement":[{"id":"00d6eb94-6df1-4a2f-9db7-1787b404e4c6","eClass":"sysml:PartDefinition","data":{"declaredName":"Chair","elementId":"3b2ad84b-6f99-4760-8c49-b0608adbe1f9","ownedRelationship":[{"id":"54243d3b-04fb-4c31-88f8-9b7439be36c0","eClass":"sysml:FeatureMembership","data":{"elementId":"0ce16c12-1eb0-4f44-b3fd-a7d6e72404a3","ownedRelatedElement":[{"id":"f92e0e5a-e90d-4e7a-b61a-2b4d42fd2729","eClass":"sysml:AttributeUsage","data":{"declaredName":"materialType","elementId":"c4d137b3-fab1-42f5-922f-7e1b4a2e4e14","isComposite":true}}],"memberElement":"c4d137b3-fab1-42f5-922f-7e1b4a2e4e14"}},{"id":"c3b253c5-acfe-4eac-9a12-548dfc38bd78","eClass":"sysml:OwningMembership","data":{"elementId":"944d7eb5-6e2e-4bb3-9bb2-31b799760a21","ownedRelatedElement":[{"id":"bc78c8bb-389a-4dfa-b64b-024cc0d4a775","eClass":"sysml:Documentation","data":{"elementId":"2e2988b4-908a-4ea6-b5c7-985fb1104872","body":"The material of the chair should be soft for the user comfort"}}],"memberElement":"2e2988b4-908a-4ea6-b5c7-985fb1104872"}},{"id":"f01f75a7-8b4d-4eac-9bd5-5f1d82c42b82","eClass":"sysml:FeatureMembership","data":{"elementId":"194303ee-1165-4289-ac4e-0c3e3ee8b284","ownedRelatedElement":[{"id":"4f527e24-37c4-4b1f-ab4c-3d315b4d3d42","eClass":"sysml:AttributeUsage","data":{"declaredName":"isFoldable","elementId":"b0c14365-b6d4-4bd9-a6e6-b259f5dd42b3","ownedRelationship":[{"id":"0b615f39-14b6-4c08-9078-f67e5c63df8a","eClass":"sysml:FeatureTyping","data":{"elementId":"ccff614a-b3af-4312-8feb-42d1c56802bf","type":"sysml:DataType kermllibrary:///b2c6dd37-2084-3ce4-9ce2-580fdf30629c#d1e9242d-b2e3-5270-bf69-4f4fb0447193","typedFeature":"b0c14365-b6d4-4bd9-a6e6-b259f5dd42b3"}},{"id":"b6051fbc-c599-4488-9e49-f789ad6f281e","eClass":"sysml:FeatureValue","data":{"elementId":"af989f8e-8509-4191-beb9-a34590b8707b","ownedRelatedElement":[{"id":"b75f85ac-d4ef-48a6-8f22-713939d6e091","eClass":"sysml:LiteralBoolean","data":{"elementId":"767e0948-52ca-446c-a062-77e9dd91aac9"}}],"memberElement":"767e0948-52ca-446c-a062-77e9dd91aac9"}}],"isComposite":true}}],"memberElement":"b0c14365-b6d4-4bd9-a6e6-b259f5dd42b3"}},{"id":"c9c68c60-6cf7-4710-9473-1bbe8fbf27eb","eClass":"sysml:FeatureMembership","data":{"elementId":"ee87ee4b-3ab8-475f-95df-72000916fb52","ownedRelatedElement":[{"id":"890a994d-62ee-491e-85c1-986dd7931a5a","eClass":"sysml:PartUsage","data":{"declaredName":"armrest","elementId":"b6eff7df-7ace-4d5b-98af-16687367cb5f","ownedRelationship":[{"id":"95037530-835f-479d-980f-365f799459cc","eClass":"sysml:FeatureTyping","data":{"elementId":"34325a1d-9570-4ae9-9e56-95f30180c9b9","type":"25fce5e7-9729-4362-9331-7b6475030bd5","typedFeature":"b6eff7df-7ace-4d5b-98af-16687367cb5f"}},{"id":"a6ef6620-0606-4b56-975f-426c7f4d4a8f","eClass":"sysml:FeatureMembership","data":{"elementId":"ea46b622-75fc-4737-83de-63e73f3dbe44","ownedRelatedElement":[{"id":"27b0ed1f-9c65-4e1d-8a0b-32d2daffa50c","eClass":"sysml:PortUsage","data":{"declaredName":"port","elementId":"2b723c3b-461e-4682-9c24-d48902f95480","isComposite":true}}]}},{"id":"f6b3374a-fd74-4ae8-8dba-ce8fda12cec9","eClass":"sysml:FeatureMembership","data":{"elementId":"405c237b-0a5f-4ee5-b5a4-1a7a340f3022","ownedRelatedElement":[{"id":"de53b805-73fa-4b5e-9a09-1c18ac398dc7","eClass":"sysml:PortUsage","data":{"declaredName":"port","elementId":"9bf5c1c8-483c-499c-aabd-6332d3c6f7a7","isComposite":true}}]}}],"isComposite":true}}],"memberElement":"b6eff7df-7ace-4d5b-98af-16687367cb5f"}},{"id":"4b2e5267-1031-453b-a333-9954aa420bc6","eClass":"sysml:FeatureMembership","data":{"elementId":"aa5bf435-b11e-43df-b455-2b06bac77294","ownedRelatedElement":[{"id":"41dbda4b-8afb-4afc-a2f2-ebd57999a9db","eClass":"sysml:PartUsage","data":{"declaredName":"footrest","elementId":"1658d711-28d7-49be-8ffd-98f6794ab5bd","ownedRelationship":[{"id":"62658323-4331-4c13-875b-9270592dd536","eClass":"sysml:FeatureTyping","data":{"elementId":"52cba289-63f9-4fec-813b-7d9e54fcc3c4","type":"80f6c238-6076-455e-a6f4-6cf5fd384f46","typedFeature":"1658d711-28d7-49be-8ffd-98f6794ab5bd"}},{"id":"c4408751-c34d-4f9a-b9c0-41cae72c3873","eClass":"sysml:FeatureMembership","data":{"elementId":"d85271fd-92a6-453a-a743-f65d46a260d5","ownedRelatedElement":[{"id":"82e3ea38-2100-4b56-8d10-491e90acea07","eClass":"sysml:PortUsage","data":{"declaredName":"port","elementId":"195bd347-312b-45a1-aff6-4aa4d2293d2b","isComposite":true}}]}}],"isComposite":true}}],"memberElement":"1658d711-28d7-49be-8ffd-98f6794ab5bd"}},{"id":"579cb085-3ca8-4ca2-ab1b-f08d27f3af40","eClass":"sysml:FeatureMembership","data":{"elementId":"8da45199-6e85-4159-964e-6df11d94bbb9","ownedRelatedElement":[{"id":"bb7238ce-ed07-49f4-abaa-f509e6250c2a","eClass":"sysml:PartUsage","data":{"declaredName":"controlPanel","elementId":"a2227b10-7526-41f7-b995-2caa42d2873a","ownedRelationship":[{"id":"715fa9d2-9183-4ee3-8b68-f63ec7ae102c","eClass":"sysml:FeatureTyping","data":{"elementId":"b72c915c-baf6-4997-86ad-d59b54e3d911","type":"bff8f420-a199-4741-a00b-66222c0695bd","typedFeature":"a2227b10-7526-41f7-b995-2caa42d2873a"}},{"id":"23ba0e8a-b8b7-4468-8805-5870d42d24f0","eClass":"sysml:FeatureMembership","data":{"elementId":"9e1ba234-7616-4ce6-8dbc-6fe674e7c5ee","ownedRelatedElement":[{"id":"b721f3aa-6661-4ea5-8fbe-0c50742784e6","eClass":"sysml:PortUsage","data":{"declaredName":"port","elementId":"a0dbaf9c-8a05-463c-9605-2e72749f883d","isComposite":true}}]}},{"id":"e7bbeaf7-b300-473b-8c90-2cf3c7741c49","eClass":"sysml:FeatureMembership","data":{"elementId":"a54e851c-cfe2-4059-b55f-e20fd23434d7","ownedRelatedElement":[{"id":"c137e164-f027-4ce9-9649-06c6483c7df1","eClass":"sysml:PortUsage","data":{"declaredName":"port","elementId":"ed618037-cd55-4d5d-bbad-aac3958cbd71","isComposite":true}}]}},{"id":"ecfc85e9-fc92-4b6a-b1c5-15195da817af","eClass":"sysml:FeatureMembership","data":{"elementId":"6c15c9db-5faa-4030-a5a0-e39530ffa36b","ownedRelatedElement":[{"id":"12de4fd9-e934-4a3b-9292-fd77ffe05c1d","eClass":"sysml:PortUsage","data":{"declaredName":"port","elementId":"3295c671-aa6f-4a1c-a595-8cf60496fdeb","isComposite":true}}]}}],"isComposite":true}}],"memberElement":"a2227b10-7526-41f7-b995-2caa42d2873a"}},{"id":"19987a74-b25d-4431-af1e-ab74da8701e1","eClass":"sysml:FeatureMembership","data":{"elementId":"9a3488f0-426f-4e9e-a00d-f504735b1b11","ownedRelatedElement":[{"id":"57e743e7-1a8b-4fb3-b2de-a9df175b808e","eClass":"sysml:PartUsage","data":{"declaredName":"chairBase","elementId":"868a7bf9-e673-4788-b782-3a5b0bcdb047","ownedRelationship":[{"id":"fb4b9e82-7b26-42e9-8a7f-acb4d242647c","eClass":"sysml:FeatureTyping","data":{"elementId":"9024b9c9-b2c4-41b9-adf2-ecda0a507199","type":"9713d709-a6f9-482d-b1f7-50a0c491deb0","typedFeature":"868a7bf9-e673-4788-b782-3a5b0bcdb047"}},{"id":"2ab8c09f-182d-4304-992a-e4276fd09851","eClass":"sysml:FeatureMembership","data":{"elementId":"07ec1582-80e4-43b0-a099-0ffcb6d9a627","ownedRelatedElement":[{"id":"1724866e-28d7-4afe-834a-ca9f42c2d713","eClass":"sysml:PortUsage","data":{"declaredName":"port","elementId":"bbaf7211-0da8-4fbb-83f0-afac005de20e","isComposite":true}}]}},{"id":"3203ca49-8102-4aa5-a0ea-2715af51d223","eClass":"sysml:FeatureMembership","data":{"elementId":"89c8840d-90dd-415e-a119-7e3cab6ea2aa","ownedRelatedElement":[{"id":"1b95a470-5873-4f42-80bc-b0dee7c19931","eClass":"sysml:PortUsage","data":{"declaredName":"port","elementId":"70023153-dad2-47a1-8445-62ba82c6010e","isComposite":true}}]}},{"id":"d35035b7-a0fc-4d04-bba5-a5a7341b01d1","eClass":"sysml:FeatureMembership","data":{"elementId":"6fbf2b90-2609-4650-8129-2f113550d27f","ownedRelatedElement":[{"id":"7d6b9a60-453a-46fb-b361-6fc4f6deb1c9","eClass":"sysml:PortUsage","data":{"declaredName":"port","elementId":"47d82a78-4675-4be0-93b1-d7406b3586bf","isComposite":true}}]}},{"id":"3f7ddceb-63e2-4502-b332-3d4aa54a65c9","eClass":"sysml:FeatureMembership","data":{"elementId":"065e6bf9-076d-43ee-82c6-e43deaa8f25c","ownedRelatedElement":[{"id":"aa6cc5a1-e37c-4932-9e9d-b5e51159e0ac","eClass":"sysml:PortUsage","data":{"declaredName":"port","elementId":"ca04c08a-57f9-4049-bc80-cf93467e2509","isComposite":true}}]}}],"isComposite":true}}],"memberElement":"868a7bf9-e673-4788-b782-3a5b0bcdb047"}},{"id":"d17d5cf1-ffd4-4f4c-8020-478f42ba05f5","eClass":"sysml:FeatureMembership","data":{"elementId":"5fea59f7-8c82-4216-aecd-6e8cf0044e15","ownedRelatedElement":[{"id":"f42be993-0c56-4725-b026-e4708a3537f8","eClass":"sysml:PartUsage","data":{"declaredName":"motor","elementId":"4add7636-50c9-43e9-b5b1-0c2ccecaa328","ownedRelationship":[{"id":"cd088bc4-71df-4f9e-9609-3297856299f7","eClass":"sysml:FeatureTyping","data":{"elementId":"e4230b4e-41ca-443c-9eee-b0895eee6b0b","type":"ec2013c4-21d5-47ca-8674-e0e841528e86","typedFeature":"4add7636-50c9-43e9-b5b1-0c2ccecaa328"}},{"id":"b30c47b2-1d9a-44b9-b8c0-f2a0f0190453","eClass":"sysml:FeatureMembership","data":{"elementId":"d34163f2-927a-41de-9803-d842116fdbb0","ownedRelatedElement":[{"id":"c4f906bc-173e-4fbf-8d20-f40a2b3e1704","eClass":"sysml:PortUsage","data":{"declaredName":"port","elementId":"53d69cc3-e550-4149-9643-ecc4d7f51ded","isComposite":true}}]}},{"id":"e3416a20-6820-4d33-a5a7-dd42ebce0800","eClass":"sysml:FeatureMembership","data":{"elementId":"0b959758-ae52-4919-adda-5a5e142f5866","ownedRelatedElement":[{"id":"747e81ac-667d-406a-85c9-0e70de454819","eClass":"sysml:PortUsage","data":{"declaredName":"port","elementId":"38da2571-1e46-4cfc-891b-a06db6dc29a3","isComposite":true}}]}},{"id":"a6e54e61-356b-4929-863c-c82abeec810d","eClass":"sysml:FeatureMembership","data":{"elementId":"4aa0a810-6994-407c-9088-be811f6c008d","ownedRelatedElement":[{"id":"dd312167-c65c-4b60-a444-02a07cf07946","eClass":"sysml:PortUsage","data":{"declaredName":"port","elementId":"eae6fbfb-9827-41bb-86bd-1826175bd25d","isComposite":true}}]}},{"id":"7e767b28-3e69-4bf8-81dc-a52fa44fa66d","eClass":"sysml:FeatureMembership","data":{"elementId":"51809052-b4e0-4005-8291-15adfbb222aa","ownedRelatedElement":[{"id":"0ddea4c3-32be-40a6-ae84-b17f6ab92dfd","eClass":"sysml:PortUsage","data":{"declaredName":"port","elementId":"a6b7b718-73b7-41ee-bf4c-b31cfbf97031","isComposite":true}}]}},{"id":"64b67913-9f1e-4c61-bfab-3f77779fb8e0","eClass":"sysml:FeatureMembership","data":{"elementId":"484fa4ad-159d-4a78-a687-1539c0dfc351","ownedRelatedElement":[{"id":"90e8b0b7-7665-4738-b691-123486f6c910","eClass":"sysml:PortUsage","data":{"declaredName":"port","elementId":"d83cda90-f1a5-409c-afb7-81bb737bdaf3","isComposite":true}}]}}],"isComposite":true}}],"memberElement":"4add7636-50c9-43e9-b5b1-0c2ccecaa328"}},{"id":"b1e5e893-4e81-4ea0-94cd-27483a254699","eClass":"sysml:FeatureMembership","data":{"elementId":"b8325f2a-6175-4b4d-bc60-fe5e31ccb72e","ownedRelatedElement":[{"id":"181499b2-603e-44e2-9aae-4c6179bdf37d","eClass":"sysml:PartUsage","data":{"declaredName":"energysource","elementId":"5bd8a169-9484-46c6-81bf-ba404dff6184","ownedRelationship":[{"id":"312bde73-5e9a-4e6e-827b-a04d5f9c40ab","eClass":"sysml:FeatureTyping","data":{"elementId":"4e5671ff-0f20-4c9f-b1f1-1a7253954612","type":"ca207208-95f8-4a67-8868-8a9de151297c","typedFeature":"5bd8a169-9484-46c6-81bf-ba404dff6184"}},{"id":"f0f8ca35-a03f-4659-a2f6-125233e371b4","eClass":"sysml:FeatureMembership","data":{"elementId":"cff82963-a448-496d-850b-a7343c9c654f","ownedRelatedElement":[{"id":"2639d611-9244-4d25-b391-6d6967719282","eClass":"sysml:PortUsage","data":{"declaredName":"port","elementId":"c00e841c-f6bc-41a9-8987-83ea973a1c06","isComposite":true}}]}},{"id":"8b019c02-b63c-4921-bf17-23a35dcd51f8","eClass":"sysml:FeatureMembership","data":{"elementId":"7e09376f-1b18-4202-9bf7-c0fc51a0b11a","ownedRelatedElement":[{"id":"22de0968-29ba-4742-893e-410d8e3ff092","eClass":"sysml:PortUsage","data":{"declaredName":"port","elementId":"98fce146-e30d-4a30-90ba-f674c5d07198","isComposite":true}}]}},{"id":"74183f81-f82d-4369-9d8c-a6bdb8fedf32","eClass":"sysml:FeatureMembership","data":{"elementId":"9f9e329e-aa27-4ec8-a4cf-be8e684c3f73","ownedRelatedElement":[{"id":"dc9bb095-704b-4804-85a8-b4e32b61fd0d","eClass":"sysml:PortUsage","data":{"declaredName":"port","elementId":"56ffa4cc-9ded-401c-8fab-5021421bf81c","isComposite":true}}]}},{"id":"09296e8d-ebc6-40d9-8ba6-1257d74f8e1b","eClass":"sysml:FeatureMembership","data":{"elementId":"ff8223ce-a8d8-4d4d-a0d5-ab9d2422e1ea","ownedRelatedElement":[{"id":"4275d9e4-47d5-49da-b428-f359fed44c05","eClass":"sysml:PortUsage","data":{"declaredName":"port","elementId":"c400d24f-e476-4eb5-91a1-05beef860251","isComposite":true}}]}}],"isComposite":true}}],"memberElement":"5bd8a169-9484-46c6-81bf-ba404dff6184"}},{"id":"2ac7bae9-704f-4566-955a-56b29405e2b0","eClass":"sysml:FeatureMembership","data":{"elementId":"31a5cbf0-5df4-4094-9066-c03039a5f5ba","ownedRelatedElement":[{"id":"35e553f4-b440-47b2-a141-9ed4ad0c3a15","eClass":"sysml:PartUsage","data":{"declaredName":"rail","elementId":"a573c8af-3fc3-4a5d-abe3-a5de655629cf","ownedRelationship":[{"id":"5295d765-0ef3-44d5-8a80-fa376a68702c","eClass":"sysml:FeatureTyping","data":{"elementId":"324f450a-f34e-4c90-b8c8-e3f85c490f3b","type":"d8bc7d8b-85e0-4bd1-95a6-c0647f3d02ff","typedFeature":"a573c8af-3fc3-4a5d-abe3-a5de655629cf"}},{"id":"57524675-5432-446d-9d84-39ccc24fbc09","eClass":"sysml:FeatureMembership","data":{"elementId":"e69e339f-5d99-4c0b-976a-d630558c346f","ownedRelatedElement":[{"id":"b30e5ec0-49c7-40af-9ff0-2fecce4d773e","eClass":"sysml:PortUsage","data":{"declaredName":"port","elementId":"0a9b95ea-4c75-48bc-8db7-587f670ba5f2","isComposite":true}}]}},{"id":"cb5e8dba-628d-4bf7-b28f-75226237f7ad","eClass":"sysml:FeatureMembership","data":{"elementId":"1e144acb-468a-4506-89d3-7af323f52f03","ownedRelatedElement":[{"id":"5bfe46da-9d5b-4c1a-a0a5-3c418429d07e","eClass":"sysml:PortUsage","data":{"declaredName":"port","elementId":"774a1cfb-bbb7-4fa0-87a0-8816fedf847f","isComposite":true}}]}}],"isComposite":true}}],"memberElement":"a573c8af-3fc3-4a5d-abe3-a5de655629cf"}},{"id":"9cc79b21-681a-47e4-8b84-ba6f29950be2","eClass":"sysml:FeatureMembership","data":{"elementId":"80e188ac-2261-4f12-ad8d-51d4c957aac9","ownedRelatedElement":[{"id":"2f96710f-d9b7-4e75-a185-0b1797d51ddb","eClass":"sysml:PartUsage","data":{"declaredName":"sensors","elementId":"cec058be-fcef-4035-9369-5acea9672098","ownedRelationship":[{"id":"7aed1cf5-9655-4fbf-b63e-6a979bc5f1be","eClass":"sysml:FeatureTyping","data":{"elementId":"4c3eb1fa-4cf1-4a31-874c-29b988addf67","type":"713542f9-5b0d-4480-bda8-b78538441280","typedFeature":"cec058be-fcef-4035-9369-5acea9672098"}},{"id":"86eb6029-800a-417f-8aba-d2758e59a9cd","eClass":"sysml:FeatureMembership","data":{"elementId":"bc4b2696-5e2b-4701-9353-64044dec5a7c","ownedRelatedElement":[{"id":"887f2972-07e4-4c3c-a111-88767d16ac96","eClass":"sysml:PortUsage","data":{"declaredName":"port","elementId":"b9c789cd-6ec0-46fc-b74e-b08167496c02","isComposite":true}}]}},{"id":"15398848-9259-4f52-b05e-d3a48b75ebcb","eClass":"sysml:FeatureMembership","data":{"elementId":"91aa7014-4051-44ec-8bb5-aba2a4327fe9","ownedRelatedElement":[{"id":"06a8aee0-e8ca-4b96-9562-8bb7c751d36b","eClass":"sysml:PortUsage","data":{"declaredName":"port","elementId":"9907c5d5-b92a-44f5-bff0-0c9d1823cca9","isComposite":true}}]}}],"isComposite":true}}],"memberElement":"cec058be-fcef-4035-9369-5acea9672098"}},{"id":"aecdfcbd-51f9-4700-856e-91025ab34fad","eClass":"sysml:FeatureMembership","data":{"elementId":"b1a97f02-23bb-45b1-ac78-bba30b511a3d","ownedRelatedElement":[{"id":"be09d8eb-02c9-4f77-9cd8-0257f3a2e4b8","eClass":"sysml:PartUsage","data":{"declaredName":"controllor","elementId":"19038235-9c4c-4cbb-9d9b-fa29f2541b86","ownedRelationship":[{"id":"afe80214-56bd-4dde-a74a-fc9414044b78","eClass":"sysml:FeatureTyping","data":{"elementId":"54b0e42a-aa2e-43de-80f2-bcf118cd3144","type":"87726471-c4ec-4dd8-984d-355e33b9e280","typedFeature":"19038235-9c4c-4cbb-9d9b-fa29f2541b86"}},{"id":"b69ead6d-57a3-4582-a6ec-4530820c3623","eClass":"sysml:FeatureMembership","data":{"elementId":"1b01f3cc-5d03-4291-9809-1f8dfab1c20d","ownedRelatedElement":[{"id":"18c73eab-6d86-4707-ab29-1d6340445dc3","eClass":"sysml:PortUsage","data":{"declaredName":"port","elementId":"ff0da9b3-1f6b-410d-a7f9-a07da4979e21","isComposite":true}}]}},{"id":"267d7747-1260-4de5-80ca-2b11f9ebd7f5","eClass":"sysml:FeatureMembership","data":{"elementId":"6b987fde-25f9-4fba-b2b9-f93d4d8061ec","ownedRelatedElement":[{"id":"f6a5898c-7845-4bc1-9716-aba2a59881d4","eClass":"sysml:PortUsage","data":{"declaredName":"port","elementId":"d014ff26-1246-48d8-8491-98778a2adfb3","isComposite":true}}]}},{"id":"56c1334c-3617-4071-a04c-4b26d00195ef","eClass":"sysml:FeatureMembership","data":{"elementId":"17ff226e-9a89-4c0b-a4d9-b6f79c8fbd0a","ownedRelatedElement":[{"id":"057ba6dd-b719-47aa-b77a-67852e81403e","eClass":"sysml:PortUsage","data":{"declaredName":"port","elementId":"4903b452-50e2-4dbf-9a51-91cba95cc4c9","isComposite":true}}]}}],"isComposite":true}}],"memberElement":"19038235-9c4c-4cbb-9d9b-fa29f2541b86"}},{"id":"1a864b25-617c-41b5-8166-d4ed2e75b550","eClass":"sysml:FeatureMembership","data":{"elementId":"e6cfe473-e9d0-43e5-a223-a743c15f4c63","ownedRelatedElement":[{"id":"ebdab92f-babc-4dd8-a388-964d76479d66","eClass":"sysml:FlowConnectionUsage","data":{"declaredName":"flow","elementId":"60939282-6e5b-40d6-bd34-10d1e8cc6e99","ownedRelationship":[{"id":"8b546c02-ea59-48e4-9b44-cea297141560","eClass":"sysml:EndFeatureMembership","data":{"elementId":"80a2fa20-4306-4736-b8f7-9cf9bee4157e","ownedRelatedElement":[{"id":"b2c49c80-dfb6-4497-9189-468be572184a","eClass":"sysml:Feature","data":{"elementId":"7ef45ee7-eec9-459f-8e05-1d71ecd574c4","ownedRelationship":[{"id":"5ff8d435-4cfe-4cec-9900-9b87ee75159f","eClass":"sysml:ReferenceSubsetting","data":{"declaredName":"references","elementId":"3b1dedb8-f405-4a2d-9684-6cf6b61d29a6","referencedFeature":"b9c789cd-6ec0-46fc-b74e-b08167496c02"}}],"isEnd":true}}]}},{"id":"2c5839d5-6c05-4803-8ff1-338890bff0c4","eClass":"sysml:EndFeatureMembership","data":{"elementId":"ac952bd7-825e-49ad-be4f-90c90f996a40","ownedRelatedElement":[{"id":"56b72dd9-db4a-40c3-b03a-e7bb057ad4ff","eClass":"sysml:Feature","data":{"elementId":"75b00f1c-2d48-46c8-8c83-88afd790d32a","ownedRelationship":[{"id":"965150d7-66b5-4759-8530-ab4b77b61254","eClass":"sysml:ReferenceSubsetting","data":{"declaredName":"references","elementId":"90e0044d-5e05-47ec-8f6b-e1e348ed8598","referencedFeature":"ff0da9b3-1f6b-410d-a7f9-a07da4979e21"}}],"isEnd":true}}]}}]}}]}},{"id":"7767a938-291c-4e08-a93b-a68d9239d5cd","eClass":"sysml:FeatureMembership","data":{"elementId":"9374804d-f7d8-46d0-8382-42020cf10905","ownedRelatedElement":[{"id":"ba6a0395-8dc8-4bce-9647-cdff0bebbf4f","eClass":"sysml:InterfaceUsage","data":{"declaredName":"connect","elementId":"1e2e9bc6-b713-4cf7-814a-f570bdcc2eaa","ownedRelationship":[{"id":"e7b936f7-827f-4b7c-a3a0-cb5d9cf2cb67","eClass":"sysml:EndFeatureMembership","data":{"elementId":"b8150716-320a-449c-a84a-f9fe0d240c80","ownedRelatedElement":[{"id":"2c34c41c-1afd-4ed5-bf41-bf945da0c086","eClass":"sysml:Feature","data":{"elementId":"892bfd15-8501-4e77-8695-66439fa5424f","ownedRelationship":[{"id":"288f54ed-4cb2-4f0e-8da2-1b4a14bfa474","eClass":"sysml:ReferenceSubsetting","data":{"declaredName":"references","elementId":"e79080d6-1401-426d-9010-a7e8ea23dddc","referencedFeature":"d014ff26-1246-48d8-8491-98778a2adfb3"}}],"isEnd":true}}]}},{"id":"edb7614d-1180-4ada-a19d-808c229578d8","eClass":"sysml:EndFeatureMembership","data":{"elementId":"2cf3f9bc-3ccd-4f63-a86c-108dd8da41cd","ownedRelatedElement":[{"id":"1099bf22-ce12-456e-933f-10bf05a889a2","eClass":"sysml:Feature","data":{"elementId":"9fdfbe82-c5c8-48f1-b3c7-61f6d5f38da0","ownedRelationship":[{"id":"e6c6ede9-3416-4c90-a4e0-3449c9f27af5","eClass":"sysml:ReferenceSubsetting","data":{"declaredName":"references","elementId":"2e5cd0f7-8cfe-4fa9-a820-5211d9072a8a","referencedFeature":"53d69cc3-e550-4149-9643-ecc4d7f51ded"}}],"isEnd":true}}]}}],"isComposite":true}}]}},{"id":"75ac1d08-823a-493e-b9a8-684ce5f3c1ef","eClass":"sysml:FeatureMembership","data":{"elementId":"bd91fb9f-fe8a-487f-a106-a79507b8b4a2","ownedRelatedElement":[{"id":"f1751a70-cac7-419d-81d7-31f59c3815da","eClass":"sysml:FlowConnectionUsage","data":{"declaredName":"flow","elementId":"a96e06cc-14d4-4db8-a780-3372ca07dece","ownedRelationship":[{"id":"137a43ee-2025-4552-9f8f-1104bcb420d9","eClass":"sysml:EndFeatureMembership","data":{"elementId":"0650d2d0-be90-442f-ba8c-6740c748102d","ownedRelatedElement":[{"id":"961d4128-2e3c-4292-bb11-e9e2f42f5c65","eClass":"sysml:Feature","data":{"elementId":"01bbc688-c334-49b9-b098-c2fab774354b","ownedRelationship":[{"id":"2ffe1de1-0b37-4f41-9cb0-539b8e394d65","eClass":"sysml:ReferenceSubsetting","data":{"declaredName":"references","elementId":"c2844284-1650-49c9-b8a7-f0cb11e19753","referencedFeature":"a0dbaf9c-8a05-463c-9605-2e72749f883d"}}],"isEnd":true}}]}},{"id":"3d6bb2f3-e3ce-40e8-81b9-d2bbe30fc67c","eClass":"sysml:EndFeatureMembership","data":{"elementId":"417ce63c-f1e4-4a7d-a21f-e37dbf8a95cd","ownedRelatedElement":[{"id":"a195f94c-cb97-4a96-80a8-81ae1a6f6521","eClass":"sysml:Feature","data":{"elementId":"87e345b3-a7e7-4d23-a02b-9061de20e836","ownedRelationship":[{"id":"8e6f221e-ac47-480a-b3cb-9b428ad70bfd","eClass":"sysml:ReferenceSubsetting","data":{"declaredName":"references","elementId":"a1e7f485-b6eb-40a5-a288-f02b34f6368f","referencedFeature":"38da2571-1e46-4cfc-891b-a06db6dc29a3"}}],"isEnd":true}}]}}]}}]}},{"id":"be30d581-6f09-4883-95a8-741cd791b821","eClass":"sysml:FeatureMembership","data":{"elementId":"d50aebfb-6923-4964-bcce-949714e557df","ownedRelatedElement":[{"id":"72047f55-5c11-4c4e-802b-0a6cf21bdb6a","eClass":"sysml:InterfaceUsage","data":{"declaredName":"connect","elementId":"366f49a2-80c6-457b-a9b0-02d21524f3b2","ownedRelationship":[{"id":"51cd22b1-ece1-473f-b3df-589f15f4f4ca","eClass":"sysml:EndFeatureMembership","data":{"elementId":"8b407dc9-9140-49a6-a225-76b0ca1cefec","ownedRelatedElement":[{"id":"c41cbe30-0617-4eef-b37c-bff46d59b9f2","eClass":"sysml:Feature","data":{"elementId":"361e10b8-64e6-4691-b0ad-b5cbb5b12155","ownedRelationship":[{"id":"dc09f457-face-4064-8df0-eed512dde3e9","eClass":"sysml:ReferenceSubsetting","data":{"declaredName":"references","elementId":"caa081e3-1c25-40d0-8c22-b9a96935b60e","referencedFeature":"eae6fbfb-9827-41bb-86bd-1826175bd25d"}}],"isEnd":true}}]}},{"id":"efc19c13-d409-4e56-b5d1-152d89a0fb6e","eClass":"sysml:EndFeatureMembership","data":{"elementId":"b40029cb-4742-4c3d-b8e5-20d2f75c8530","ownedRelatedElement":[{"id":"d0ead090-26d2-4d38-9e77-ecca6adc5cc8","eClass":"sysml:Feature","data":{"elementId":"4df250d9-c91a-481e-857c-36be25020c4b","ownedRelationship":[{"id":"e32cd0d5-3ef6-4cf2-832a-19d8dd4f3cf6","eClass":"sysml:ReferenceSubsetting","data":{"declaredName":"references","elementId":"1d356c78-0128-43f3-b202-1880facc7bef","referencedFeature":"0a9b95ea-4c75-48bc-8db7-587f670ba5f2"}}],"isEnd":true}}]}}],"isComposite":true}}]}},{"id":"6dd9363a-cb06-436c-a407-a07a45c6b060","eClass":"sysml:FeatureMembership","data":{"elementId":"a9cb2743-6e2b-4e1f-9928-5a794faebf23","ownedRelatedElement":[{"id":"52f3d081-7410-47eb-827c-c9b9e23920ca","eClass":"sysml:InterfaceUsage","data":{"declaredName":"connect","elementId":"f890381f-73cb-4ac3-ba59-cd550410b456","ownedRelationship":[{"id":"fab45ca6-f309-4fb9-90ef-638a3864be0d","eClass":"sysml:EndFeatureMembership","data":{"elementId":"ac1ab7e7-70fa-4564-be8b-f0af7a00f96b","ownedRelatedElement":[{"id":"7c77c97e-b26d-4e5e-bf34-870b7b2cb7de","eClass":"sysml:Feature","data":{"elementId":"4ffb31b5-b4ae-4c34-847a-ea8feaae5b06","ownedRelationship":[{"id":"395d6648-5da4-4d64-8c09-08dd218d75d4","eClass":"sysml:ReferenceSubsetting","data":{"declaredName":"references","elementId":"37d4cc2f-00c6-4b41-984b-83449143fd89","referencedFeature":"ed618037-cd55-4d5d-bbad-aac3958cbd71"}}],"isEnd":true}}]}},{"id":"ba2c69e4-9a68-4bc5-8c8c-3810fa9680a8","eClass":"sysml:EndFeatureMembership","data":{"elementId":"75c80445-1fe7-47bc-9618-7512f95e7dcc","ownedRelatedElement":[{"id":"0c872d95-5f87-4f87-8e56-8c0228c5ab6f","eClass":"sysml:Feature","data":{"elementId":"598cd08e-449a-4df8-9f37-e56c0ac97886","ownedRelationship":[{"id":"9f34cf49-6721-4a6c-8585-ed6ec8deaa48","eClass":"sysml:ReferenceSubsetting","data":{"declaredName":"references","elementId":"363c0538-e289-4eb0-88d0-758a09ef06f7","referencedFeature":"2b723c3b-461e-4682-9c24-d48902f95480"}}],"isEnd":true}}]}}],"isComposite":true}}]}},{"id":"c38abf63-0854-4f32-9d3e-d8c343228c31","eClass":"sysml:FeatureMembership","data":{"elementId":"ffd45d11-65c4-4883-821b-fb68ae7388b8","ownedRelatedElement":[{"id":"52df55b5-f59b-4a47-b250-80e8e265587d","eClass":"sysml:FlowConnectionUsage","data":{"declaredName":"flow","elementId":"00798349-fe55-4bba-ac6b-c903a888088f","ownedRelationship":[{"id":"8f3d31c4-481a-4a9a-b94a-14f48c2c2fef","eClass":"sysml:EndFeatureMembership","data":{"elementId":"30da521a-b547-40c5-954e-beafcb3a7405","ownedRelatedElement":[{"id":"85478ca7-b5f1-45dd-be45-220580d7071a","eClass":"sysml:Feature","data":{"elementId":"9168e310-4cd7-4700-af3d-608ce998bd38","ownedRelationship":[{"id":"dac02bf0-a547-4580-a273-d643c7db397f","eClass":"sysml:ReferenceSubsetting","data":{"declaredName":"references","elementId":"6a2afd37-a26b-4bf1-a428-8cc712233197","referencedFeature":"c00e841c-f6bc-41a9-8987-83ea973a1c06"}}],"isEnd":true}}]}},{"id":"a4db3c6b-6146-441b-9700-c534d790d8a9","eClass":"sysml:EndFeatureMembership","data":{"elementId":"5789169f-e9ad-4759-a81c-a69918729d25","ownedRelatedElement":[{"id":"413c2fe9-c768-4646-b9ab-d3af452f44ae","eClass":"sysml:Feature","data":{"elementId":"6a8f459e-3766-4428-90a9-9c72c8564e4f","ownedRelationship":[{"id":"be36b0b9-571f-4486-8174-e495b092566e","eClass":"sysml:ReferenceSubsetting","data":{"declaredName":"references","elementId":"20d09909-161a-4f37-b7f5-45f5e14cc6ba","referencedFeature":"a6b7b718-73b7-41ee-bf4c-b31cfbf97031"}}],"isEnd":true}}]}}]}}]}},{"id":"9abff48b-5421-4865-be82-5412c6cc8296","eClass":"sysml:FeatureMembership","data":{"elementId":"216e9ecb-fefd-4fb8-bfcc-27fefdb48246","ownedRelatedElement":[{"id":"912472cc-ef64-4ff7-b591-5fbc68ed1162","eClass":"sysml:FlowConnectionUsage","data":{"declaredName":"flow","elementId":"e493db9c-4942-4ef4-8a66-0f0a4be75c32","ownedRelationship":[{"id":"83729ebf-e7d6-4dd9-a0c3-237fed0490e3","eClass":"sysml:EndFeatureMembership","data":{"elementId":"aa04b82c-b8c1-4544-accf-ebba3dd29711","ownedRelatedElement":[{"id":"a020086d-4341-48f3-98b6-d05d5283fd3f","eClass":"sysml:Feature","data":{"elementId":"2e04aa84-6626-42d2-934d-63fc14846c4e","ownedRelationship":[{"id":"c45c404b-f112-4263-8b81-aa24bbd7a394","eClass":"sysml:ReferenceSubsetting","data":{"declaredName":"references","elementId":"e55ef443-1aeb-4517-9c09-b8077c18559e","referencedFeature":"98fce146-e30d-4a30-90ba-f674c5d07198"}}],"isEnd":true}}]}},{"id":"5aa0cf72-e97a-403f-ac41-cd7f725e3b91","eClass":"sysml:EndFeatureMembership","data":{"elementId":"8a08f758-8b41-4f8e-93cd-dd44cfffb4de","ownedRelatedElement":[{"id":"483b7985-437a-4abc-a608-27aa22571bb2","eClass":"sysml:Feature","data":{"elementId":"9be25903-9b66-41a8-a843-340efb906c3c","ownedRelationship":[{"id":"24ef862d-9a52-4615-a9e6-a8c68788e326","eClass":"sysml:ReferenceSubsetting","data":{"declaredName":"references","elementId":"4ea403e9-4e2b-4a26-a6e6-71588b8a8c99","referencedFeature":"4903b452-50e2-4dbf-9a51-91cba95cc4c9"}}],"isEnd":true}}]}}]}}]}},{"id":"59536144-3d57-430a-9c35-0e1de5b6d35c","eClass":"sysml:FeatureMembership","data":{"elementId":"f8264cd1-2327-4713-a8e9-9642f0b18ccf","ownedRelatedElement":[{"id":"a23630eb-c39f-4a12-9936-0360c309ea42","eClass":"sysml:FlowConnectionUsage","data":{"declaredName":"flow","elementId":"c759ba17-360f-40c0-9582-d8ccedf9d04e","ownedRelationship":[{"id":"2f5939b8-0bb7-4114-be43-33d3e177cedb","eClass":"sysml:EndFeatureMembership","data":{"elementId":"62108311-d420-4752-81af-35c60bb21aed","ownedRelatedElement":[{"id":"74843c6b-bd95-48d6-8028-5056c42cc38e","eClass":"sysml:Feature","data":{"elementId":"232cfefd-5356-44c7-94e0-d92761e3cea5","ownedRelationship":[{"id":"c5207b30-7a1e-493d-b47b-332c2d345883","eClass":"sysml:ReferenceSubsetting","data":{"declaredName":"references","elementId":"ffe9fdf8-5dab-413c-a26e-1cafba91daf9","referencedFeature":"56ffa4cc-9ded-401c-8fab-5021421bf81c"}}],"isEnd":true}}]}},{"id":"09828595-06cf-49f5-80ee-51e670093778","eClass":"sysml:EndFeatureMembership","data":{"elementId":"9d712069-7a62-4f75-b12b-fdefbdb7b97c","ownedRelatedElement":[{"id":"9ae2fbcf-bd5b-4f77-972e-9f3e023178e5","eClass":"sysml:Feature","data":{"elementId":"8e70e742-f870-42d0-bf48-5125e17d4238","ownedRelationship":[{"id":"e3a26054-8d4b-4d45-87ec-44f4ca54c8d3","eClass":"sysml:ReferenceSubsetting","data":{"declaredName":"references","elementId":"d2ea9726-2394-4d58-9898-56343d1b59fe","referencedFeature":"9907c5d5-b92a-44f5-bff0-0c9d1823cca9"}}],"isEnd":true}}]}}]}}]}},{"id":"143621d0-a29d-4ada-a05d-170b51742d5b","eClass":"sysml:FeatureMembership","data":{"elementId":"fcbf01b0-3a2f-48f8-9b7f-c4a3e475caea","ownedRelatedElement":[{"id":"4ecd7034-4851-420f-a350-b63ea20161ca","eClass":"sysml:FlowConnectionUsage","data":{"declaredName":"flow","elementId":"30f57213-0b3c-464d-a568-2a202c8b826e","ownedRelationship":[{"id":"b3a041df-e960-4e9e-b626-b305e5e57033","eClass":"sysml:EndFeatureMembership","data":{"elementId":"6fcf507e-2bd9-4d66-88c9-9d83002dc927","ownedRelatedElement":[{"id":"01d278c7-5def-45a9-8c55-fc96163909ed","eClass":"sysml:Feature","data":{"elementId":"73840599-997d-4100-8660-308e27d830a2","ownedRelationship":[{"id":"4d0d04e7-18fc-4ca4-82e4-b916839ce66b","eClass":"sysml:ReferenceSubsetting","data":{"declaredName":"references","elementId":"a0abfc89-6342-4d5f-9240-a1bc95cc3bac","referencedFeature":"c400d24f-e476-4eb5-91a1-05beef860251"}}],"isEnd":true}}]}},{"id":"0acbce58-90ae-4028-ae0d-8c83fd48af11","eClass":"sysml:EndFeatureMembership","data":{"elementId":"33143bb3-7eb1-4c7f-bd24-7b4fbcff9c7f","ownedRelatedElement":[{"id":"b4a038b1-5b09-4932-b777-0189a186b636","eClass":"sysml:Feature","data":{"elementId":"d55931d0-c373-4bc5-b153-99b901b25129","ownedRelationship":[{"id":"130aa2f0-a9d0-43f9-a269-ceefa456cb30","eClass":"sysml:ReferenceSubsetting","data":{"declaredName":"references","elementId":"28192a3d-c867-4566-b9b8-368da0f8d7bb","referencedFeature":"3295c671-aa6f-4a1c-a595-8cf60496fdeb"}}],"isEnd":true}}]}}]}}]}},{"id":"e1c5f5f0-c135-49ee-83d2-4f1d07a91b03","eClass":"sysml:FeatureMembership","data":{"elementId":"ef65e950-ba17-4a05-b8c8-5e0b69b029d5","ownedRelatedElement":[{"id":"97fdf0cc-4cc2-4ec1-aa4d-adb83356d6d6","eClass":"sysml:InterfaceUsage","data":{"declaredName":"connect","elementId":"66ff8dce-7585-4e89-8f1c-86ef1cff387c","ownedRelationship":[{"id":"d693f041-b734-4363-92dd-9c1217f80303","eClass":"sysml:EndFeatureMembership","data":{"elementId":"bbb7098d-9d4c-4972-8bb8-3f1d9c6619fa","ownedRelatedElement":[{"id":"b4b3795e-27d4-4f3b-880f-369addbf0404","eClass":"sysml:Feature","data":{"elementId":"46faf13d-55b0-4339-a9f4-9c4a1e1acf06","ownedRelationship":[{"id":"cc716448-b218-4a64-9baa-d4e31cda77e1","eClass":"sysml:ReferenceSubsetting","data":{"declaredName":"references","elementId":"88d9d8c3-740b-475c-818c-5b6bc23237e0","referencedFeature":"195bd347-312b-45a1-aff6-4aa4d2293d2b"}}],"isEnd":true}}]}},{"id":"6679bbf5-0330-4172-be23-515c87467438","eClass":"sysml:EndFeatureMembership","data":{"elementId":"df6c2080-3e32-4863-8785-ac2e7209041b","ownedRelatedElement":[{"id":"49f099df-2f7a-4293-9d34-012ac2c9440e","eClass":"sysml:Feature","data":{"elementId":"c0ad1fce-4936-4ebf-831a-7033f26e1ee9","ownedRelationship":[{"id":"4b97afa4-1f62-4e45-bbf3-cae3fce00c6b","eClass":"sysml:ReferenceSubsetting","data":{"declaredName":"references","elementId":"0109c4ac-c726-4265-bdcd-150bfe25573a","referencedFeature":"47d82a78-4675-4be0-93b1-d7406b3586bf"}}],"isEnd":true}}]}}],"isComposite":true}}]}},{"id":"f7d57638-63ef-43e2-9df8-b6773c43139e","eClass":"sysml:FeatureMembership","data":{"elementId":"fa178d79-c589-4dca-989b-f6c0be2be2b1","ownedRelatedElement":[{"id":"35bca487-c0b4-4b87-a6fa-d1de07e32a1a","eClass":"sysml:InterfaceUsage","data":{"declaredName":"connect","elementId":"2b77ebb8-0cf7-4ca3-9712-9ebc4e8a8ac5","ownedRelationship":[{"id":"fe85e63c-b470-40a1-88b0-9d881e4d04e8","eClass":"sysml:EndFeatureMembership","data":{"elementId":"42e49450-493d-4002-929a-0c5af40e8767","ownedRelatedElement":[{"id":"a8f66a86-2522-41e7-8099-7cd76dd875f8","eClass":"sysml:Feature","data":{"elementId":"fcbce514-f0a3-4e60-aa2c-a4d224af0af1","ownedRelationship":[{"id":"1a3baf21-506e-4052-ba57-a20a3bc88e39","eClass":"sysml:ReferenceSubsetting","data":{"declaredName":"references","elementId":"77a114d2-8c89-4d64-a0e3-927f6b9bc27f","referencedFeature":"9bf5c1c8-483c-499c-aabd-6332d3c6f7a7"}}],"isEnd":true}}]}},{"id":"dcd8abbd-96ef-4b08-8694-f2f4c2ecb3b7","eClass":"sysml:EndFeatureMembership","data":{"elementId":"a1740ac8-bf4d-45e2-99e4-d2e64f2824ed","ownedRelatedElement":[{"id":"9705d17b-df8c-44ee-8285-157dd074b38e","eClass":"sysml:Feature","data":{"elementId":"df328c12-acfb-4250-81a1-6a65740de2d6","ownedRelationship":[{"id":"6168893b-2eb1-46b4-ac17-a3a496f374a0","eClass":"sysml:ReferenceSubsetting","data":{"declaredName":"references","elementId":"b09778f5-faf2-4b8c-a368-be82b57a4a20","referencedFeature":"bbaf7211-0da8-4fbb-83f0-afac005de20e"}}],"isEnd":true}}]}}],"isComposite":true}}]}},{"id":"83be2707-1a8d-4bba-8ce4-bebe8b20e211","eClass":"sysml:FeatureMembership","data":{"elementId":"cb6b59ab-b388-4938-8459-0494a241750e","ownedRelatedElement":[{"id":"5138e116-0815-4036-bdb2-7fec893e8883","eClass":"sysml:InterfaceUsage","data":{"declaredName":"connect","elementId":"9ca358f3-ae60-4cea-90d5-b673959254f6","ownedRelationship":[{"id":"b398e944-600c-4a97-997f-34e55f3d1bb0","eClass":"sysml:EndFeatureMembership","data":{"elementId":"b630682d-cef7-45eb-bb94-c6c57d256543","ownedRelatedElement":[{"id":"8b28006d-794e-4da3-8157-1f307f28d437","eClass":"sysml:Feature","data":{"elementId":"7d43f598-620b-41c2-82f1-3c854388067f","ownedRelationship":[{"id":"db4eec52-4b17-4476-9726-93420a37161d","eClass":"sysml:ReferenceSubsetting","data":{"declaredName":"references","elementId":"2dda963b-8d88-454d-83d2-f634966266de","referencedFeature":"70023153-dad2-47a1-8445-62ba82c6010e"}}],"isEnd":true}}]}},{"id":"8faa10e3-cad6-4fe3-99d4-c4c9cbfc1cbb","eClass":"sysml:EndFeatureMembership","data":{"elementId":"5b50c4dc-5db7-4920-800c-378a806a1ca2","ownedRelatedElement":[{"id":"14ac26b4-bfe7-4eaf-8cbd-eca5ab421824","eClass":"sysml:Feature","data":{"elementId":"40bf1d75-2de3-471d-94d5-713ec889b0c0","ownedRelationship":[{"id":"25cb7bbf-0ed4-4254-915f-131ac69da3cc","eClass":"sysml:ReferenceSubsetting","data":{"declaredName":"references","elementId":"816fa17f-0b43-47e0-a949-f231f5747492","referencedFeature":"774a1cfb-bbb7-4fa0-87a0-8816fedf847f"}}],"isEnd":true}}]}}],"isComposite":true}}]}},{"id":"3927662a-9f88-400f-beb5-792089d909b4","eClass":"sysml:FeatureMembership","data":{"elementId":"6485a685-610f-4c6b-80e6-812bcf85e405","ownedRelatedElement":[{"id":"fcb30770-3c01-4430-82a9-ccb4ef6f119f","eClass":"sysml:InterfaceUsage","data":{"declaredName":"connect","elementId":"a1e838f7-1b08-4fd0-8b3f-2bbfa0c016e7","ownedRelationship":[{"id":"411a6c40-dd83-45e6-aaec-62b328817b2c","eClass":"sysml:EndFeatureMembership","data":{"elementId":"711ddae4-389a-4bc5-a0da-51f91b681c3b","ownedRelatedElement":[{"id":"ae09eaef-e2ac-4f05-be59-14dd39a10150","eClass":"sysml:Feature","data":{"elementId":"282f8b36-4fe6-466b-916b-a78bc35e9d19","ownedRelationship":[{"id":"767cb1e6-2777-4781-9849-3541286da4ba","eClass":"sysml:ReferenceSubsetting","data":{"declaredName":"references","elementId":"302fb4fb-6ead-4257-b68f-3f67fa15f1da","referencedFeature":"ca04c08a-57f9-4049-bc80-cf93467e2509"}}],"isEnd":true}}]}},{"id":"0fb0cac2-ccc3-4021-af1f-d523e15645b0","eClass":"sysml:EndFeatureMembership","data":{"elementId":"3404ea61-c496-4e2a-9d18-962c933d7756","ownedRelatedElement":[{"id":"f024ac76-7bd9-4ddd-bf4f-e643b0eadd40","eClass":"sysml:Feature","data":{"elementId":"53a82c94-bc6f-43ae-a333-a868594edf49","ownedRelationship":[{"id":"0cd1768c-ee55-46d5-ba48-871d93c4d8e1","eClass":"sysml:ReferenceSubsetting","data":{"declaredName":"references","elementId":"08714fc8-d8c8-4c57-a682-6b653e5b9ef9","referencedFeature":"d83cda90-f1a5-409c-afb7-81bb737bdaf3"}}],"isEnd":true}}]}}],"isComposite":true}}]}}]}}],"memberElement":"3b2ad84b-6f99-4760-8c49-b0608adbe1f9"}},{"id":"2f5ca59e-2ffc-41aa-9a55-dd96439edb64","eClass":"sysml:OwningMembership","data":{"elementId":"2e88903d-3a73-4e77-8589-af0063e5b040","ownedRelatedElement":[{"id":"fb5c2971-eb6c-4eb5-b73e-521c3ac784fc","eClass":"sysml:PartDefinition","data":{"declaredName":"ChairBase","elementId":"9713d709-a6f9-482d-b1f7-50a0c491deb0","ownedRelationship":[{"id":"70bd9d2e-5878-4e85-8a80-55a2b38c9995","eClass":"sysml:OwningMembership","data":{"elementId":"36abda42-0d18-4367-9877-986113eb2ef4","ownedRelatedElement":[{"id":"9f8d8b8d-6efc-416e-b40c-87eee906b82a","eClass":"sysml:Documentation","data":{"elementId":"87811db5-b28a-4308-b28a-4dc7f5650114","body":"This chair base should be able to help the user to get up by following and helping their mouvment"}}],"memberElement":"87811db5-b28a-4308-b28a-4dc7f5650114"}}]}}],"memberElement":"9713d709-a6f9-482d-b1f7-50a0c491deb0"}},{"id":"16ae4632-f239-4598-9727-63ed5459f8fe","eClass":"sysml:OwningMembership","data":{"elementId":"f5bba14d-940d-4c61-bae8-5c5f43e6f11f","ownedRelatedElement":[{"id":"0c068315-7ae8-418e-a492-b3bb6a752d72","eClass":"sysml:PartDefinition","data":{"declaredName":"Armrest","elementId":"25fce5e7-9729-4362-9331-7b6475030bd5","ownedRelationship":[{"id":"ff9fdef1-087f-46f4-a3c0-3a3f5703c300","eClass":"sysml:OwningMembership","data":{"elementId":"96a09811-f916-4438-ad68-3f385920e7bb","ownedRelatedElement":[{"id":"5ef565a5-9c44-4d69-988e-dc5509cb91af","eClass":"sysml:Documentation","data":{"elementId":"50409866-f328-4541-b031-bedb89e509d9","body":"Provides support to help the user sit and stand up."}}],"memberElement":"50409866-f328-4541-b031-bedb89e509d9"}},{"id":"fca85d33-7f13-4d5a-9b69-80f6fad24db1","eClass":"sysml:FeatureMembership","data":{"elementId":"fd1b58e9-f156-4455-87ad-4312825b29d0","ownedRelatedElement":[{"id":"01b50ab7-68af-4ecf-9cd8-030064e152ea","eClass":"sysml:PartUsage","data":{"declaredName":"controlPanel","elementId":"34f5deec-5f0e-454f-bbe2-88b584c9bea1","ownedRelationship":[{"id":"969ed9f5-f794-4b9d-a123-d2b6d0e0b5d8","eClass":"sysml:FeatureTyping","data":{"elementId":"5381b0ce-1610-4ba1-a506-8e68740007e5","type":"bff8f420-a199-4741-a00b-66222c0695bd","typedFeature":"34f5deec-5f0e-454f-bbe2-88b584c9bea1"}}],"isComposite":true}}],"memberElement":"34f5deec-5f0e-454f-bbe2-88b584c9bea1"}}]}}],"memberElement":"25fce5e7-9729-4362-9331-7b6475030bd5"}},{"id":"a0645adf-dcee-4803-aae4-d2442ece2fd1","eClass":"sysml:OwningMembership","data":{"elementId":"4ea56ed5-ce7a-43e5-9b13-6bf27b8e6b22","ownedRelatedElement":[{"id":"31806673-a24b-4e59-a678-091aff3aeb75","eClass":"sysml:PartDefinition","data":{"declaredName":"Footrest","elementId":"80f6c238-6076-455e-a6f4-6cf5fd384f46","ownedRelationship":[{"id":"49bb39af-9bde-433e-9ddb-c2fe4d4bc894","eClass":"sysml:OwningMembership","data":{"elementId":"92898bf4-f1d8-41e9-8dc4-a8874d7c88be","ownedRelatedElement":[{"id":"9c07a6bc-6972-4352-aa39-78fd9b5e90d5","eClass":"sysml:Documentation","data":{"elementId":"c749fba5-20a8-4b27-a6f1-f2b5b1aa1b8e","body":"Increases user comfort during usage."}}],"memberElement":"c749fba5-20a8-4b27-a6f1-f2b5b1aa1b8e"}}]}}],"memberElement":"80f6c238-6076-455e-a6f4-6cf5fd384f46"}},{"id":"b2470557-6290-4b49-ac1e-094bc9df1ae2","eClass":"sysml:OwningMembership","data":{"elementId":"20efe849-4b80-4ba5-a413-9a5a03cc2ead","ownedRelatedElement":[{"id":"cb04e26a-985d-4b72-8bb5-327a671bb17c","eClass":"sysml:PartDefinition","data":{"declaredName":"ControlPanel","elementId":"bff8f420-a199-4741-a00b-66222c0695bd","ownedRelationship":[{"id":"8f95ae58-d2b3-48c8-8da7-80ac6a04325b","eClass":"sysml:OwningMembership","data":{"elementId":"469655e8-e805-4f86-acaf-f35631d411b9","ownedRelatedElement":[{"id":"3d05b82d-ccc0-48e9-a629-8908640e0a25","eClass":"sysml:Documentation","data":{"elementId":"46b27816-b053-49fe-b9c0-327205fd30ef","body":"Panel to control chair functions located on the armrest."}}],"memberElement":"46b27816-b053-49fe-b9c0-327205fd30ef"}},{"id":"603aa63b-474c-44fc-b106-bb8dbfdb2db5","eClass":"sysml:FeatureMembership","data":{"elementId":"1f1c1e44-67b2-4036-b8f3-e726e0b070ed","ownedRelatedElement":[{"id":"9d4c3b56-866e-460a-bcc1-0b9078f3a2f3","eClass":"sysml:PortUsage","data":{"declaredName":"controlCommands","elementId":"e8df0eb2-b4f1-448a-9436-1ff4f5afb2a2","ownedRelationship":[{"id":"169f4591-5605-43c7-ab15-ca154c3bee37","eClass":"sysml:FeatureTyping","data":{"elementId":"441466e1-db24-445b-ab80-778b84ac708a","type":"8d29e8a3-414c-4aed-8a2d-b13f82182585","typedFeature":"e8df0eb2-b4f1-448a-9436-1ff4f5afb2a2"}}],"isComposite":true}}],"memberElement":"e8df0eb2-b4f1-448a-9436-1ff4f5afb2a2"}}]}}],"memberElement":"bff8f420-a199-4741-a00b-66222c0695bd"}},{"id":"9738b378-8028-428b-9415-d8f9440eef65","eClass":"sysml:OwningMembership","data":{"elementId":"1ffa2c03-7ad5-420a-9f64-24bea65ecd0c","ownedRelatedElement":[{"id":"1b07a483-6d78-4ebc-b879-10aa4128c798","eClass":"sysml:PartDefinition","data":{"declaredName":"Motor","elementId":"ec2013c4-21d5-47ca-8674-e0e841528e86","ownedRelationship":[{"id":"07fa5c81-cf8c-4923-9018-f22b52f10c9a","eClass":"sysml:OwningMembership","data":{"elementId":"52e46489-f2a2-44f4-92bf-b1d43e67076b","ownedRelatedElement":[{"id":"e96f5429-5bbe-4321-b4a4-0bf62efc8233","eClass":"sysml:Documentation","data":{"elementId":"ffcfe8ce-f272-4a52-98a1-efb9b94181dd","body":"Provides the mechanical force needed to move the chair along the rail."}}],"memberElement":"ffcfe8ce-f272-4a52-98a1-efb9b94181dd"}},{"id":"e1d1c787-ccc5-4e37-a173-bf1f78e32f4c","eClass":"sysml:FeatureMembership","data":{"elementId":"29ae4752-a728-4b40-85f8-1bb04968d3d1","ownedRelatedElement":[{"id":"af601880-97fa-4760-90ba-b9619b489ab7","eClass":"sysml:PortUsage","data":{"declaredName":"inputPower","elementId":"7f9f51c3-bdb3-484e-ab7f-7c35eca53475","ownedRelationship":[{"id":"4b1c9886-619e-4a48-af2d-52c22158b62f","eClass":"sysml:FeatureTyping","data":{"elementId":"32be8c53-6159-44dd-98e1-c6dc0ac4cb50","type":"37a0ea8c-2628-4392-ac16-0c0698f0f335","typedFeature":"7f9f51c3-bdb3-484e-ab7f-7c35eca53475"}}],"isComposite":true}}],"memberElement":"7f9f51c3-bdb3-484e-ab7f-7c35eca53475"}},{"id":"717e389e-40fa-4ba5-9657-97fac5dc6152","eClass":"sysml:FeatureMembership","data":{"elementId":"9a7653b9-aa76-49d8-a039-521bf94eb078","ownedRelatedElement":[{"id":"9f20698f-1df3-4d89-874d-c6167c44c3f2","eClass":"sysml:PortUsage","data":{"declaredName":"movementControl","elementId":"f10ec5fa-02cf-4e11-8629-22cde39bd165","ownedRelationship":[{"id":"617aabf5-2c21-4a3a-b0c3-f3b952863031","eClass":"sysml:FeatureTyping","data":{"elementId":"5c25fc02-288a-41fb-a5f3-aed6a83334ba","type":"67c8a248-14bf-481f-9a1f-9d6fe7b6bc41","typedFeature":"f10ec5fa-02cf-4e11-8629-22cde39bd165"}}],"isComposite":true}}],"memberElement":"f10ec5fa-02cf-4e11-8629-22cde39bd165"}}]}}],"memberElement":"ec2013c4-21d5-47ca-8674-e0e841528e86"}},{"id":"d4c07534-161c-4813-8714-e9ba03f279ff","eClass":"sysml:OwningMembership","data":{"elementId":"13813be7-3657-4a32-9dbf-c198ac2d9df8","ownedRelatedElement":[{"id":"e51215d8-68d3-4d58-b864-901f2f0bd85c","eClass":"sysml:PartDefinition","data":{"declaredName":"EnergySource","elementId":"ca207208-95f8-4a67-8868-8a9de151297c","ownedRelationship":[{"id":"64f158c8-4fc5-4262-a697-2e02854bbb17","eClass":"sysml:OwningMembership","data":{"elementId":"71ab413e-4a41-4707-90a6-d2a1352afbea","ownedRelatedElement":[{"id":"af03abe0-d253-4042-97ed-8566bd675be3","eClass":"sysml:Documentation","data":{"elementId":"b6efa86c-4b95-4653-98ba-5b9a98d78caf","body":"Provides energy to the motor."}}],"memberElement":"b6efa86c-4b95-4653-98ba-5b9a98d78caf"}},{"id":"19c5cdf5-37ca-459e-9b87-a3aad83ef650","eClass":"sysml:FeatureMembership","data":{"elementId":"91008f3d-6c78-4ad0-82ea-11b97e2a86c7","ownedRelatedElement":[{"id":"d255fc3c-c0b5-47a6-afe8-ba02a8246f08","eClass":"sysml:AttributeUsage","data":{"declaredName":"powerCapacity","elementId":"c3b78990-f521-419d-b66c-430266c128c4","ownedRelationship":[{"id":"202ade6a-b0f7-486d-825f-f6f3e8c182e5","eClass":"sysml:FeatureTyping","data":{"elementId":"3f62fa53-a831-4ddc-8663-2ea356d86098","type":"sysml:DataType kermllibrary:///b2c6dd37-2084-3ce4-9ce2-580fdf30629c#14c0aa22-5489-59b5-b438-ded26e83ba31","typedFeature":"c3b78990-f521-419d-b66c-430266c128c4"}},{"id":"ecd29f42-fea0-43a8-a5dc-4d0d2d7815bd","eClass":"sysml:FeatureValue","data":{"elementId":"8484bf82-09c1-4805-bce2-3bf98ef772ab","ownedRelatedElement":[{"id":"c2de8f6f-260e-46be-8b95-99b0dc55919b","eClass":"sysml:LiteralInteger","data":{"elementId":"ec386e4e-a091-4f8a-88e4-8a41f744c938","value":500}}],"memberElement":"ec386e4e-a091-4f8a-88e4-8a41f744c938"}}],"isComposite":true}}],"memberElement":"c3b78990-f521-419d-b66c-430266c128c4"}},{"id":"316a164d-168a-4137-a38c-13c1882674b2","eClass":"sysml:FeatureMembership","data":{"elementId":"6be8f2ae-ed3f-4fe3-8da5-7d61d7a0044b","ownedRelatedElement":[{"id":"3786af7d-4859-427a-b0be-031341c4fe85","eClass":"sysml:PortUsage","data":{"declaredName":"outputPower","elementId":"e91ad0e6-56b6-4dd1-963f-e61178b624f0","ownedRelationship":[{"id":"ac72d33f-0274-4913-8a57-8f1637919bc9","eClass":"sysml:FeatureTyping","data":{"elementId":"f5e3a050-464f-4926-840f-08398ebf4ae0","type":"37a0ea8c-2628-4392-ac16-0c0698f0f335","typedFeature":"e91ad0e6-56b6-4dd1-963f-e61178b624f0"}}],"isComposite":true}}],"memberElement":"e91ad0e6-56b6-4dd1-963f-e61178b624f0"}}]}}],"memberElement":"ca207208-95f8-4a67-8868-8a9de151297c"}},{"id":"0cd5f1fd-38ac-4519-b02b-3bfa711ceeab","eClass":"sysml:OwningMembership","data":{"elementId":"44baf7cc-4f14-48f1-9f38-93e5c7a3caae","ownedRelatedElement":[{"id":"2aeab23c-cfe8-4d5d-b642-2d5f5aae1a4e","eClass":"sysml:PartDefinition","data":{"declaredName":"Rail","elementId":"d8bc7d8b-85e0-4bd1-95a6-c0647f3d02ff","ownedRelationship":[{"id":"e898368c-2cd7-4fb8-9ac6-979323f5d7f8","eClass":"sysml:OwningMembership","data":{"elementId":"69acd0e7-fff6-4b3b-a6f7-05808bac84d0","ownedRelatedElement":[{"id":"fd820f50-3c76-4aeb-87c8-d63068125aad","eClass":"sysml:Documentation","data":{"elementId":"b0ec4c70-972f-4504-b266-647e9e2c5d66","body":"Guides the chair lift along the stairs."}}],"memberElement":"b0ec4c70-972f-4504-b266-647e9e2c5d66"}},{"id":"c246674e-742b-4d70-8f7b-6e6e25415c63","eClass":"sysml:FeatureMembership","data":{"elementId":"d2845985-3a08-484f-b300-ea8945ed883c","ownedRelatedElement":[{"id":"4c599732-e1b4-4616-a0c1-229ea7df2b60","eClass":"sysml:PartUsage","data":{"declaredName":"mountingElement","elementId":"d90210e2-f527-4c8f-b789-e2ea62bf474b","ownedRelationship":[{"id":"cb22aacc-50b4-4e77-9124-bbc41a578eb5","eClass":"sysml:FeatureTyping","data":{"elementId":"ad01e9d6-0ee8-41c9-a733-f5c14e88358a","type":"7fa317e9-fa04-405b-8f5b-2920adc95e3f","typedFeature":"d90210e2-f527-4c8f-b789-e2ea62bf474b"}}],"isComposite":true}}],"memberElement":"d90210e2-f527-4c8f-b789-e2ea62bf474b"}}]}}],"memberElement":"d8bc7d8b-85e0-4bd1-95a6-c0647f3d02ff"}},{"id":"ff19cf10-90af-451e-aa5e-d59404f818ad","eClass":"sysml:OwningMembership","data":{"elementId":"4c18eab1-381d-4763-8358-ab87f11eaf88","ownedRelatedElement":[{"id":"dbe0d705-7961-4043-97c9-275b5e680b67","eClass":"sysml:PartDefinition","data":{"declaredName":"MountingElement","elementId":"7fa317e9-fa04-405b-8f5b-2920adc95e3f","ownedRelationship":[{"id":"a603de89-3885-4cd7-a906-0a70a8438ee2","eClass":"sysml:OwningMembership","data":{"elementId":"7de68629-2b49-4e09-b0d5-31f580fcce32","ownedRelatedElement":[{"id":"9f465e12-e7a8-4913-897b-d076f1a6ee61","eClass":"sysml:Documentation","data":{"elementId":"7faf76cb-69e7-474d-ab7d-7bb304f1d68f","body":"Fixes the chair lift system to the wall, providing guidance."}}],"memberElement":"7faf76cb-69e7-474d-ab7d-7bb304f1d68f"}}]}}],"memberElement":"7fa317e9-fa04-405b-8f5b-2920adc95e3f"}},{"id":"52ce2e64-f521-4197-bc38-eb4cf5fe5c21","eClass":"sysml:OwningMembership","data":{"elementId":"f76545e1-ae25-4898-ab5c-09e249047420","ownedRelatedElement":[{"id":"15c653cb-5b45-424b-bee1-a9cf16aa2b4a","eClass":"sysml:PartDefinition","data":{"declaredName":"Sensor","elementId":"713542f9-5b0d-4480-bda8-b78538441280","ownedRelationship":[{"id":"50504a86-c003-4e6b-9e5d-73e0b799364b","eClass":"sysml:OwningMembership","data":{"elementId":"23dda23e-8236-4822-8ca7-50296b1e016a","ownedRelatedElement":[{"id":"8c52bd28-b78d-4398-9c6e-f30156683fb2","eClass":"sysml:Documentation","data":{"elementId":"804c32b8-992f-4aa1-bc6d-d4a98d57427a","body":"Detect the position of the chair and obstacles on the way"}}],"memberElement":"804c32b8-992f-4aa1-bc6d-d4a98d57427a"}}]}}],"memberElement":"713542f9-5b0d-4480-bda8-b78538441280"}},{"id":"c7d0cf43-2f6c-4c4c-8830-2340a568694a","eClass":"sysml:OwningMembership","data":{"elementId":"5c424f4c-0b21-49c8-9238-7c89eb7c02a2","ownedRelatedElement":[{"id":"ad8c6a4a-f62f-4d78-b0a4-34564fcea6ba","eClass":"sysml:PartDefinition","data":{"declaredName":"Controllor","elementId":"87726471-c4ec-4dd8-984d-355e33b9e280","ownedRelationship":[{"id":"25622c1d-1282-472c-9940-e566d48f0d6e","eClass":"sysml:OwningMembership","data":{"elementId":"2a230a51-095e-48b7-b5d0-ab5eb78687f1","ownedRelatedElement":[{"id":"a95723b3-3688-42c3-a391-770621eadfe4","eClass":"sysml:Documentation","data":{"elementId":"f504c3ef-23dc-4e99-83f4-ab9e453e0816","body":"Use sensors to stop the chair in case of emergencies"}}],"memberElement":"f504c3ef-23dc-4e99-83f4-ab9e453e0816"}},{"id":"b20d1cc3-4da6-4191-8364-d798909965ac","eClass":"sysml:FeatureMembership","data":{"elementId":"b5a152d5-6d0b-4e2c-ad0c-29571557d3b0","ownedRelatedElement":[{"id":"34af19f0-ecd2-441f-bcab-b16ce227dd38","eClass":"sysml:PortUsage","data":{"declaredName":"safetyInput","elementId":"5503accb-a305-4fb4-a408-854e2346aa37","ownedRelationship":[{"id":"4c20b33f-ab38-460d-97c3-42cb165a8e87","eClass":"sysml:FeatureTyping","data":{"elementId":"8237997c-93f4-4d03-8dfb-bd91d62601ba","type":"08e21c79-7113-4006-810a-ba49ac020d58","typedFeature":"5503accb-a305-4fb4-a408-854e2346aa37"}}],"isComposite":true}}],"memberElement":"5503accb-a305-4fb4-a408-854e2346aa37"}},{"id":"feb24f4f-bcd6-4872-a888-a6dda9df51f7","eClass":"sysml:FeatureMembership","data":{"elementId":"60619345-5a66-4d2f-bbbf-aab7af37414c","ownedRelatedElement":[{"id":"ad868ef7-55af-470f-879f-9b5e5ac61bc8","eClass":"sysml:PortUsage","data":{"declaredName":"safetyOutput","elementId":"cb78f5a9-9f4b-42d6-8e47-1edd93ccf9e0","ownedRelationship":[{"id":"191f2dd1-869f-4f3f-9731-1e2bca8ca2ba","eClass":"sysml:FeatureTyping","data":{"elementId":"d3a70c34-fd1d-4679-9269-4aa82d63aa1d","type":"08e21c79-7113-4006-810a-ba49ac020d58","typedFeature":"cb78f5a9-9f4b-42d6-8e47-1edd93ccf9e0"}}],"isComposite":true}}],"memberElement":"cb78f5a9-9f4b-42d6-8e47-1edd93ccf9e0"}}]}}],"memberElement":"87726471-c4ec-4dd8-984d-355e33b9e280"}},{"id":"f3ccb2a6-a391-4c1a-8e01-b78728ce92a7","eClass":"sysml:OwningMembership","data":{"elementId":"d00a7497-d170-4908-96b1-5f4b3069c11e","ownedRelatedElement":[{"id":"9e3b649d-29b3-436e-9ea1-81bca885d38d","eClass":"sysml:PortDefinition","data":{"declaredName":"ControlCommandsPort","elementId":"8d29e8a3-414c-4aed-8a2d-b13f82182585","ownedRelationship":[{"id":"7a0d7b6d-a0e8-4c3b-aadb-9aa8404a064d","eClass":"sysml:FeatureMembership","data":{"elementId":"79ce3b12-47c8-47e2-a7f5-9e113a841433","ownedRelatedElement":[{"id":"89bce393-0abb-42b3-bc3c-2b1ad2642122","eClass":"sysml:ReferenceUsage","data":{"declaredName":"moveCommand","elementId":"4ac30a21-55d8-41fc-b146-ffedce76c408","ownedRelationship":[{"id":"605b1999-9fdd-4d2f-93d5-f857ecf821f5","eClass":"sysml:FeatureTyping","data":{"elementId":"02a503dc-9d54-459d-bdc1-c9ae26ba086a","type":"463a9706-9092-46fc-8d7e-7c0640545ecb","typedFeature":"4ac30a21-55d8-41fc-b146-ffedce76c408"}}],"isComposite":true}}],"memberElement":"4ac30a21-55d8-41fc-b146-ffedce76c408"}}]}}],"memberElement":"8d29e8a3-414c-4aed-8a2d-b13f82182585"}},{"id":"adf132f9-faa9-4955-98cf-ba1c3f880df8","eClass":"sysml:OwningMembership","data":{"elementId":"e2a268b3-bbe2-49f6-a641-649baa92e696","ownedRelatedElement":[{"id":"42c731ae-e001-426f-bacc-c13b06877351","eClass":"sysml:PortDefinition","data":{"declaredName":"PowerPort","elementId":"37a0ea8c-2628-4392-ac16-0c0698f0f335","ownedRelationship":[{"id":"0ad68bcc-3a78-41b2-be45-613c3b743955","eClass":"sysml:FeatureMembership","data":{"elementId":"cc6a9b1f-b42b-4e67-bf88-73cc94a47e47","ownedRelatedElement":[{"id":"a46d1fe3-c73d-460e-ac47-554a8cc10a0f","eClass":"sysml:ReferenceUsage","data":{"declaredName":"powerSupply","elementId":"f4da348d-4f6f-41cf-9002-16f93690f32c","ownedRelationship":[{"id":"28519a0c-43a0-41c4-97bc-def1a6784361","eClass":"sysml:FeatureTyping","data":{"elementId":"f7d62d72-8866-477d-8228-0a9f6496b5eb","type":"sysml:DataType kermllibrary:///b2c6dd37-2084-3ce4-9ce2-580fdf30629c#14c0aa22-5489-59b5-b438-ded26e83ba31","typedFeature":"f4da348d-4f6f-41cf-9002-16f93690f32c"}}],"isComposite":true}}],"memberElement":"f4da348d-4f6f-41cf-9002-16f93690f32c"}}]}}],"memberElement":"37a0ea8c-2628-4392-ac16-0c0698f0f335"}},{"id":"f8887e49-201e-4936-931c-7d582b7e9d1b","eClass":"sysml:OwningMembership","data":{"elementId":"9633a50b-f51f-4527-9f35-0b8512fe5241","ownedRelatedElement":[{"id":"abec92c8-9dc4-417f-9a72-c03f68619ec3","eClass":"sysml:PortDefinition","data":{"declaredName":"MovementControlPort","elementId":"67c8a248-14bf-481f-9a1f-9d6fe7b6bc41","ownedRelationship":[{"id":"3dc85eaa-223b-4af2-b19a-c2990b0bea7a","eClass":"sysml:FeatureMembership","data":{"elementId":"1847a2a4-d7f5-4e65-8274-2f4a892d018a","ownedRelatedElement":[{"id":"726ab8fb-cae0-4e5a-a524-0549ef62f54c","eClass":"sysml:ReferenceUsage","data":{"declaredName":"command","elementId":"ed91a246-deac-432e-9d15-a0f669a3ec1b","ownedRelationship":[{"id":"4e75b726-09b0-4bfc-924a-75843ce3f0b6","eClass":"sysml:FeatureTyping","data":{"elementId":"10b26adf-5e55-4c4e-877e-e29740a81cab","type":"463a9706-9092-46fc-8d7e-7c0640545ecb","typedFeature":"ed91a246-deac-432e-9d15-a0f669a3ec1b"}}],"isComposite":true}}],"memberElement":"ed91a246-deac-432e-9d15-a0f669a3ec1b"}}]}}],"memberElement":"67c8a248-14bf-481f-9a1f-9d6fe7b6bc41"}},{"id":"6b9f284d-3c17-4d2b-82d9-2dea49f3afd8","eClass":"sysml:OwningMembership","data":{"elementId":"bb01712a-d1c2-4500-ab5b-6e8acabbe2a7","ownedRelatedElement":[{"id":"68cbbafa-4d8a-46c6-98b7-5ad15724e89c","eClass":"sysml:PortDefinition","data":{"declaredName":"SafetyPort","elementId":"08e21c79-7113-4006-810a-ba49ac020d58","ownedRelationship":[{"id":"8a683509-010b-4160-be59-4331fb39bb29","eClass":"sysml:FeatureMembership","data":{"elementId":"adf4a594-081f-459b-83a6-c2755ac0d4f1","ownedRelatedElement":[{"id":"d02f21fd-a5bf-4c45-aeae-f504baa7f78c","eClass":"sysml:ReferenceUsage","data":{"declaredName":"isEmergency","elementId":"b11f2af4-f040-4579-9cdf-e2443705e660","ownedRelationship":[{"id":"83baf20a-1e11-439c-8ca9-94aaec2e5013","eClass":"sysml:FeatureTyping","data":{"elementId":"f51cb9d8-3d61-4b5c-8985-0333a6ca0181","type":"sysml:DataType kermllibrary:///b2c6dd37-2084-3ce4-9ce2-580fdf30629c#d1e9242d-b2e3-5270-bf69-4f4fb0447193","typedFeature":"b11f2af4-f040-4579-9cdf-e2443705e660"}}],"isComposite":true}}],"memberElement":"b11f2af4-f040-4579-9cdf-e2443705e660"}},{"id":"76f39bc3-54e8-4054-96b1-ab9569a6e57d","eClass":"sysml:FeatureMembership","data":{"elementId":"9a99ea0c-1b25-4169-9c2e-f78f4971dc40","ownedRelatedElement":[{"id":"3800608b-9087-4f58-8db0-ee4a27260999","eClass":"sysml:ReferenceUsage","data":{"declaredName":"stopSignal","elementId":"8401dbc5-d494-43c0-8456-8d2ad0a3ebdd","ownedRelationship":[{"id":"02b9c7ec-e679-4099-8fdd-7c0a103bad69","eClass":"sysml:FeatureTyping","data":{"elementId":"40cdc2e5-8c4e-47dd-b934-00c7fa016faf","type":"sysml:DataType kermllibrary:///b2c6dd37-2084-3ce4-9ce2-580fdf30629c#d1e9242d-b2e3-5270-bf69-4f4fb0447193","typedFeature":"8401dbc5-d494-43c0-8456-8d2ad0a3ebdd"}}],"isComposite":true}}],"memberElement":"8401dbc5-d494-43c0-8456-8d2ad0a3ebdd"}}]}}],"memberElement":"08e21c79-7113-4006-810a-ba49ac020d58"}},{"id":"015d88e4-de0d-45e1-b13d-3e70301e15f8","eClass":"sysml:OwningMembership","data":{"elementId":"1aac82cd-1ace-411e-aedd-490a50a339c4","ownedRelatedElement":[{"id":"f21d656e-d9c6-4d63-90ab-36940d2da1cf","eClass":"sysml:ItemDefinition","data":{"declaredName":"MoveCommand","elementId":"463a9706-9092-46fc-8d7e-7c0640545ecb","ownedRelationship":[{"id":"d4ce9ca3-ce3c-42f5-8bb3-4c2875247c61","eClass":"sysml:OwningMembership","data":{"elementId":"6d2e62b3-2833-4973-b648-7efbf1b8723e","ownedRelatedElement":[{"id":"dbaa37bb-e507-4cff-8134-239faa487d98","eClass":"sysml:Documentation","data":{"elementId":"29622be5-9a5a-4373-8891-3068f469e041","body":"Command to initiate the chairs movement"}}],"memberElement":"29622be5-9a5a-4373-8891-3068f469e041"}},{"id":"859c982e-a8bf-4d0f-a574-bbf6486277ef","eClass":"sysml:FeatureMembership","data":{"elementId":"faeba02d-1d8f-4e07-b7d8-be4c96b8fe62","ownedRelatedElement":[{"id":"ed38cbd4-d9f6-4159-ac95-83e466e08b49","eClass":"sysml:AttributeUsage","data":{"declaredName":"direction","elementId":"8fa2037b-59de-4c27-a523-248c305bdb93","isComposite":true}}],"memberElement":"8fa2037b-59de-4c27-a523-248c305bdb93"}}]}}],"memberElement":"463a9706-9092-46fc-8d7e-7c0640545ecb"}}]}}],"memberElement":"25edcf30-136d-4191-b8ec-5f7e87f37360"}},{"id":"765889aa-1d8f-4a47-9565-78189a9b87fd","eClass":"sysml:OwningMembership","data":{"elementId":"7b4eb601-43c2-4991-96af-8561b315a66f","ownedRelatedElement":[{"id":"bb1c1bc6-262f-4898-868c-e87213beedd8","eClass":"sysml:Package","data":{"declaredName":"ChairSystemConfiguration","elementId":"0ed28645-ff95-44c4-be0e-f5238f900107","ownedRelationship":[{"id":"d3deebcf-9dec-4d69-9af2-d15362c55a54","eClass":"sysml:NamespaceImport","data":{"elementId":"f4b2f475-afda-42ae-b1fb-a06af04a9307","importedNamespace":"sysml:Namespace syson-import:qualifiedName#'ChairComponents'"}},{"id":"3ec62c64-069e-4574-a792-c6663c42bc77","eClass":"sysml:OwningMembership","data":{"elementId":"eb7914a4-3943-45a1-b06d-e5052296ad69","ownedRelatedElement":[{"id":"5df97c75-07b2-48cd-9488-21cfa4f4e3e9","eClass":"sysml:PartUsage","data":{"declaredName":"chairLiftSystem","elementId":"6ca3fdaf-9d4c-46a6-bf68-b8b87a634b7a","ownedRelationship":[{"id":"9145ec0f-a18b-4462-a7d5-5324bb9b15b5","eClass":"sysml:FeatureMembership","data":{"elementId":"00724847-3b7b-465d-925e-a2ec06f24b99","ownedRelatedElement":[{"id":"da8f2039-d9c4-4de0-8cd6-0f0701cf956e","eClass":"sysml:PartUsage","data":{"declaredName":"chair","elementId":"d9e79d61-0f97-42ac-bd93-9ca7345c4c5d","ownedRelationship":[{"id":"212c6259-26d9-4891-937d-ef68cb28dfa4","eClass":"sysml:FeatureTyping","data":{"elementId":"cb62c3be-a6d7-49c2-845e-a414d7318ca9","type":"sysml:Type syson-import:qualifiedName#Chair","typedFeature":"d9e79d61-0f97-42ac-bd93-9ca7345c4c5d"}}],"isComposite":true}}],"memberElement":"d9e79d61-0f97-42ac-bd93-9ca7345c4c5d"}},{"id":"315eb53a-5f4a-4854-bef7-0df14bafea22","eClass":"sysml:FeatureMembership","data":{"elementId":"31f7305f-7c50-4761-a6be-8df0f0f9b675","ownedRelatedElement":[{"id":"87563f13-56f8-44fb-a8da-47911f7a86c0","eClass":"sysml:PartUsage","data":{"declaredName":"rail","elementId":"f221ef7b-206d-4584-bef8-10e6f2f33955","ownedRelationship":[{"id":"6dc38242-8767-4fd7-831e-5c367d30a8b8","eClass":"sysml:FeatureTyping","data":{"elementId":"044d87cf-ded8-4a0c-90d8-21bbade49e1f","type":"sysml:Type syson-import:qualifiedName#Rail","typedFeature":"f221ef7b-206d-4584-bef8-10e6f2f33955"}}],"isComposite":true}}],"memberElement":"f221ef7b-206d-4584-bef8-10e6f2f33955"}},{"id":"225b8a86-0de1-4ebb-88c3-afafe078cc6e","eClass":"sysml:FeatureMembership","data":{"elementId":"be747de2-0f3f-4001-965c-3bd2eeee92b9","ownedRelatedElement":[{"id":"a3fe683f-8535-4500-b21b-e2a710b4d716","eClass":"sysml:PartUsage","data":{"declaredName":"motor","elementId":"f97cbfa9-1792-428a-b894-86985d4fd730","ownedRelationship":[{"id":"5a1a6d9c-c707-4f59-9940-36e5450a38a7","eClass":"sysml:FeatureTyping","data":{"elementId":"9c87f38a-7767-493b-a038-c385d64ebe83","type":"sysml:Type syson-import:qualifiedName#Motor","typedFeature":"f97cbfa9-1792-428a-b894-86985d4fd730"}}],"isComposite":true}}],"memberElement":"f97cbfa9-1792-428a-b894-86985d4fd730"}},{"id":"af6781fd-6756-4350-970f-2cecb91db8b6","eClass":"sysml:FeatureMembership","data":{"elementId":"d2977fce-b20c-4edb-8bca-21d976ee68ac","ownedRelatedElement":[{"id":"6c3586ab-9a28-4e94-ae5e-020017d47ede","eClass":"sysml:PartUsage","data":{"declaredName":"energySource","elementId":"63954b0d-21ac-4ef0-854d-95595e98b573","ownedRelationship":[{"id":"97d07fbe-9a08-483b-8c32-421857c31b94","eClass":"sysml:FeatureTyping","data":{"elementId":"fc88ccd4-c702-4af0-87be-b3baf466864f","type":"sysml:Type syson-import:qualifiedName#EnergySource","typedFeature":"63954b0d-21ac-4ef0-854d-95595e98b573"}}],"isComposite":true}}],"memberElement":"63954b0d-21ac-4ef0-854d-95595e98b573"}},{"id":"d459225d-7c6d-49b0-80e6-eb1383f32d04","eClass":"sysml:FeatureMembership","data":{"elementId":"a5997ef5-b146-4f1c-8575-638417a76783","ownedRelatedElement":[{"id":"b5ee2811-4565-44b1-a247-bc9c1dddc1b7","eClass":"sysml:FlowConnectionUsage","data":{"declaredName":"PowerSupplyFlow","elementId":"d3e98ed6-b939-40b1-9b35-c2a282262678","isComposite":true}}],"memberElement":"d3e98ed6-b939-40b1-9b35-c2a282262678"}},{"id":"c264d5af-4d8a-485f-9746-e7834a5b0951","eClass":"sysml:FeatureMembership","data":{"elementId":"afe732a0-8599-4702-8fd9-bf0ab5f96b11","ownedRelatedElement":[{"id":"a0898fef-6a52-44e3-a954-fbe7ee727b89","eClass":"sysml:FlowConnectionUsage","data":{"declaredName":"MovementControlFlow","elementId":"14f61519-b32b-473d-b114-ea774e94e2f1","isComposite":true}}],"memberElement":"14f61519-b32b-473d-b114-ea774e94e2f1"}},{"id":"78650a2a-9f9f-4b98-889f-e263529ba5c0","eClass":"sysml:FeatureMembership","data":{"elementId":"7363eb30-960c-46e2-8b3f-e0dd8af0dbe5","ownedRelatedElement":[{"id":"cc52df76-2074-4ea2-9a3a-60829115b3d5","eClass":"sysml:InterfaceUsage","data":{"declaredName":"chairToRail","elementId":"9c656baa-9a49-41cf-9976-bbfee366f9ed","ownedRelationship":[{"id":"d1bc8b31-2072-4de8-8f50-ce72f12a3c9e","eClass":"sysml:OwningMembership","data":{"elementId":"93a19d42-4461-4f5f-8307-ebddb02eee21","ownedRelatedElement":[{"id":"c3983752-6fd5-4f5c-b2a5-b91fe26dadb0","eClass":"sysml:Documentation","data":{"elementId":"0cce3527-2f9c-47ea-92df-4028b6fc302d","body":"Chair is permanently attached to the rail for movement guidance."}}],"memberElement":"0cce3527-2f9c-47ea-92df-4028b6fc302d"}}],"isComposite":true}}],"memberElement":"9c656baa-9a49-41cf-9976-bbfee366f9ed"}}],"isComposite":true}}],"memberElement":"6ca3fdaf-9d4c-46a6-bf68-b8b87a634b7a"}},{"id":"cc15b04e-4b39-4adf-9dc2-556274c87f33","eClass":"sysml:OwningMembership","data":{"elementId":"ecb5da7e-24f1-4e59-a10d-5fd142d50c96","ownedRelatedElement":[{"id":"b1b723ef-f16a-4491-b580-050503ff7dd8","eClass":"sysml:PartDefinition","data":{"declaredName":"ChairProduct","elementId":"dcc52aca-3901-4d82-ad8f-247171d6d41b","ownedRelationship":[{"id":"7dfbc57d-c564-4e1b-b9e2-c4d495ff204a","eClass":"sysml:OwningMembership","data":{"elementId":"cad8d3cd-a443-48f0-b2db-e63fa5c8e3cb","ownedRelatedElement":[{"id":"b5d75d8c-66fb-4bd8-a1ed-12c06621a407","eClass":"sysml:Documentation","data":{"elementId":"40a6146b-45ff-4038-8623-70b41212b9fc","body":"This is an example of components which could be use"}}],"memberElement":"40a6146b-45ff-4038-8623-70b41212b9fc"}},{"id":"449caf0c-da7b-4b2c-9006-39be0e5d05d7","eClass":"sysml:FeatureMembership","data":{"elementId":"ca9b5af9-b6fb-4ac7-a281-c8874a36b816","ownedRelatedElement":[{"id":"72b399fb-96f3-445d-8dcb-cb7510608d36","eClass":"sysml:PartUsage","data":{"declaredName":"ControlPanelStannah","elementId":"16d9a8a3-7ee2-490c-86f9-cd56f5048b6b","ownedRelationship":[{"id":"b08e5587-ceb1-4e3f-9c07-2cff8d298f48","eClass":"sysml:OwningMembership","data":{"elementId":"dc352472-cd45-4c32-bf86-ccd7ff31896f","ownedRelatedElement":[{"id":"aacca718-cbc5-40e4-ae30-fa6f6633da11","eClass":"sysml:Documentation","data":{"elementId":"d5d1493a-ad93-439d-84f2-a57b4f4ab89d","body":"Stannah control panel with commands to lift up, lower down, and stop the chair"}}],"memberElement":"d5d1493a-ad93-439d-84f2-a57b4f4ab89d"}},{"id":"2f840963-e4cb-44ff-b9fe-4388698a3bd3","eClass":"sysml:FeatureMembership","data":{"elementId":"a2b571ba-65a4-4718-922a-59dea9a7ccb9","ownedRelatedElement":[{"id":"6376311a-1fb7-4e6d-99d7-f8a85ea573b2","eClass":"sysml:PortUsage","data":{"declaredName":"controlSignalOutput","elementId":"e7b18c66-eea0-4d72-b16b-ea3a730a8c6e","isComposite":true}}],"memberElement":"e7b18c66-eea0-4d72-b16b-ea3a730a8c6e"}}],"isComposite":true}}],"memberElement":"16d9a8a3-7ee2-490c-86f9-cd56f5048b6b"}},{"id":"f8969312-9e6b-43ea-a5d5-16aa440a068d","eClass":"sysml:OwningMembership","data":{"elementId":"bc416256-4b5c-418c-98ee-982d8baad825","ownedRelatedElement":[{"id":"70cf4a20-22a2-47ba-a60c-ded7e60e331b","eClass":"sysml:PortDefinition","data":{"declaredName":"ControlSignalPort","elementId":"ac35e16f-d8e4-4164-8335-59b2418193c7","ownedRelationship":[{"id":"47b6a8fb-3ee8-41ef-b7d1-94aebbaf338e","eClass":"sysml:FeatureMembership","data":{"elementId":"a192ce02-3d2d-4958-baac-3390c4a3e285","ownedRelatedElement":[{"id":"5add7368-9910-4436-ab9a-b9e02db51842","eClass":"sysml:AttributeUsage","data":{"declaredName":"controlSignal","elementId":"2d34f0d4-d827-4147-92fd-949897fda59f","isComposite":true}}],"memberElement":"2d34f0d4-d827-4147-92fd-949897fda59f"}}]}}],"memberElement":"ac35e16f-d8e4-4164-8335-59b2418193c7"}},{"id":"70d76c42-e326-4dfe-8cd4-3322bd964795","eClass":"sysml:FeatureMembership","data":{"elementId":"0d62ac29-77cd-40d5-99b9-d1e8404278fe","ownedRelatedElement":[{"id":"197962f5-7ede-4ac4-92e2-aa7af90b1312","eClass":"sysml:PartUsage","data":{"declaredName":"MotorLinakLA31","elementId":"a589518d-7105-4133-81ac-65d03a20e946","ownedRelationship":[{"id":"99da4dc1-1d0c-4f77-b0d9-e5a63ca027eb","eClass":"sysml:OwningMembership","data":{"elementId":"2561a71c-8e9e-4164-9904-2fc64af4759d","ownedRelatedElement":[{"id":"40160dfa-fa89-4f95-8e76-e46e581c0eb2","eClass":"sysml:Documentation","data":{"elementId":"587abb94-1478-4d36-af32-dd0f23b0f2cd","body":"Linak LA31 motor used for lifting the chair"}}],"memberElement":"587abb94-1478-4d36-af32-dd0f23b0f2cd"}},{"id":"e39ce192-6a2a-4b95-b5e3-d8a43dc61973","eClass":"sysml:FeatureMembership","data":{"elementId":"d82afb28-e83a-4885-ab23-e0946e1c2f8a","ownedRelatedElement":[{"id":"367a3e01-d2e6-404c-8be0-8d7f79979ce6","eClass":"sysml:PortUsage","data":{"declaredName":"controlInput","elementId":"673e8ca7-9bb8-4375-881d-7c85c482da95","ownedRelationship":[{"id":"ae7ff8e2-7fd6-4506-af35-be847c7d62b2","eClass":"sysml:ConjugatedPortTyping","data":{"elementId":"3d980fa0-19b3-48bc-87cf-81cff5d17a74","typedFeature":"673e8ca7-9bb8-4375-881d-7c85c482da95"}}],"isComposite":true}}],"memberElement":"673e8ca7-9bb8-4375-881d-7c85c482da95"}},{"id":"297e4875-2945-4a4a-94bf-08efa726d61e","eClass":"sysml:FeatureMembership","data":{"elementId":"e770fbda-76af-4fe4-a2b4-71c2cec70808","ownedRelatedElement":[{"id":"ec87c509-1067-4725-b212-7feaab00302b","eClass":"sysml:PortUsage","data":{"declaredName":"powerInput","elementId":"6eb2622f-0ca7-4121-a381-7c1a9ceb143b","ownedRelationship":[{"id":"622cb021-70f6-47f5-9f6f-b06a79903352","eClass":"sysml:FeatureTyping","data":{"elementId":"1183f716-7762-42dd-8e56-adc2d5f242b8","type":"8917fef3-5848-4973-9e44-d44a63c22aa7","typedFeature":"6eb2622f-0ca7-4121-a381-7c1a9ceb143b"}}],"isComposite":true}}],"memberElement":"6eb2622f-0ca7-4121-a381-7c1a9ceb143b"}}],"isComposite":true}}],"memberElement":"a589518d-7105-4133-81ac-65d03a20e946"}},{"id":"db4c578e-31f1-4e44-95f5-16e6b3c1fa30","eClass":"sysml:OwningMembership","data":{"elementId":"864514a3-04cd-42b4-bad4-547766963886","ownedRelatedElement":[{"id":"26cc18d1-5f35-4c2e-a881-f2fe440f9131","eClass":"sysml:PortDefinition","data":{"declaredName":"PowerPort","elementId":"8917fef3-5848-4973-9e44-d44a63c22aa7","ownedRelationship":[{"id":"cafad276-f7ac-43f2-9afc-68f395c761a3","eClass":"sysml:FeatureMembership","data":{"elementId":"060448a4-5343-41e9-9d05-2001bc2348d2","ownedRelatedElement":[{"id":"0383f115-b0cd-4412-a229-5c2bfb067c66","eClass":"sysml:AttributeUsage","data":{"declaredName":"powerCapacity","elementId":"ffb4365f-eac5-41b4-81e3-0ee4734b533b","ownedRelationship":[{"id":"98e6bde4-50a5-4f43-a5e5-cdf3da67a925","eClass":"sysml:FeatureTyping","data":{"elementId":"25d821dd-5a36-4385-b4c3-feb6b5c12f63","type":"sysml:DataType kermllibrary:///b2c6dd37-2084-3ce4-9ce2-580fdf30629c#14c0aa22-5489-59b5-b438-ded26e83ba31","typedFeature":"ffb4365f-eac5-41b4-81e3-0ee4734b533b"}}],"isComposite":true}}],"memberElement":"ffb4365f-eac5-41b4-81e3-0ee4734b533b"}}]}}],"memberElement":"8917fef3-5848-4973-9e44-d44a63c22aa7"}},{"id":"2137c007-1d40-474c-8cd0-6bb636516863","eClass":"sysml:FeatureMembership","data":{"elementId":"3d1001af-4012-40d8-892e-0f7da422fe0f","ownedRelatedElement":[{"id":"2f77cde9-b134-4e2d-b55f-5cd8a630363b","eClass":"sysml:PartUsage","data":{"declaredName":"PowerSupplyMeanWellHLG150","elementId":"7b370235-68d9-49a0-8125-bb4031c1b1c8","ownedRelationship":[{"id":"679b3f26-bb0e-4cfb-bba1-20c5549d2a55","eClass":"sysml:OwningMembership","data":{"elementId":"151e9c4a-276a-4bd3-8251-3cc31f568795","ownedRelatedElement":[{"id":"8b2724a2-b18e-496a-8293-2d6e43006961","eClass":"sysml:Documentation","data":{"elementId":"c8ff9945-abf6-42b6-852b-a6a0ac4d4fdc","body":"Mean Well HLG-150H-24A power supply providing power to the motor"}}],"memberElement":"c8ff9945-abf6-42b6-852b-a6a0ac4d4fdc"}},{"id":"c413b1d3-54e3-44ca-8c09-d36c60aa0b73","eClass":"sysml:FeatureMembership","data":{"elementId":"feff3e40-4824-4c80-8d85-053db646f3b1","ownedRelatedElement":[{"id":"c96b64ee-df05-4815-bc1a-119c52573e4d","eClass":"sysml:PortUsage","data":{"declaredName":"powerOutput","elementId":"1aefc86e-d9c4-4b78-8372-1b483f228a0a","ownedRelationship":[{"id":"1e293d82-5e94-451a-bb69-43a73abc4487","eClass":"sysml:ConjugatedPortTyping","data":{"elementId":"1ad4ae76-1a6e-4f75-9ae3-26b98972a0e8","typedFeature":"1aefc86e-d9c4-4b78-8372-1b483f228a0a"}}],"isComposite":true}}],"memberElement":"1aefc86e-d9c4-4b78-8372-1b483f228a0a"}},{"id":"1e2c517a-2420-4b41-8154-a826988e3bc2","eClass":"sysml:FeatureMembership","data":{"elementId":"2a325bbf-3938-4ad4-9514-0d878b4cd711","ownedRelatedElement":[{"id":"61003723-a80c-4dbe-b052-22591fdbdd0a","eClass":"sysml:AttributeUsage","data":{"declaredName":"outputVoltage","elementId":"048c4264-7eb7-44e3-9a31-493e151c25a5","ownedRelationship":[{"id":"fea69c55-8207-4c85-8bd7-f264d7ba013c","eClass":"sysml:FeatureTyping","data":{"elementId":"dffcd1d3-9e01-43af-8c6b-8c2bbf693c65","type":"sysml:DataType kermllibrary:///b2c6dd37-2084-3ce4-9ce2-580fdf30629c#14c0aa22-5489-59b5-b438-ded26e83ba31","typedFeature":"048c4264-7eb7-44e3-9a31-493e151c25a5"}},{"id":"85c7bed0-fd2c-4cce-ab93-a4d8a326f40b","eClass":"sysml:FeatureValue","data":{"elementId":"11004a19-83fe-4129-ac95-ad51128c4a78","ownedRelatedElement":[{"id":"f85bd197-b40e-4dd7-9542-6bb5dd8e9a43","eClass":"sysml:LiteralInteger","data":{"elementId":"0a024e1e-f581-4c90-87b1-2095e4efd1f8","value":24}}],"memberElement":"0a024e1e-f581-4c90-87b1-2095e4efd1f8"}}],"isComposite":true}}],"memberElement":"048c4264-7eb7-44e3-9a31-493e151c25a5"}},{"id":"9e6c7bd2-f3f8-4bb4-8d6c-02cf1f251715","eClass":"sysml:FeatureMembership","data":{"elementId":"5fb17794-f607-4dc6-a4b7-759925f7b9ef","ownedRelatedElement":[{"id":"d4aa42ab-9dd0-47f1-a868-29d29d609f7f","eClass":"sysml:AttributeUsage","data":{"declaredName":"outputPower","elementId":"19f6d9dd-1111-485c-ab53-1bc2c6568210","ownedRelationship":[{"id":"00b2914b-d9b0-4a26-892c-d4adfaca8e7f","eClass":"sysml:FeatureTyping","data":{"elementId":"439aa71a-8502-43aa-a43b-82c977556652","type":"sysml:DataType kermllibrary:///b2c6dd37-2084-3ce4-9ce2-580fdf30629c#14c0aa22-5489-59b5-b438-ded26e83ba31","typedFeature":"19f6d9dd-1111-485c-ab53-1bc2c6568210"}},{"id":"60699e92-76f9-4837-bfc3-770b37f7d6b9","eClass":"sysml:FeatureValue","data":{"elementId":"708e7bba-91ae-41a6-ab9a-d6515d9cc4c1","ownedRelatedElement":[{"id":"88c057d9-5336-47a5-86e8-592dd56c5739","eClass":"sysml:LiteralInteger","data":{"elementId":"f5b30426-1ab3-490e-aeaf-33248ded073b","value":150}}],"memberElement":"f5b30426-1ab3-490e-aeaf-33248ded073b"}}],"isComposite":true}}],"memberElement":"19f6d9dd-1111-485c-ab53-1bc2c6568210"}}],"isComposite":true}}],"memberElement":"7b370235-68d9-49a0-8125-bb4031c1b1c8"}},{"id":"e4b917eb-2168-42dd-9781-3d62192aad6d","eClass":"sysml:FeatureMembership","data":{"elementId":"6b39a9c1-8060-404a-b960-31251c397e9a","ownedRelatedElement":[{"id":"c1462ec3-a245-4e93-a236-e28bc883b97d","eClass":"sysml:PartUsage","data":{"declaredName":"BannerEnginneringQS18Series","elementId":"2c9df1e2-8b48-464a-9be2-13c4ffb111d9","ownedRelationship":[{"id":"c7505d63-89ef-439b-b796-98420560d120","eClass":"sysml:OwningMembership","data":{"elementId":"186c3410-cd86-4e1a-8ba3-982b38a87726","ownedRelatedElement":[{"id":"069247b9-d2bd-4d73-a896-0fdb8e383517","eClass":"sysml:Documentation","data":{"elementId":"e98fd29a-7de5-4b98-956e-539303066666","body":"Banner Engineering QS18 Series allow a good detection of the position of the chair\n                    and also avoid problems in case of emergencies"}}],"memberElement":"e98fd29a-7de5-4b98-956e-539303066666"}},{"id":"6ab41add-ce2d-495a-95da-49a92fdaf36b","eClass":"sysml:FeatureMembership","data":{"elementId":"5cf564ac-46bd-4539-a0de-3ea3cfe22874","ownedRelatedElement":[{"id":"328f25f2-a645-424a-93f0-9017e9922c7f","eClass":"sysml:AttributeUsage","data":{"declaredName":"inputvoltage","elementId":"20b15583-948f-4bed-8be3-5caf353e29a8","ownedRelationship":[{"id":"5f5596b1-c653-45a4-9ae7-4242c20d7b3b","eClass":"sysml:FeatureTyping","data":{"elementId":"478617e4-18c3-4c5c-89d7-b7a841a1a1c5","type":"sysml:DataType kermllibrary:///b2c6dd37-2084-3ce4-9ce2-580fdf30629c#14c0aa22-5489-59b5-b438-ded26e83ba31","typedFeature":"20b15583-948f-4bed-8be3-5caf353e29a8"}},{"id":"17b3c3c6-9837-46eb-8dd3-ecb27202f27b","eClass":"sysml:FeatureValue","data":{"elementId":"036440a2-8d1b-4400-ace5-343b1d0b56d8","ownedRelatedElement":[{"id":"9c7eaaa1-8e6c-4145-86de-020a3e8690fa","eClass":"sysml:LiteralInteger","data":{"elementId":"e81a6a62-fe37-4728-92c2-589dbc128dc3","value":24}}],"memberElement":"e81a6a62-fe37-4728-92c2-589dbc128dc3"}}],"isComposite":true}}],"memberElement":"20b15583-948f-4bed-8be3-5caf353e29a8"}}],"isComposite":true}}],"memberElement":"2c9df1e2-8b48-464a-9be2-13c4ffb111d9"}},{"id":"ceb46291-4e7e-4049-85c6-93fb0fbfa44d","eClass":"sysml:FeatureMembership","data":{"elementId":"03ddab4e-a268-4e43-ac9b-184e0a1d2e07","ownedRelatedElement":[{"id":"4d365092-b866-4d3b-ba12-2f2233ed1867","eClass":"sysml:PartUsage","data":{"declaredName":"SiemensSIRIUSSafetyRelays","elementId":"75cc9952-5b56-4f90-9b9b-9d4f735596e0","ownedRelationship":[{"id":"ac664484-453a-4913-b88f-bded940adba5","eClass":"sysml:OwningMembership","data":{"elementId":"75032702-e8a4-4de4-bb1d-5904a8a1acd4","ownedRelatedElement":[{"id":"1a2f7de4-3b73-4ac9-abb2-977cacd75a6f","eClass":"sysml:Documentation","data":{"elementId":"58aca911-3f3e-40c9-bfa3-86860b74d99b","body":"Siemens SIRIUS Safety Relays for emergency stop and safety monitoring"}}],"memberElement":"58aca911-3f3e-40c9-bfa3-86860b74d99b"}},{"id":"93c04c58-3f39-46e6-8753-e7daa0f118d3","eClass":"sysml:FeatureMembership","data":{"elementId":"c03d1500-1213-4471-b6a6-71c5d4088131","ownedRelatedElement":[{"id":"05ee0a0a-d083-485d-b531-93231c1579e5","eClass":"sysml:PortUsage","data":{"declaredName":"safetyInput","elementId":"55facb90-7857-4b21-9cd7-feeea0787fa9","ownedRelationship":[{"id":"58a4e291-1f35-46bd-a558-ac3678b651c3","eClass":"sysml:FeatureTyping","data":{"elementId":"21eeee01-9fe2-45e7-a2bb-2acc0e676e67","type":"be05e502-1636-4b09-8e90-19858b3e6c8b","typedFeature":"55facb90-7857-4b21-9cd7-feeea0787fa9"}}],"isComposite":true}}],"memberElement":"55facb90-7857-4b21-9cd7-feeea0787fa9"}},{"id":"5f7b5a83-4221-41df-8a63-cee5229370bb","eClass":"sysml:FeatureMembership","data":{"elementId":"967caf12-4841-40d6-8912-3eb553b5d8f3","ownedRelatedElement":[{"id":"35e26905-b305-4f95-919a-5331f8e8f5e6","eClass":"sysml:PortUsage","data":{"declaredName":"safetyOutput","elementId":"989f8f79-bca2-4e68-8530-3fd92be76e14","ownedRelationship":[{"id":"cfaf7578-a6dd-488d-a78f-a4ccd6b27ae7","eClass":"sysml:FeatureTyping","data":{"elementId":"06f0ce99-2104-4bf2-bc9c-cc9b13b97745","type":"be05e502-1636-4b09-8e90-19858b3e6c8b","typedFeature":"989f8f79-bca2-4e68-8530-3fd92be76e14"}}],"isComposite":true}}],"memberElement":"989f8f79-bca2-4e68-8530-3fd92be76e14"}}],"isComposite":true}}],"memberElement":"75cc9952-5b56-4f90-9b9b-9d4f735596e0"}},{"id":"2b30719f-edde-4842-88a5-e335c3bc3cc4","eClass":"sysml:OwningMembership","data":{"elementId":"41ce2ed3-9234-4669-b2d4-895ffa25cd33","ownedRelatedElement":[{"id":"973ce331-293e-4cd5-9de1-2474c4a2f15e","eClass":"sysml:PortDefinition","data":{"declaredName":"SafetyPort","elementId":"be05e502-1636-4b09-8e90-19858b3e6c8b","ownedRelationship":[{"id":"b8e9ffc5-bb25-491d-8e2b-e2c2562779ed","eClass":"sysml:FeatureMembership","data":{"elementId":"4238ef1e-a578-4473-8318-ffa32634144f","ownedRelatedElement":[{"id":"db5e1fcd-cca5-413a-a5a9-c5e3b7a925d9","eClass":"sysml:ReferenceUsage","data":{"declaredName":"isEmergency","elementId":"67b362ce-b700-4743-840f-36bf7cbab53b","ownedRelationship":[{"id":"a4689005-d575-4397-a05b-9309c6035aed","eClass":"sysml:FeatureTyping","data":{"elementId":"e3914ddb-feca-4537-a8fe-29a9fda65be3","type":"sysml:DataType kermllibrary:///b2c6dd37-2084-3ce4-9ce2-580fdf30629c#d1e9242d-b2e3-5270-bf69-4f4fb0447193","typedFeature":"67b362ce-b700-4743-840f-36bf7cbab53b"}}],"isComposite":true}}],"memberElement":"67b362ce-b700-4743-840f-36bf7cbab53b"}},{"id":"0854db58-9f45-433a-9cc7-67e2dcd8f5a7","eClass":"sysml:FeatureMembership","data":{"elementId":"c6cc5b60-dac1-44bc-9e9e-ca67a1d08238","ownedRelatedElement":[{"id":"c5f96bcb-b228-4aa4-b2fe-82a8220bfd0d","eClass":"sysml:ReferenceUsage","data":{"declaredName":"stopSignal","elementId":"09faad46-d835-442e-b7ef-fed2e54823e8","ownedRelationship":[{"id":"019b0e25-c8df-4fb2-ae74-d3b5a1bc6070","eClass":"sysml:FeatureTyping","data":{"elementId":"b028ad2d-eb42-4d26-a1b4-cd3120ef31c6","type":"sysml:DataType kermllibrary:///b2c6dd37-2084-3ce4-9ce2-580fdf30629c#d1e9242d-b2e3-5270-bf69-4f4fb0447193","typedFeature":"09faad46-d835-442e-b7ef-fed2e54823e8"}}],"isComposite":true}}],"memberElement":"09faad46-d835-442e-b7ef-fed2e54823e8"}}]}}],"memberElement":"be05e502-1636-4b09-8e90-19858b3e6c8b"}}]}}],"memberElement":"dcc52aca-3901-4d82-ad8f-247171d6d41b"}}]}}],"memberElement":"0ed28645-ff95-44c4-be0e-f5238f900107"}}]}}]}}]}}]}}]}}]}