{"json":{"version":"1.0","encoding":"utf-8"},"ns":{"sysml":"http://www.eclipse.org/syson/sysml"},"content":[{"id":"96cb4408-060a-4884-87a0-fbda4f136c71","eClass":"sysml:Namespace","data":{"elementId":"feaeeede-305e-42c8-ba1a-aac1803efbcf","ownedRelationship":[{"id":"ba96564e-38d1-40c3-b381-b37011232b5c","eClass":"sysml:OwningMembership","data":{"elementId":"a4c6b137-24d7-4eb1-a6dc-fc50823743bd","ownedRelatedElement":[{"id":"e575b7a3-8603-4d07-a8cc-fc9a655e0104","eClass":"sysml:Package","data":{"declaredName":"Package 1","elementId":"f359c4ff-ac8d-44cb-b664-247c4f636633","ownedRelationship":[{"id":"f2431a39-983c-4e14-bc51-6748c054c447","eClass":"sysml:OwningMembership","data":{"elementId":"3353469f-d457-4cf2-9fdb-05c5d6567d08","ownedRelatedElement":[{"id":"2f7f560d-3e9f-4aef-bf02-fec3ac9675ea","eClass":"sysml:Package","data":{"declaredName":"ChairLiftSystem","elementId":"76971344-1f0a-460a-ae81-26dc6d099435","ownedRelationship":[{"id":"95f436a1-1568-46a3-8c3f-1d184dca579d","eClass":"sysml:OwningMembership","data":{"elementId":"528bb582-c201-4337-922d-57cb1885f7be","ownedRelatedElement":[{"id":"90943128-03f8-45b2-ba92-9687d4305ca4","eClass":"sysml:Documentation","data":{"elementId":"09b8e09c-a3ab-41dd-bcf4-762feb10fc75","body":"This chairs aim is to help users daily and allow them to stay in the same house \n        even if they cannot climb the stairs."}}],"memberElement":"09b8e09c-a3ab-41dd-bcf4-762feb10fc75"}},{"id":"b806c0d5-964c-43a7-b0c7-39b666aa8e5e","eClass":"sysml:OwningMembership","data":{"elementId":"49e46497-2124-42a3-8e57-85eaf99f20e0","ownedRelatedElement":[{"id":"ba689f35-659e-4365-ac1b-50f80bb20a1b","eClass":"sysml:Package","data":{"declaredName":"ChairComponents","elementId":"f4cafe9b-a251-446a-809f-8e4d06ee9473","ownedRelationship":[{"id":"51806224-70a6-4185-8242-5ed5694d9355","eClass":"sysml:OwningMembership","data":{"elementId":"a3cb4e6b-4c70-46d1-bc62-b94fc01a6ce0","ownedRelatedElement":[{"id":"22cf5086-eb0a-4278-98cd-8959c69309a8","eClass":"sysml:PartDefinition","data":{"declaredName":"Chair","elementId":"7f9c5263-6580-45d3-9c0d-22a74b45f82b","ownedRelationship":[{"id":"9f67abfa-3cbf-41d2-a3bb-49c3929f9458","eClass":"sysml:FeatureMembership","data":{"elementId":"fe207884-ae4d-4438-8502-c1b12caaae37","ownedRelatedElement":[{"id":"a0cd91b0-a2b6-47d1-b70d-4cd7b97d791c","eClass":"sysml:AttributeUsage","data":{"declaredName":"materialType","elementId":"c3c24f83-6c73-4a46-aada-5f4bcdc5c6f6","isComposite":true}}],"memberElement":"c3c24f83-6c73-4a46-aada-5f4bcdc5c6f6"}},{"id":"d830ff4b-4e28-464b-af4e-595bc9168860","eClass":"sysml:OwningMembership","data":{"elementId":"458de54d-7497-480c-95a2-fce98f6b36bd","ownedRelatedElement":[{"id":"d299a007-00cf-4177-844f-268a04bdc3c1","eClass":"sysml:Documentation","data":{"elementId":"b01e59f9-3c62-444f-b765-a72daae06e86","body":"The material of the chair should be soft for the user comfort"}}],"memberElement":"b01e59f9-3c62-444f-b765-a72daae06e86"}},{"id":"071fd7d6-4873-4471-9cea-08f09c34f226","eClass":"sysml:FeatureMembership","data":{"elementId":"e253f6f4-adaa-4bdd-92ba-6c6899d5329f","ownedRelatedElement":[{"id":"88ffcc9d-5009-4ad2-8ece-fda385028798","eClass":"sysml:AttributeUsage","data":{"declaredName":"isFoldable","elementId":"3441a41f-81d6-4ded-bfe1-3255e3e490dc","ownedRelationship":[{"id":"0e6c425b-154d-406d-b240-621f559d65b0","eClass":"sysml:FeatureTyping","data":{"elementId":"dc939be7-4aca-4fd8-bc04-2103c8e732ec","type":"sysml:DataType kermllibrary:///b2c6dd37-2084-3ce4-9ce2-580fdf30629c#d1e9242d-b2e3-5270-bf69-4f4fb0447193","typedFeature":"3441a41f-81d6-4ded-bfe1-3255e3e490dc"}},{"id":"aa4e3854-9cef-4f74-9877-6ac7bc5e91e7","eClass":"sysml:FeatureValue","data":{"elementId":"569b92c2-8afb-409a-9851-b593be79e304","ownedRelatedElement":[{"id":"dabce9ab-b4e4-4bfc-abc8-2978f8fff19e","eClass":"sysml:LiteralBoolean","data":{"elementId":"19b45404-9daf-4e01-80f8-b80db4a9f076"}}],"memberElement":"19b45404-9daf-4e01-80f8-b80db4a9f076"}}],"isComposite":true}}],"memberElement":"3441a41f-81d6-4ded-bfe1-3255e3e490dc"}},{"id":"dc912bbf-c3c0-42cd-9dd0-082dd20fd803","eClass":"sysml:FeatureMembership","data":{"elementId":"28ff1878-f8c3-42da-aefe-48c910e553e1","ownedRelatedElement":[{"id":"1629a54f-2c37-4ed5-bf8b-d3eb63649643","eClass":"sysml:PartUsage","data":{"declaredName":"armrest","elementId":"08af116d-51d0-484e-8803-de739a61f592","ownedRelationship":[{"id":"5d4414a5-e375-480f-be1f-ec0b095b2cde","eClass":"sysml:FeatureTyping","data":{"elementId":"a1bd946d-d809-4a69-8f56-634b800788da","type":"86702427-f05a-47ca-9722-b28d01b6eb50","typedFeature":"08af116d-51d0-484e-8803-de739a61f592"}}],"isComposite":true}}],"memberElement":"08af116d-51d0-484e-8803-de739a61f592"}},{"id":"bfc601b5-e12f-4c92-941a-5064ba029055","eClass":"sysml:FeatureMembership","data":{"elementId":"c5ab0833-30e8-4790-bc9e-9d753f49550a","ownedRelatedElement":[{"id":"696f6278-d605-43ff-8980-869db9b5b825","eClass":"sysml:PartUsage","data":{"declaredName":"footrest","elementId":"3305fbdb-8da0-45b6-b84d-a21360ea6357","ownedRelationship":[{"id":"02867959-1ebd-47b7-bd29-0482a494d2ea","eClass":"sysml:FeatureTyping","data":{"elementId":"cb348baf-5737-4792-b5a6-d12d6b90c530","type":"f0d2c2ef-acf0-4bdb-bdc4-ba18db16e26b","typedFeature":"3305fbdb-8da0-45b6-b84d-a21360ea6357"}}],"isComposite":true}}],"memberElement":"3305fbdb-8da0-45b6-b84d-a21360ea6357"}},{"id":"72ed4454-9cd4-4148-81fb-7e3130a966fa","eClass":"sysml:FeatureMembership","data":{"elementId":"9a6320f2-93af-40b5-90e4-c1a9f760b77f","ownedRelatedElement":[{"id":"8f0402e6-438d-4199-a0ba-07306654418a","eClass":"sysml:PartUsage","data":{"declaredName":"controlPanel","elementId":"586790fa-3187-4328-b20e-c591535ac946","ownedRelationship":[{"id":"66d4257c-1128-47b9-ba9b-56226f4094be","eClass":"sysml:FeatureTyping","data":{"elementId":"a3cac0af-f38d-4e38-95ac-93d2b2ede28b","type":"7aef467d-a389-4d01-ac24-e0da65ad19ba","typedFeature":"586790fa-3187-4328-b20e-c591535ac946"}}],"isComposite":true}}],"memberElement":"586790fa-3187-4328-b20e-c591535ac946"}},{"id":"a9ae7851-c060-4371-91b6-f1d57c3aef63","eClass":"sysml:FeatureMembership","data":{"elementId":"36ea9adf-73b2-4360-b2ee-a38e36295f8d","ownedRelatedElement":[{"id":"5d823f4b-c1b8-4580-b0e9-684d208dc7a6","eClass":"sysml:PartUsage","data":{"declaredName":"chairBase","elementId":"59cc43d0-ac71-4386-8fc4-97058bc58568","ownedRelationship":[{"id":"21a53c31-c8eb-42a7-b0e9-7645e6800808","eClass":"sysml:FeatureTyping","data":{"elementId":"95a9281e-ddc4-4c57-bb7f-1acfc237325a","type":"57a72aad-a5d4-4c84-b27e-101849f24c34","typedFeature":"59cc43d0-ac71-4386-8fc4-97058bc58568"}}],"isComposite":true}}],"memberElement":"59cc43d0-ac71-4386-8fc4-97058bc58568"}}]}}],"memberElement":"7f9c5263-6580-45d3-9c0d-22a74b45f82b"}},{"id":"c1646443-6a06-412e-84d5-04da787af9f7","eClass":"sysml:OwningMembership","data":{"elementId":"1953095c-36ce-4d1d-b9be-04aeef11b683","ownedRelatedElement":[{"id":"66c68bb4-12ee-4a00-8955-e24c8ba8311c","eClass":"sysml:PartDefinition","data":{"declaredName":"ChairBase","elementId":"57a72aad-a5d4-4c84-b27e-101849f24c34","ownedRelationship":[{"id":"0ddf7f92-e715-4e4c-97da-a208ba091532","eClass":"sysml:OwningMembership","data":{"elementId":"90581c22-7258-43e2-a40c-35897d577536","ownedRelatedElement":[{"id":"04be8b1a-db39-4000-bec0-4b1aa489b776","eClass":"sysml:Documentation","data":{"elementId":"1d7a10c7-52ad-437a-994e-5934cfa1b134","body":"This chair base should be able to help the user to get up by following and helping their mouvment"}}],"memberElement":"1d7a10c7-52ad-437a-994e-5934cfa1b134"}}]}}],"memberElement":"57a72aad-a5d4-4c84-b27e-101849f24c34"}},{"id":"d042ae6b-6808-4e77-ad25-4c5f87dfc95d","eClass":"sysml:OwningMembership","data":{"elementId":"211e7b88-65a5-4c87-8290-1092685a6a29","ownedRelatedElement":[{"id":"3c7a461a-8a63-4e68-8bcf-d70e0caccc7c","eClass":"sysml:PartDefinition","data":{"declaredName":"Armrest","elementId":"86702427-f05a-47ca-9722-b28d01b6eb50","ownedRelationship":[{"id":"fbed4d25-5389-42d3-86f7-17e27ed919f6","eClass":"sysml:OwningMembership","data":{"elementId":"e41d63de-aa42-4c5b-9730-9a2399cba463","ownedRelatedElement":[{"id":"e998baa1-0cc6-4961-9567-f1df9e6cc5e9","eClass":"sysml:Documentation","data":{"elementId":"856e818d-a319-406f-b7da-af0c1bdbdd01","body":"Provides support to help the user sit and stand up."}}],"memberElement":"856e818d-a319-406f-b7da-af0c1bdbdd01"}},{"id":"fb5d5048-9934-4154-afe6-d679a504e68d","eClass":"sysml:FeatureMembership","data":{"elementId":"acec76be-ebf9-42e5-bf9d-aa103fea3141","ownedRelatedElement":[{"id":"ce3a0f60-166f-478b-966a-cf1f1d1eb04b","eClass":"sysml:PartUsage","data":{"declaredName":"controlPanel","elementId":"4a2c82dc-50d5-4ca8-bb91-592d85361d98","ownedRelationship":[{"id":"34d1de1b-927b-45bb-be4a-5855dc0f5ac5","eClass":"sysml:FeatureTyping","data":{"elementId":"77953b05-8073-4b72-8d3e-eddddf3024f0","type":"7aef467d-a389-4d01-ac24-e0da65ad19ba","typedFeature":"4a2c82dc-50d5-4ca8-bb91-592d85361d98"}}],"isComposite":true}}],"memberElement":"4a2c82dc-50d5-4ca8-bb91-592d85361d98"}}]}}],"memberElement":"86702427-f05a-47ca-9722-b28d01b6eb50"}},{"id":"799e7313-4a53-44bf-ba28-d1b3cd65e50e","eClass":"sysml:OwningMembership","data":{"elementId":"c553f357-33f2-42e4-80b6-c8f62ce704f0","ownedRelatedElement":[{"id":"6dd08437-5dad-4579-aec2-b794a70676db","eClass":"sysml:PartDefinition","data":{"declaredName":"Footrest","elementId":"f0d2c2ef-acf0-4bdb-bdc4-ba18db16e26b","ownedRelationship":[{"id":"d6e74b6b-038f-4566-b081-151f2ceaa79c","eClass":"sysml:OwningMembership","data":{"elementId":"fdd1e125-ae30-44d0-9833-20594c9642c6","ownedRelatedElement":[{"id":"2b853957-dc28-43a4-8841-c82c4fa6832a","eClass":"sysml:Documentation","data":{"elementId":"2fb3263b-f748-496d-95ce-cd3e496b7baf","body":"Increases user comfort during usage."}}],"memberElement":"2fb3263b-f748-496d-95ce-cd3e496b7baf"}}]}}],"memberElement":"f0d2c2ef-acf0-4bdb-bdc4-ba18db16e26b"}},{"id":"b9193c05-db53-410b-986c-64be66faa521","eClass":"sysml:OwningMembership","data":{"elementId":"db241ee8-f36d-4a6a-a602-74cd4416a3b9","ownedRelatedElement":[{"id":"2619c47d-218d-4911-baee-e8b5c5ec7989","eClass":"sysml:PartDefinition","data":{"declaredName":"ControlPanel","elementId":"7aef467d-a389-4d01-ac24-e0da65ad19ba","ownedRelationship":[{"id":"f2ab6e62-a528-41bf-bebb-2e00658b49fc","eClass":"sysml:OwningMembership","data":{"elementId":"b682fd5d-b924-42e1-90bb-a587e3cf8423","ownedRelatedElement":[{"id":"14521838-d34a-40b8-8044-e2723c75ef6a","eClass":"sysml:Documentation","data":{"elementId":"ce401478-9e5c-4571-a3a9-9e37927f5989","body":"Panel to control chair functions located on the armrest."}}],"memberElement":"ce401478-9e5c-4571-a3a9-9e37927f5989"}},{"id":"022c3038-bd88-4786-b672-99bb092b8c0c","eClass":"sysml:FeatureMembership","data":{"elementId":"7b407885-6e06-4979-948d-823c7ab58874","ownedRelatedElement":[{"id":"727f1afb-c318-4ec9-b57e-4e604ab37017","eClass":"sysml:PortUsage","data":{"declaredName":"controlCommands","elementId":"6b61121d-2d8e-41e1-aee5-e4139a7e786e","ownedRelationship":[{"id":"6d390d50-bd2f-412c-9fdc-8790557575b6","eClass":"sysml:FeatureTyping","data":{"elementId":"2ea1330f-74e7-4409-9e34-ceb0fa660f13","type":"9e9fb824-3568-4397-a55f-9b3dcaf93b9e","typedFeature":"6b61121d-2d8e-41e1-aee5-e4139a7e786e"}}],"isComposite":true}}],"memberElement":"6b61121d-2d8e-41e1-aee5-e4139a7e786e"}}]}}],"memberElement":"7aef467d-a389-4d01-ac24-e0da65ad19ba"}},{"id":"ab106cd1-98a7-44fe-9681-5e293b292cca","eClass":"sysml:OwningMembership","data":{"elementId":"2dd72486-8230-4f30-81dc-c6808fa09181","ownedRelatedElement":[{"id":"429f359f-604d-41d2-bc9f-d557bf3278e0","eClass":"sysml:PartDefinition","data":{"declaredName":"Motor","elementId":"db8433c2-7268-40c3-98c4-f356632881f1","ownedRelationship":[{"id":"fc1b53c3-b774-4722-bab9-846ac6535bb8","eClass":"sysml:OwningMembership","data":{"elementId":"c0b8c501-b2d0-4209-84d0-099fa478e34e","ownedRelatedElement":[{"id":"4ce9b612-20c1-4b43-a90b-39edfc20f3df","eClass":"sysml:Documentation","data":{"elementId":"f195de95-61ac-42a5-afa0-6c707f98d2ac","body":"Provides the mechanical force needed to move the chair along the rail."}}],"memberElement":"f195de95-61ac-42a5-afa0-6c707f98d2ac"}},{"id":"d17854ca-87d5-4b1d-8a1b-aeb1618092e7","eClass":"sysml:FeatureMembership","data":{"elementId":"c6b56ca2-8106-47fd-95ca-fcf74eb0b0ad","ownedRelatedElement":[{"id":"3aaf7064-f7a6-45d1-9534-2b1ecd588806","eClass":"sysml:PortUsage","data":{"declaredName":"inputPower","elementId":"37106558-5085-46e7-aaf5-c86c5773c129","ownedRelationship":[{"id":"3658eae0-517e-4f19-9ae2-d6565787ff82","eClass":"sysml:FeatureTyping","data":{"elementId":"a3976d51-ee47-432f-9848-61649a0f9973","type":"9ea24fb6-b660-4181-ae30-53360d35ac77","typedFeature":"37106558-5085-46e7-aaf5-c86c5773c129"}}],"isComposite":true}}],"memberElement":"37106558-5085-46e7-aaf5-c86c5773c129"}},{"id":"38fc3b23-e595-4d6a-a22a-7de4efc259d5","eClass":"sysml:FeatureMembership","data":{"elementId":"3967cae5-b5cc-4ecb-94e0-122264608b39","ownedRelatedElement":[{"id":"368e6906-5b67-4738-a006-e73debeb1691","eClass":"sysml:PortUsage","data":{"declaredName":"movementControl","elementId":"b63b5801-1ca7-4668-8a45-0f6825013e41","ownedRelationship":[{"id":"2da7d25d-e293-4cdc-9efb-98e6a0437eac","eClass":"sysml:FeatureTyping","data":{"elementId":"1ba76bfd-cdf6-4238-b5af-a0e05c2ed5ee","type":"b08ba35d-8669-4b43-a381-fc1d928c20ba","typedFeature":"b63b5801-1ca7-4668-8a45-0f6825013e41"}}],"isComposite":true}}],"memberElement":"b63b5801-1ca7-4668-8a45-0f6825013e41"}}]}}],"memberElement":"db8433c2-7268-40c3-98c4-f356632881f1"}},{"id":"7b5e8549-4344-423a-bf26-b6452d0fd529","eClass":"sysml:OwningMembership","data":{"elementId":"a7f6898e-06ac-44f5-9edd-20b045089734","ownedRelatedElement":[{"id":"5f8e4e57-8ca9-4857-b4b9-152c4c273952","eClass":"sysml:PartDefinition","data":{"declaredName":"EnergySource","elementId":"e8904f4c-7dac-47c4-9fff-31a3048c729f","ownedRelationship":[{"id":"52bfb5e6-e48b-4910-99ed-14227ca0e84c","eClass":"sysml:OwningMembership","data":{"elementId":"5ab83b27-9362-4a07-94fb-a40d8b5394be","ownedRelatedElement":[{"id":"dcff4239-e7ea-4b28-85c4-3b3b01d0122e","eClass":"sysml:Documentation","data":{"elementId":"068453f6-e21d-4a6a-b67f-8baaa7d04d0f","body":"Provides energy to the motor."}}],"memberElement":"068453f6-e21d-4a6a-b67f-8baaa7d04d0f"}},{"id":"1469c2ac-ecac-4ffe-9811-778c49ea708b","eClass":"sysml:FeatureMembership","data":{"elementId":"11b13382-eaa3-4214-a8ad-0bd5a49738ab","ownedRelatedElement":[{"id":"d2ff2c52-2299-4c35-a3d2-f76660603284","eClass":"sysml:AttributeUsage","data":{"declaredName":"powerCapacity","elementId":"d1e8969a-fb74-4e9f-97cd-c5a64ca513df","ownedRelationship":[{"id":"2de096d4-cf62-4c75-8569-c32b277ba6be","eClass":"sysml:FeatureTyping","data":{"elementId":"641c2385-9b10-40f0-ba63-89394978918a","type":"sysml:DataType kermllibrary:///b2c6dd37-2084-3ce4-9ce2-580fdf30629c#14c0aa22-5489-59b5-b438-ded26e83ba31","typedFeature":"d1e8969a-fb74-4e9f-97cd-c5a64ca513df"}},{"id":"749ff295-f473-48b9-9897-c439d924ac0d","eClass":"sysml:FeatureValue","data":{"elementId":"bd3e60a8-e5fd-4fe6-880b-069ac53f8814","ownedRelatedElement":[{"id":"ba34b3e3-d223-4faf-a50d-02fc1c0a45ed","eClass":"sysml:LiteralInteger","data":{"elementId":"216a396c-6ca7-4187-8e72-e06c36e4cf4c","value":500}}],"memberElement":"216a396c-6ca7-4187-8e72-e06c36e4cf4c"}}],"isComposite":true}}],"memberElement":"d1e8969a-fb74-4e9f-97cd-c5a64ca513df"}},{"id":"3e47ed9d-f1d0-400e-8f84-83736ee4cc87","eClass":"sysml:FeatureMembership","data":{"elementId":"8c8fa62a-bdc6-4468-956b-deb4a415ba3b","ownedRelatedElement":[{"id":"29b553f7-73ff-40d0-9ea1-8ccf1b952187","eClass":"sysml:PortUsage","data":{"declaredName":"outputPower","elementId":"30d0f61f-8860-4f27-be68-6e542326be62","ownedRelationship":[{"id":"ee9c7426-606c-4d6f-b0f5-1c00fb29dbc7","eClass":"sysml:FeatureTyping","data":{"elementId":"21d26d2c-e7cc-439f-bce3-7167b670387f","type":"9ea24fb6-b660-4181-ae30-53360d35ac77","typedFeature":"30d0f61f-8860-4f27-be68-6e542326be62"}}],"isComposite":true}}],"memberElement":"30d0f61f-8860-4f27-be68-6e542326be62"}}]}}],"memberElement":"e8904f4c-7dac-47c4-9fff-31a3048c729f"}},{"id":"497a88c7-17e6-4f19-9688-47294bf2b38f","eClass":"sysml:OwningMembership","data":{"elementId":"82b941f2-a918-4f60-a214-d3c5e6b72a42","ownedRelatedElement":[{"id":"b16e1e06-7136-4a82-a97d-36e97683a7b0","eClass":"sysml:PartDefinition","data":{"declaredName":"Rail","elementId":"e94eb846-e795-45a3-8b95-2f12b4339e80","ownedRelationship":[{"id":"40a0a7ab-0465-4e4b-9be6-a6ea0d48288d","eClass":"sysml:OwningMembership","data":{"elementId":"a526939f-1ec3-4943-ac84-427275471a93","ownedRelatedElement":[{"id":"0a736247-8016-4faf-a2b9-3212f1b9af41","eClass":"sysml:Documentation","data":{"elementId":"06aeb5c9-637c-4267-a3ca-d2bf4980ae10","body":"Guides the chair lift along the stairs."}}],"memberElement":"06aeb5c9-637c-4267-a3ca-d2bf4980ae10"}},{"id":"3f7f28d7-8b7e-49fb-b3bf-cd1d42f415a5","eClass":"sysml:FeatureMembership","data":{"elementId":"ac4e8edc-36a1-4bd8-8ea8-04613197978e","ownedRelatedElement":[{"id":"ecc4243e-820f-46df-99fb-e93200ec13ba","eClass":"sysml:PartUsage","data":{"declaredName":"mountingElement","elementId":"7cd0da05-080f-4948-8e13-822f61d94d17","ownedRelationship":[{"id":"c5154fd0-b4a7-400b-b051-46cc07f6c06b","eClass":"sysml:FeatureTyping","data":{"elementId":"bb7f3bbb-db62-48ac-a66d-db97a17e20d6","type":"812a8c73-9863-462b-ae4d-432e1c543bc9","typedFeature":"7cd0da05-080f-4948-8e13-822f61d94d17"}}],"isComposite":true}}],"memberElement":"7cd0da05-080f-4948-8e13-822f61d94d17"}}]}}],"memberElement":"e94eb846-e795-45a3-8b95-2f12b4339e80"}},{"id":"c4455e62-ddec-4f37-8f2a-b54c5d4dde8f","eClass":"sysml:OwningMembership","data":{"elementId":"d6200471-c0e1-425f-9db1-ee9d89ec89f8","ownedRelatedElement":[{"id":"8d84afe1-e1fa-4b64-8fc3-d74931543369","eClass":"sysml:PartDefinition","data":{"declaredName":"MountingElement","elementId":"812a8c73-9863-462b-ae4d-432e1c543bc9","ownedRelationship":[{"id":"29aa2234-e383-4a1f-add0-35e70d5be1e2","eClass":"sysml:OwningMembership","data":{"elementId":"95e119c7-c064-43c1-8503-aeb8d9ae8203","ownedRelatedElement":[{"id":"713424d5-fc83-4e41-8941-9c84fc1c8ea5","eClass":"sysml:Documentation","data":{"elementId":"37ed35d5-fae3-47a0-bd4d-2b65cfa6ca89","body":"Fixes the chair lift system to the wall, providing guidance."}}],"memberElement":"37ed35d5-fae3-47a0-bd4d-2b65cfa6ca89"}}]}}],"memberElement":"812a8c73-9863-462b-ae4d-432e1c543bc9"}},{"id":"723fdedb-b528-411e-ba74-649c63e06dce","eClass":"sysml:OwningMembership","data":{"elementId":"f5c8e9fe-0719-4d55-8018-7a61298ff9ed","ownedRelatedElement":[{"id":"38d6c234-41f2-4944-814c-7810b1044360","eClass":"sysml:PortDefinition","data":{"declaredName":"ControlCommandsPort","elementId":"9e9fb824-3568-4397-a55f-9b3dcaf93b9e","ownedRelationship":[{"id":"21a8e93c-9462-4b26-8a2e-d81c51cf2b00","eClass":"sysml:FeatureMembership","data":{"elementId":"e0f7a17e-bb8a-400c-b600-5f02996bc839","ownedRelatedElement":[{"id":"77e69a01-0299-42fd-87ee-b7d01fdf2435","eClass":"sysml:ReferenceUsage","data":{"declaredName":"moveCommand","elementId":"1e73ee58-be56-4146-9366-e8bb218612b4","ownedRelationship":[{"id":"28e32951-5056-448d-b5be-a794c0a60ca6","eClass":"sysml:FeatureTyping","data":{"elementId":"ac766281-4f03-43ce-9670-bbc01272930e","type":"f215737b-4103-4227-b057-a149a22c8673","typedFeature":"1e73ee58-be56-4146-9366-e8bb218612b4"}}],"isComposite":true}}],"memberElement":"1e73ee58-be56-4146-9366-e8bb218612b4"}}]}}],"memberElement":"9e9fb824-3568-4397-a55f-9b3dcaf93b9e"}},{"id":"e9408971-e8f6-4ad9-9cfe-a637e12a0bff","eClass":"sysml:OwningMembership","data":{"elementId":"6f96a07e-ef08-4745-b344-f3c54c6c40b6","ownedRelatedElement":[{"id":"d35f18fd-3af0-4558-81e3-2dfae153d648","eClass":"sysml:PortDefinition","data":{"declaredName":"PowerPort","elementId":"9ea24fb6-b660-4181-ae30-53360d35ac77","ownedRelationship":[{"id":"8c79d5ee-193a-473e-a041-6ce4a6f3577f","eClass":"sysml:FeatureMembership","data":{"elementId":"7607f7ed-4c43-408d-92cb-f12cec313f17","ownedRelatedElement":[{"id":"ed24e586-bd56-43b7-974e-0643df63b2f0","eClass":"sysml:ReferenceUsage","data":{"declaredName":"powerSupply","elementId":"83e3b3be-6577-4f60-adae-293d11c1a511","ownedRelationship":[{"id":"d6cd7909-8d91-43bb-a72b-9172c5810a69","eClass":"sysml:FeatureTyping","data":{"elementId":"1fd17b7b-f6b1-4016-9b5c-945f31f8a899","type":"sysml:DataType kermllibrary:///b2c6dd37-2084-3ce4-9ce2-580fdf30629c#14c0aa22-5489-59b5-b438-ded26e83ba31","typedFeature":"83e3b3be-6577-4f60-adae-293d11c1a511"}}],"isComposite":true}}],"memberElement":"83e3b3be-6577-4f60-adae-293d11c1a511"}}]}}],"memberElement":"9ea24fb6-b660-4181-ae30-53360d35ac77"}},{"id":"09d32d1e-e359-4fa9-9c43-ec3268317081","eClass":"sysml:OwningMembership","data":{"elementId":"bbe195ee-d5e8-4023-9560-85b158380803","ownedRelatedElement":[{"id":"fc6fc606-79af-4332-a90d-5a7d47e691ec","eClass":"sysml:PortDefinition","data":{"declaredName":"MovementControlPort","elementId":"b08ba35d-8669-4b43-a381-fc1d928c20ba","ownedRelationship":[{"id":"6838ea13-d6a3-48c3-95df-6af8961df6a1","eClass":"sysml:FeatureMembership","data":{"elementId":"74fd7125-fe0d-4990-929d-36c7bf00b309","ownedRelatedElement":[{"id":"4abe53e3-426d-495b-92b8-d4d25b3c152f","eClass":"sysml:ReferenceUsage","data":{"declaredName":"command","elementId":"a56253f8-068e-4cf6-8809-5a1682b785e6","ownedRelationship":[{"id":"0087dce1-f738-4522-8e5a-94057df9653e","eClass":"sysml:FeatureTyping","data":{"elementId":"e1b744c1-6885-4d24-8696-376d95771e01","type":"f215737b-4103-4227-b057-a149a22c8673","typedFeature":"a56253f8-068e-4cf6-8809-5a1682b785e6"}}],"isComposite":true}}],"memberElement":"a56253f8-068e-4cf6-8809-5a1682b785e6"}}]}}],"memberElement":"b08ba35d-8669-4b43-a381-fc1d928c20ba"}},{"id":"a0e08780-91ba-4ccf-9be1-487c215dc8f3","eClass":"sysml:OwningMembership","data":{"elementId":"60906b69-4831-4a6e-bfbd-23be0f2b789d","ownedRelatedElement":[{"id":"c8967b7e-e7cd-4c76-868e-b566222b4931","eClass":"sysml:ItemDefinition","data":{"declaredName":"MoveCommand","elementId":"f215737b-4103-4227-b057-a149a22c8673","ownedRelationship":[{"id":"0a529a11-a23e-4402-b8f7-c3f11aabe7da","eClass":"sysml:OwningMembership","data":{"elementId":"28af2585-425a-4a10-b904-8102101832e5","ownedRelatedElement":[{"id":"9c7a6d51-e0c5-4c55-be37-e4a07aeef189","eClass":"sysml:Documentation","data":{"elementId":"fc53d82d-104e-42f1-a60c-cf2d8f1af214","body":"Command to initiate the chairs movement"}}],"memberElement":"fc53d82d-104e-42f1-a60c-cf2d8f1af214"}},{"id":"e0bf686b-7f72-482a-a4d6-3ac435e73e86","eClass":"sysml:FeatureMembership","data":{"elementId":"b1ac8fe7-1497-43d2-9817-47a75ccf0e98","ownedRelatedElement":[{"id":"49d24ff5-df4b-4620-9223-b4e61cf336ea","eClass":"sysml:AttributeUsage","data":{"declaredName":"direction","elementId":"fe2a0bf4-6bdb-4961-a4e4-b5a307bad583","isComposite":true}}],"memberElement":"fe2a0bf4-6bdb-4961-a4e4-b5a307bad583"}}]}}],"memberElement":"f215737b-4103-4227-b057-a149a22c8673"}}]}}],"memberElement":"f4cafe9b-a251-446a-809f-8e4d06ee9473"}},{"id":"dff53d5d-a412-45c7-bcb5-9663390e063e","eClass":"sysml:OwningMembership","data":{"elementId":"9c7f4b3b-1655-44d8-8a9c-4c4d5777b49c","ownedRelatedElement":[{"id":"c13b784b-a5ff-49f2-b8f9-70e30ceb974d","eClass":"sysml:Package","data":{"declaredName":"ChairSystemConfiguration","elementId":"ebabe68e-8306-4ca8-88b6-0351cb6c7da1","ownedRelationship":[{"id":"b425be97-cffe-4b70-9c2b-929f259db322","eClass":"sysml:NamespaceImport","data":{"elementId":"4702e6de-fc57-438f-8e37-a8e19dc0ed03","importedNamespace":"sysml:Namespace syson-import:qualifiedName#'ChairComponents'"}},{"id":"51954379-d3fc-4774-8e96-931405d142f6","eClass":"sysml:OwningMembership","data":{"elementId":"b8303ff9-a54c-4e5e-a0c9-f7375aa4ca17","ownedRelatedElement":[{"id":"87615e94-e6d7-4cbf-8e0b-03f888de38e5","eClass":"sysml:PartUsage","data":{"declaredName":"chairLiftSystem","elementId":"5c6c68a7-6cef-4167-b19c-5542c30e3663","ownedRelationship":[{"id":"4ab9a2cc-f2de-4d7f-955e-45f572c84bbb","eClass":"sysml:FeatureMembership","data":{"elementId":"72eef0be-d63b-44c5-8689-e995d58f8ebd","ownedRelatedElement":[{"id":"2bf06753-9b46-4dc7-8a56-a03dfa5549d9","eClass":"sysml:PartUsage","data":{"declaredName":"chair","elementId":"6374d63d-730f-49f6-b6bd-a12f565f353e","ownedRelationship":[{"id":"f78400b6-723d-452e-8278-246fbd94b51a","eClass":"sysml:FeatureTyping","data":{"elementId":"b1b58fec-f88b-4563-ad92-97394b63e59f","type":"sysml:Type syson-import:qualifiedName#Chair","typedFeature":"6374d63d-730f-49f6-b6bd-a12f565f353e"}}],"isComposite":true}}],"memberElement":"6374d63d-730f-49f6-b6bd-a12f565f353e"}},{"id":"257145da-663c-4972-9dec-38b98a87b50a","eClass":"sysml:FeatureMembership","data":{"elementId":"fc42263e-ac54-4202-bbd0-ee18fe10d87b","ownedRelatedElement":[{"id":"fdaaff13-e9c5-4fd1-8018-47e144628610","eClass":"sysml:PartUsage","data":{"declaredName":"rail","elementId":"730bb7a8-b9aa-492b-b055-e69d3caf0868","ownedRelationship":[{"id":"3a8a3d02-59fd-4086-a8a9-cbc868128b00","eClass":"sysml:FeatureTyping","data":{"elementId":"4242dc7f-553c-444e-b47b-499a357cef7c","type":"sysml:Type syson-import:qualifiedName#Rail","typedFeature":"730bb7a8-b9aa-492b-b055-e69d3caf0868"}}],"isComposite":true}}],"memberElement":"730bb7a8-b9aa-492b-b055-e69d3caf0868"}},{"id":"dfdf7319-de0b-4643-8df1-e8ca461ec800","eClass":"sysml:FeatureMembership","data":{"elementId":"98150503-4590-4f4a-bdfc-773284f0c178","ownedRelatedElement":[{"id":"b5af8710-4ec0-4ae0-98ba-118e452cdf74","eClass":"sysml:PartUsage","data":{"declaredName":"motor","elementId":"19f74dc8-624d-4898-a07f-fc836b449b02","ownedRelationship":[{"id":"c16e4afd-7f4b-4e65-aeb2-562aa75ee17b","eClass":"sysml:FeatureTyping","data":{"elementId":"8f51347f-ca25-48ce-a42f-9cccb753aead","type":"sysml:Type syson-import:qualifiedName#Motor","typedFeature":"19f74dc8-624d-4898-a07f-fc836b449b02"}}],"isComposite":true}}],"memberElement":"19f74dc8-624d-4898-a07f-fc836b449b02"}},{"id":"e3b1fb5e-e092-41fc-9d12-21e971c57873","eClass":"sysml:FeatureMembership","data":{"elementId":"cd592354-a2e4-4d93-8472-6b0a461ea380","ownedRelatedElement":[{"id":"56c26495-0883-4a1c-8389-9f44630012d5","eClass":"sysml:PartUsage","data":{"declaredName":"energySource","elementId":"454f112f-c631-4558-9a98-4f7c29fe5bc6","ownedRelationship":[{"id":"6917de8e-81b6-429f-8587-44de4baec037","eClass":"sysml:FeatureTyping","data":{"elementId":"f0627a58-6867-45e0-a84a-e00157762fb9","type":"sysml:Type syson-import:qualifiedName#EnergySource","typedFeature":"454f112f-c631-4558-9a98-4f7c29fe5bc6"}}],"isComposite":true}}],"memberElement":"454f112f-c631-4558-9a98-4f7c29fe5bc6"}},{"id":"dfbcb8ca-1f37-43d4-a2f4-ff821ac6a008","eClass":"sysml:FeatureMembership","data":{"elementId":"1262c002-6bea-4398-94c1-b8515d194d6f","ownedRelatedElement":[{"id":"900fd1fb-dedf-4c19-8ee6-b93b29452c69","eClass":"sysml:FlowConnectionUsage","data":{"declaredName":"PowerSupplyFlow","elementId":"ccf30895-3761-4aab-a1d1-01ff66f7541b","isComposite":true}}],"memberElement":"ccf30895-3761-4aab-a1d1-01ff66f7541b"}},{"id":"451e8890-06a6-43cf-a291-344dc05575b2","eClass":"sysml:FeatureMembership","data":{"elementId":"4ba9eecc-7ade-4d83-8071-dc376118486b","ownedRelatedElement":[{"id":"351fe68d-5133-4b7e-a981-33133853eceb","eClass":"sysml:FlowConnectionUsage","data":{"declaredName":"MovementControlFlow","elementId":"505a0fd3-2833-4782-a529-a587f1b47145","isComposite":true}}],"memberElement":"505a0fd3-2833-4782-a529-a587f1b47145"}},{"id":"98fe2f0d-2687-4b5d-9d8f-386886d1418a","eClass":"sysml:FeatureMembership","data":{"elementId":"bb9a7577-c199-4285-9b7e-ac81c27dde69","ownedRelatedElement":[{"id":"8be4bbc7-92ca-4db2-94d0-24e1a14320b4","eClass":"sysml:InterfaceUsage","data":{"declaredName":"chairToRail","elementId":"4c33a4d9-e1aa-444e-89c2-cf4d5b8f54f4","ownedRelationship":[{"id":"56c7fa1f-2d4f-4139-8f42-79d3224f1425","eClass":"sysml:OwningMembership","data":{"elementId":"18da5a5b-9b39-403c-8611-5bd888232fe4","ownedRelatedElement":[{"id":"12df6223-4352-44be-b3db-da4e0b958d8b","eClass":"sysml:Documentation","data":{"elementId":"78e63ab7-bfde-4936-aff8-572b67c586a3","body":"Chair is permanently attached to the rail for movement guidance."}}],"memberElement":"78e63ab7-bfde-4936-aff8-572b67c586a3"}}],"isComposite":true}}],"memberElement":"4c33a4d9-e1aa-444e-89c2-cf4d5b8f54f4"}}],"isComposite":true}}],"memberElement":"5c6c68a7-6cef-4167-b19c-5542c30e3663"}}]}}],"memberElement":"ebabe68e-8306-4ca8-88b6-0351cb6c7da1"}}]}}]}}]}}]}}]}}]}