{"json":{"version":"1.0","encoding":"utf-8"},"ns":{"sysml":"http://www.eclipse.org/syson/sysml"},"content":[{"id":"5e4892c9-834f-4929-928a-1101a1dc35d5","eClass":"sysml:Namespace","data":{"elementId":"7584fc40-65ff-49b3-9bba-d652ff6d51e5","ownedRelationship":[{"id":"df6f48dd-f043-49de-8c0f-669da243d55a","eClass":"sysml:OwningMembership","data":{"elementId":"3f351a92-9a36-4aba-bd7d-5eb03d4e6865","ownedRelatedElement":[{"id":"a40117fe-376c-4b02-802e-7176b37ea762","eClass":"sysml:Package","data":{"declaredName":"Package 1","elementId":"398dd1d4-efb4-4914-9875-79333b15eb89","ownedRelationship":[{"id":"d2bc47a9-8e95-4553-a720-680cd32f5a73","eClass":"sysml:OwningMembership","data":{"elementId":"9633acae-2693-41fd-a002-e234ad392117","ownedRelatedElement":[{"id":"4c6b34e1-decb-4fd0-b66b-18987665c0e6","eClass":"sysml:Package","data":{"declaredName":"ChairLiftSystem","elementId":"3a455518-3f13-4a9f-b3b0-0fc4aad439d7","ownedRelationship":[{"id":"11beb87e-f9b2-452f-a9c0-63340141ed8a","eClass":"sysml:OwningMembership","data":{"elementId":"790afddf-84ad-4634-bab5-fc700bc113d7","ownedRelatedElement":[{"id":"2b12afed-7b17-4e00-b28f-328531b0ba27","eClass":"sysml:Documentation","data":{"elementId":"8e9d13ae-8ac1-437b-bccf-a9748c9ddd16","body":"This chairs aim is to help users daily and allow them to stay in the same house \n        even if they cannot climb the stairs."}}],"memberElement":"8e9d13ae-8ac1-437b-bccf-a9748c9ddd16"}},{"id":"5725dbd2-743a-48e6-9b10-ce212b320579","eClass":"sysml:OwningMembership","data":{"elementId":"d286ef30-92a6-4088-9d52-59bbe505aad2","ownedRelatedElement":[{"id":"afab5a86-1011-4aa1-853b-b83f5c41e0c2","eClass":"sysml:Package","data":{"declaredName":"ChairComponents","elementId":"653bd4a8-31c6-4e49-91f9-229b81024b78","ownedRelationship":[{"id":"4621f2a2-19ad-4efe-b078-c723b7b2731a","eClass":"sysml:OwningMembership","data":{"elementId":"20f42130-9dca-4ff6-ae5c-4cc239bc8f52","ownedRelatedElement":[{"id":"70abf604-2e6c-4845-ab86-d872bea0e945","eClass":"sysml:PartDefinition","data":{"declaredName":"Chair","elementId":"fb565c83-7855-4270-a203-323f41deb524","ownedRelationship":[{"id":"a40e8dd9-13bf-4009-8223-271c2e55bb01","eClass":"sysml:FeatureMembership","data":{"elementId":"e19a465c-8f2c-4fa6-bcfc-a85e384fa417","ownedRelatedElement":[{"id":"f1dfebc1-952e-4a75-8f1b-3263412ca443","eClass":"sysml:AttributeUsage","data":{"declaredName":"materialType","elementId":"56ec8272-1b02-4da8-88ea-8aa52251ca73","ownedRelationship":[{"id":"b2877df3-7297-4b60-af9a-6fe71c8765f9","eClass":"sysml:FeatureTyping","data":{"elementId":"d04f6145-14b6-4b1c-99af-761c909c7311","type":"sysml:Type syson-import:qualifiedName#String","typedFeature":"56ec8272-1b02-4da8-88ea-8aa52251ca73"}},{"id":"30c94dbd-79df-4e00-95cd-e20a0e6002de","eClass":"sysml:FeatureValue","data":{"elementId":"2e1ab5e7-45f8-478d-a886-6a950c87b82e","ownedRelatedElement":[{"id":"1df64c91-a569-4299-b141-d304bb2c420e","eClass":"sysml:LiteralString","data":{"elementId":"75bf18d4-20dd-4ec2-93ec-b0272db17b88"}}],"memberElement":"75bf18d4-20dd-4ec2-93ec-b0272db17b88"}}],"isComposite":true}}],"memberElement":"56ec8272-1b02-4da8-88ea-8aa52251ca73"}},{"id":"f26c5bc0-c9e5-453b-9dc1-2862fa6eb479","eClass":"sysml:FeatureMembership","data":{"elementId":"15b80953-0270-44fa-9b8f-9460f5eb52f2","ownedRelatedElement":[{"id":"5f48f915-5830-4961-8cf9-12ce9c88e40b","eClass":"sysml:AttributeUsage","data":{"declaredName":"isFoldable","elementId":"56136394-135d-449f-be10-df6f1bec756d","ownedRelationship":[{"id":"2d5af7ca-deba-44aa-a16d-fcdeb537633a","eClass":"sysml:FeatureTyping","data":{"elementId":"a24160d1-ffed-4b06-8fd3-7c046c9ca1ed","type":"sysml:Type syson-import:qualifiedName#Boolean","typedFeature":"56136394-135d-449f-be10-df6f1bec756d"}},{"id":"dc6f45b6-daeb-454a-81d2-95f8dc074771","eClass":"sysml:FeatureValue","data":{"elementId":"080ac493-a416-46d1-81b3-99b7483e8393","ownedRelatedElement":[{"id":"966e4ef0-599f-4073-96bf-07c7f1bc8d53","eClass":"sysml:LiteralBoolean","data":{"elementId":"ee9aa31e-5d56-4135-9296-dc621d6a5978"}}],"memberElement":"ee9aa31e-5d56-4135-9296-dc621d6a5978"}}],"isComposite":true}}],"memberElement":"56136394-135d-449f-be10-df6f1bec756d"}},{"id":"d76c0af9-d35e-421c-bd42-2b434d0ce614","eClass":"sysml:FeatureMembership","data":{"elementId":"c317d04b-4fc0-41a8-bf28-ddfc03375b79","ownedRelatedElement":[{"id":"14f66d9c-943d-4fd0-a099-ccb3d00f8e02","eClass":"sysml:PartUsage","data":{"declaredName":"armrest","elementId":"0764209b-8dff-4478-b5a4-88180332a221","ownedRelationship":[{"id":"89510e26-753b-478d-9561-c5a68d0c1621","eClass":"sysml:FeatureTyping","data":{"elementId":"831032a8-c7bf-4113-8bf0-c0191145b004","type":"e3e70a08-205c-4b20-8b8a-550be04ff485","typedFeature":"0764209b-8dff-4478-b5a4-88180332a221"}}],"isComposite":true}}],"memberElement":"0764209b-8dff-4478-b5a4-88180332a221"}},{"id":"cc034fce-d066-4353-b783-af18f360fd41","eClass":"sysml:FeatureMembership","data":{"elementId":"f9a644ac-0372-4843-9f1b-3dbd0b772159","ownedRelatedElement":[{"id":"b861f2f9-5721-489e-a804-e76afe0ef8ef","eClass":"sysml:PartUsage","data":{"declaredName":"footrest","elementId":"005edb12-6880-487c-af0e-a568c95ab7c7","ownedRelationship":[{"id":"07a0d98c-133f-4116-82af-f95a1c075983","eClass":"sysml:FeatureTyping","data":{"elementId":"a6c4eadb-d6cc-488a-96e2-2170f83c2f30","type":"4bbfcb0b-0b90-4cde-abba-7f9031596187","typedFeature":"005edb12-6880-487c-af0e-a568c95ab7c7"}}],"isComposite":true}}],"memberElement":"005edb12-6880-487c-af0e-a568c95ab7c7"}},{"id":"292390c5-1c87-4768-b1e8-fed4010c7eb7","eClass":"sysml:FeatureMembership","data":{"elementId":"45030f77-7d5e-4ad5-b534-3310a23631b2","ownedRelatedElement":[{"id":"47e5504e-0023-438b-9719-c350622da4b8","eClass":"sysml:PartUsage","data":{"declaredName":"controlPanel","elementId":"9a882b91-d36d-44a7-8b1a-29d981dc9cd9","ownedRelationship":[{"id":"f6fa126d-5b65-4661-8122-1a9867324f9c","eClass":"sysml:FeatureTyping","data":{"elementId":"42b27524-aead-4506-a779-8cc9be85de62","type":"fe0c9c86-8c06-4699-94e4-4b8e5a20870b","typedFeature":"9a882b91-d36d-44a7-8b1a-29d981dc9cd9"}}],"isComposite":true}}],"memberElement":"9a882b91-d36d-44a7-8b1a-29d981dc9cd9"}}]}}],"memberElement":"fb565c83-7855-4270-a203-323f41deb524"}},{"id":"8f084b06-eead-4098-b92e-ce3ad008bf26","eClass":"sysml:OwningMembership","data":{"elementId":"2323527a-d5e6-4e8c-bb38-a34f9ac00ed3","ownedRelatedElement":[{"id":"86aa70aa-a533-45ca-83f8-a3df4e139ba5","eClass":"sysml:PartDefinition","data":{"declaredName":"Armrest","elementId":"e3e70a08-205c-4b20-8b8a-550be04ff485","ownedRelationship":[{"id":"82fa3c13-d0bb-4488-9e39-395e1bf56401","eClass":"sysml:OwningMembership","data":{"elementId":"d36ccaa3-6f47-49db-b88e-a4ce63c00039","ownedRelatedElement":[{"id":"1921edb0-a4be-4fb9-8181-633d2fa8633c","eClass":"sysml:Documentation","data":{"elementId":"b344ab00-5b83-495e-8efb-260ba6d72627","body":"Provides support to help the user sit and stand up."}}],"memberElement":"b344ab00-5b83-495e-8efb-260ba6d72627"}},{"id":"3c0d21c0-67dd-4f22-817d-a83ca477fb6f","eClass":"sysml:FeatureMembership","data":{"elementId":"a8201fa0-bad0-4832-aa1c-65dee839c7a3","ownedRelatedElement":[{"id":"9a1424f9-fb5d-403e-86ae-a3dfdab25860","eClass":"sysml:PartUsage","data":{"declaredName":"controlPanel","elementId":"afb06b9f-e292-45a1-b05e-de8a29019fe6","ownedRelationship":[{"id":"452f314e-b52c-481d-8193-ccb94f2414b1","eClass":"sysml:FeatureTyping","data":{"elementId":"0ae2a9ef-2f02-4fcb-bd03-74b328d202f7","type":"fe0c9c86-8c06-4699-94e4-4b8e5a20870b","typedFeature":"afb06b9f-e292-45a1-b05e-de8a29019fe6"}}],"isComposite":true}}],"memberElement":"afb06b9f-e292-45a1-b05e-de8a29019fe6"}}]}}],"memberElement":"e3e70a08-205c-4b20-8b8a-550be04ff485"}},{"id":"55377884-0918-4256-ba01-100378b28f44","eClass":"sysml:OwningMembership","data":{"elementId":"9d89c9fa-0bf8-46ae-a0d5-15598d9f1582","ownedRelatedElement":[{"id":"30d5075b-6f04-4199-b261-24bdba33de7b","eClass":"sysml:PartDefinition","data":{"declaredName":"Footrest","elementId":"4bbfcb0b-0b90-4cde-abba-7f9031596187","ownedRelationship":[{"id":"f0a7d09d-bdf5-4ea7-8591-c0d6a8c35119","eClass":"sysml:OwningMembership","data":{"elementId":"c33e53c1-28a2-43dc-85e3-98be8e01ec60","ownedRelatedElement":[{"id":"4b66fe5b-b022-4d85-b1bf-d52fed2a460f","eClass":"sysml:Documentation","data":{"elementId":"04a5e760-d053-4d54-8e3e-4dcd58e64516","body":"Increases user comfort during usage."}}],"memberElement":"04a5e760-d053-4d54-8e3e-4dcd58e64516"}}]}}],"memberElement":"4bbfcb0b-0b90-4cde-abba-7f9031596187"}},{"id":"daebe2ad-4e26-43f2-a940-3e034151fc63","eClass":"sysml:OwningMembership","data":{"elementId":"b5514d0d-4976-455f-aba5-3865d29704f0","ownedRelatedElement":[{"id":"81b5cac8-56a0-438e-be1f-f4a47128cebf","eClass":"sysml:PartDefinition","data":{"declaredName":"ControlPanel","elementId":"fe0c9c86-8c06-4699-94e4-4b8e5a20870b","ownedRelationship":[{"id":"243d1f74-ba01-420d-ad05-0a0243ea1ee2","eClass":"sysml:OwningMembership","data":{"elementId":"5e6f1fa7-153b-4691-986b-70c20e0e2f4b","ownedRelatedElement":[{"id":"302620e5-06db-4a7e-b58a-792a6f80f21e","eClass":"sysml:Documentation","data":{"elementId":"bf2ab2d7-44fa-4888-bab1-a0812f1b5297","body":"Panel to control chair functions located on the armrest."}}],"memberElement":"bf2ab2d7-44fa-4888-bab1-a0812f1b5297"}},{"id":"b8e334f0-d749-4c62-85b7-276b604763c9","eClass":"sysml:FeatureMembership","data":{"elementId":"570248aa-b98e-440c-8cb2-a94d357cf6f6","ownedRelatedElement":[{"id":"424e42e1-f297-4fb7-97f2-05cb58be3b7a","eClass":"sysml:PortUsage","data":{"declaredName":"controlCommands","elementId":"831255cd-9be1-48d4-8250-0f10ca2d9440","ownedRelationship":[{"id":"f59792b1-62f6-42bc-b8e3-7d43698839cb","eClass":"sysml:FeatureTyping","data":{"elementId":"0298b3f5-c330-4600-876c-2463214450ac","type":"7ed041a1-a3c1-4422-940f-ee79c2244543","typedFeature":"831255cd-9be1-48d4-8250-0f10ca2d9440"}}],"isComposite":true}}],"memberElement":"831255cd-9be1-48d4-8250-0f10ca2d9440"}}]}}],"memberElement":"fe0c9c86-8c06-4699-94e4-4b8e5a20870b"}},{"id":"8dadcddf-fb12-42a7-976e-6d8c09f7b75b","eClass":"sysml:OwningMembership","data":{"elementId":"693d0fe0-911c-4218-9f95-2fa105040a50","ownedRelatedElement":[{"id":"54148718-853a-493a-874a-15e2bd4be8bd","eClass":"sysml:PartDefinition","data":{"declaredName":"Motor","elementId":"c17e6010-f1f8-4c3a-8df1-a3cc7ebd6fe1","ownedRelationship":[{"id":"27254c7a-c1dc-489b-888e-c40319649d03","eClass":"sysml:OwningMembership","data":{"elementId":"bddfeef9-a81a-4d02-a3fb-0aaf96807a79","ownedRelatedElement":[{"id":"4e4b4393-5431-42e5-b4ae-b5121e161e0f","eClass":"sysml:Documentation","data":{"elementId":"319bc158-33ae-4868-b380-6131c6bfd9fd","body":"Provides the mechanical force needed to move the chair along the rail."}}],"memberElement":"319bc158-33ae-4868-b380-6131c6bfd9fd"}},{"id":"80088721-8fd4-4301-9e8e-1c7ca55e23f5","eClass":"sysml:FeatureMembership","data":{"elementId":"e061c158-594a-4235-9422-cc3268a57c67","ownedRelatedElement":[{"id":"dc8c4ce3-7d17-437b-8c8a-e9dc5600cbda","eClass":"sysml:PortUsage","data":{"declaredName":"inputPower","elementId":"8bd741e2-2da5-4ef7-9756-2126b22a2888","ownedRelationship":[{"id":"58e877d6-55cd-4ef4-8d41-d744c1858019","eClass":"sysml:FeatureTyping","data":{"elementId":"a93a9737-9d27-46e2-9054-0489d87f0dbc","type":"2810255b-9e46-4e77-bb80-2618a0409938","typedFeature":"8bd741e2-2da5-4ef7-9756-2126b22a2888"}}],"isComposite":true}}],"memberElement":"8bd741e2-2da5-4ef7-9756-2126b22a2888"}},{"id":"ffbb2af2-1d68-4a8a-8bd3-8807fa1c4807","eClass":"sysml:FeatureMembership","data":{"elementId":"b75b5ab8-3b2e-4153-aeab-7e022174ea28","ownedRelatedElement":[{"id":"5936e183-79f1-4c4d-b0dc-529cd4980801","eClass":"sysml:PortUsage","data":{"declaredName":"movementControl","elementId":"b2fabbda-1f25-44c5-96fd-bf26907619b3","ownedRelationship":[{"id":"4419f7ca-042c-4630-ae92-6854630931ad","eClass":"sysml:FeatureTyping","data":{"elementId":"beaa1963-66a8-46c0-b95f-a3cb17d61009","type":"18efe981-787a-427d-8728-a6a9ac4d5af1","typedFeature":"b2fabbda-1f25-44c5-96fd-bf26907619b3"}}],"isComposite":true}}],"memberElement":"b2fabbda-1f25-44c5-96fd-bf26907619b3"}}]}}],"memberElement":"c17e6010-f1f8-4c3a-8df1-a3cc7ebd6fe1"}},{"id":"1fa28bc5-e608-493a-a964-a0ddb64bd1e0","eClass":"sysml:OwningMembership","data":{"elementId":"df467bfb-a590-4369-9caa-5e6a1bca5ccb","ownedRelatedElement":[{"id":"0f7ab9c5-ab99-4ae0-b6e4-7c1d5078d47f","eClass":"sysml:PartDefinition","data":{"declaredName":"EnergySource","elementId":"df9493a8-0b2f-4d8a-9412-111adb1893a4","ownedRelationship":[{"id":"2d3677b6-b31d-4d7a-ba55-56692b286611","eClass":"sysml:OwningMembership","data":{"elementId":"9feb15a9-b000-418d-ae06-95578be9c3df","ownedRelatedElement":[{"id":"a56a55bd-5202-45a3-8c0c-f6ce34f2de44","eClass":"sysml:Documentation","data":{"elementId":"c2db62cf-8ea2-45e3-85e3-4f992f75398b","body":"Provides energy to the motor."}}],"memberElement":"c2db62cf-8ea2-45e3-85e3-4f992f75398b"}},{"id":"73d5555c-963e-42a1-bb11-575eb9efd5d6","eClass":"sysml:FeatureMembership","data":{"elementId":"d52e84cb-be2a-49a0-b860-a2bef4ad8441","ownedRelatedElement":[{"id":"a24a821f-33ac-4241-8531-f71e4adf13ad","eClass":"sysml:AttributeUsage","data":{"declaredName":"powerCapacity","elementId":"4c88de91-e753-426c-8262-cabac0dad19d","ownedRelationship":[{"id":"bc257a5a-aa46-4c5a-abec-3382e4fab85e","eClass":"sysml:FeatureTyping","data":{"elementId":"57e9c79d-a67c-4dd3-ac48-f0b19e9d63bb","type":"sysml:Type syson-import:qualifiedName#Float","typedFeature":"4c88de91-e753-426c-8262-cabac0dad19d"}},{"id":"9775a369-0594-474d-95a6-57704d3bebc8","eClass":"sysml:FeatureValue","data":{"elementId":"f789015a-2df9-4dad-a2e9-e7330b58c8e5","ownedRelatedElement":[{"id":"0dcdc315-bb40-4608-81a3-89a36a3fb45b","eClass":"sysml:LiteralInteger","data":{"elementId":"30e93504-5f8a-4e27-ada8-d1a4151f9e23","value":500}}],"memberElement":"30e93504-5f8a-4e27-ada8-d1a4151f9e23"}}],"isComposite":true}}],"memberElement":"4c88de91-e753-426c-8262-cabac0dad19d"}},{"id":"b1b9642a-9682-4568-a075-410ef0f86957","eClass":"sysml:FeatureMembership","data":{"elementId":"8d69e91d-51f0-4f21-847d-ee071c359d5b","ownedRelatedElement":[{"id":"08627c16-868c-4eaf-a3d7-581910b89596","eClass":"sysml:PortUsage","data":{"declaredName":"outputPower","elementId":"08a4c085-090c-437f-acc6-e268b699ddd7","ownedRelationship":[{"id":"f706fb31-b716-4878-b62b-de20b52118a7","eClass":"sysml:FeatureTyping","data":{"elementId":"6087b88f-d6bd-4c66-8b97-f66ba1cd7607","type":"2810255b-9e46-4e77-bb80-2618a0409938","typedFeature":"08a4c085-090c-437f-acc6-e268b699ddd7"}}],"isComposite":true}}],"memberElement":"08a4c085-090c-437f-acc6-e268b699ddd7"}}]}}],"memberElement":"df9493a8-0b2f-4d8a-9412-111adb1893a4"}},{"id":"317d3995-85cf-4e00-b62a-19f6d2dae5c7","eClass":"sysml:OwningMembership","data":{"elementId":"f5c0fb44-ce11-4483-9db3-a592289aae7a","ownedRelatedElement":[{"id":"6ece3806-1e13-4d92-8e7f-58368c53ca3c","eClass":"sysml:PartDefinition","data":{"declaredName":"Rail","elementId":"1a378f80-c608-4050-87d7-b8963a1ebfe3","ownedRelationship":[{"id":"6f3383f7-1d20-4f7d-972d-81f1712e26f9","eClass":"sysml:OwningMembership","data":{"elementId":"8777c34b-6894-4ae8-97c9-efc0d24cad6a","ownedRelatedElement":[{"id":"17a1fcfc-62e7-4d88-a376-7dedf0661b5b","eClass":"sysml:Documentation","data":{"elementId":"b3003279-97ad-4050-8c15-b3913742e92b","body":"Guides the chair lift along the stairs."}}],"memberElement":"b3003279-97ad-4050-8c15-b3913742e92b"}},{"id":"a26403db-ec9c-4782-b0d0-58287607c138","eClass":"sysml:FeatureMembership","data":{"elementId":"4cae24cb-411c-4d81-8efa-f2e6e9fd9143","ownedRelatedElement":[{"id":"7d82bf50-3aa6-4eb0-afea-07ec28f797d0","eClass":"sysml:PartUsage","data":{"declaredName":"mountingElement","elementId":"0fa18bed-4bb6-4b4d-b587-48d7fb54e56c","ownedRelationship":[{"id":"1ec5cabf-b6d2-4f40-939e-99bbacea8ae1","eClass":"sysml:FeatureTyping","data":{"elementId":"c88f59a8-a143-44f5-9086-f19a80360e8f","type":"d6d1d42d-8127-4686-bfb1-ea90eb758cde","typedFeature":"0fa18bed-4bb6-4b4d-b587-48d7fb54e56c"}}],"isComposite":true}}],"memberElement":"0fa18bed-4bb6-4b4d-b587-48d7fb54e56c"}}]}}],"memberElement":"1a378f80-c608-4050-87d7-b8963a1ebfe3"}},{"id":"6bb9b218-a287-42e0-bfe8-a8eb99404903","eClass":"sysml:OwningMembership","data":{"elementId":"05860d25-d762-48ab-bd38-46519a401e2d","ownedRelatedElement":[{"id":"0589121a-e18a-4dfd-87e8-7e0e3792d888","eClass":"sysml:PartDefinition","data":{"declaredName":"MountingElement","elementId":"d6d1d42d-8127-4686-bfb1-ea90eb758cde","ownedRelationship":[{"id":"29a3fa7c-53cc-44e1-a8f1-0b501d3ed8dc","eClass":"sysml:OwningMembership","data":{"elementId":"df0ad364-2ee5-4263-9671-28459a6b089a","ownedRelatedElement":[{"id":"342aefbd-f65d-4422-a290-21903211c279","eClass":"sysml:Documentation","data":{"elementId":"9f94e6a5-0c86-4af4-b369-72dba3c3b33a","body":"Fixes the chair lift system to the wall, providing guidance."}}],"memberElement":"9f94e6a5-0c86-4af4-b369-72dba3c3b33a"}}]}}],"memberElement":"d6d1d42d-8127-4686-bfb1-ea90eb758cde"}},{"id":"40797fa9-1bf3-4e2f-8d4c-9ddea0cf9844","eClass":"sysml:OwningMembership","data":{"elementId":"bc948e89-e0d5-4ce8-a69d-87c69f05d680","ownedRelatedElement":[{"id":"5f7e0df7-f18d-451b-9a70-e6c3eac40b51","eClass":"sysml:PortDefinition","data":{"declaredName":"ControlCommandsPort","elementId":"7ed041a1-a3c1-4422-940f-ee79c2244543","ownedRelationship":[{"id":"1e67c26b-1752-47a4-9b7e-ee46926467fe","eClass":"sysml:FeatureMembership","data":{"elementId":"54bfc31a-30c5-420e-9ed8-7906df298484","ownedRelatedElement":[{"id":"3675065e-640c-4e34-b5aa-1ec68f8d5b09","eClass":"sysml:ReferenceUsage","data":{"declaredName":"moveCommand","elementId":"7e3e5690-346e-41c9-afa7-0b23cc947a2a","ownedRelationship":[{"id":"1bc008d7-10f5-48f2-9951-b9fd32c7a741","eClass":"sysml:FeatureTyping","data":{"elementId":"9449aaef-2a3b-4ab7-a37f-3d4726ad4f6e","type":"f3d0454d-ed3f-4149-9b5e-9b342f50ae50","typedFeature":"7e3e5690-346e-41c9-afa7-0b23cc947a2a"}}],"isComposite":true}}],"memberElement":"7e3e5690-346e-41c9-afa7-0b23cc947a2a"}}]}}],"memberElement":"7ed041a1-a3c1-4422-940f-ee79c2244543"}},{"id":"e72ce229-cb51-4cbc-a3ba-a11f322429b2","eClass":"sysml:OwningMembership","data":{"elementId":"ff8560f0-7647-4808-b82b-ee82e3f0457b","ownedRelatedElement":[{"id":"5a2e9aa2-cb2a-4969-8c44-04d2b4305532","eClass":"sysml:PortDefinition","data":{"declaredName":"PowerPort","elementId":"2810255b-9e46-4e77-bb80-2618a0409938","ownedRelationship":[{"id":"ce474541-50f2-489a-bb2f-351225fa8149","eClass":"sysml:FeatureMembership","data":{"elementId":"b1d110f1-7b28-440f-8f68-c3869f074bfb","ownedRelatedElement":[{"id":"3cdc4719-3c8e-4a86-99e7-82942f920b02","eClass":"sysml:ReferenceUsage","data":{"declaredName":"powerSupply","elementId":"573ff15b-3cfe-4c7d-89b0-be3b5578f434","ownedRelationship":[{"id":"ae681846-0457-4fd1-a763-f579c698a75d","eClass":"sysml:FeatureTyping","data":{"elementId":"b93efcbe-136f-42cf-89e8-66effe4fee4c","type":"sysml:Type syson-import:qualifiedName#Float","typedFeature":"573ff15b-3cfe-4c7d-89b0-be3b5578f434"}}],"isComposite":true}}],"memberElement":"573ff15b-3cfe-4c7d-89b0-be3b5578f434"}}]}}],"memberElement":"2810255b-9e46-4e77-bb80-2618a0409938"}},{"id":"5defd5ad-907a-4043-b59a-0e444ad76b93","eClass":"sysml:OwningMembership","data":{"elementId":"a7795c37-c07f-4b38-aa3f-533cc0dc2bf6","ownedRelatedElement":[{"id":"c34a557e-2610-41bb-a2a3-80d2c101e9cb","eClass":"sysml:PortDefinition","data":{"declaredName":"MovementControlPort","elementId":"18efe981-787a-427d-8728-a6a9ac4d5af1","ownedRelationship":[{"id":"67f13c92-d76a-49d6-8c26-4c8fda58b33e","eClass":"sysml:FeatureMembership","data":{"elementId":"a42de168-c700-4e6b-8df1-08b1ed997613","ownedRelatedElement":[{"id":"f8d2259b-2ecb-4e3b-a032-297f3a649bdc","eClass":"sysml:ReferenceUsage","data":{"declaredName":"command","elementId":"342ec896-7fd4-4d6b-b45d-9bd1a6ca5698","ownedRelationship":[{"id":"8537eae8-b770-4622-9c66-3961e41551ad","eClass":"sysml:FeatureTyping","data":{"elementId":"b29054d0-47f7-464b-9941-cbd8f2caa2c8","type":"f3d0454d-ed3f-4149-9b5e-9b342f50ae50","typedFeature":"342ec896-7fd4-4d6b-b45d-9bd1a6ca5698"}}],"isComposite":true}}],"memberElement":"342ec896-7fd4-4d6b-b45d-9bd1a6ca5698"}}]}}],"memberElement":"18efe981-787a-427d-8728-a6a9ac4d5af1"}},{"id":"d2c4a007-ffc0-449e-9c7b-2a657e3d8852","eClass":"sysml:OwningMembership","data":{"elementId":"3b891be1-daf5-451d-9a48-70f6d4544312","ownedRelatedElement":[{"id":"ac4f5d7d-3a54-4b92-9788-81bb39eedf43","eClass":"sysml:ItemDefinition","data":{"declaredName":"MoveCommand","elementId":"f3d0454d-ed3f-4149-9b5e-9b342f50ae50","ownedRelationship":[{"id":"e24bb50d-6999-42ff-b1dc-f5a32f34901c","eClass":"sysml:OwningMembership","data":{"elementId":"f69ea0d8-54d5-4554-b546-fb3c7d746058","ownedRelatedElement":[{"id":"1a9d0af6-30b8-4a77-a6d7-e85dfcaae41d","eClass":"sysml:Documentation","data":{"elementId":"693b2fda-285e-46d8-9584-0a003c4f0850","body":"Command to initiate the chairs movement"}}],"memberElement":"693b2fda-285e-46d8-9584-0a003c4f0850"}},{"id":"e2b9b549-3cda-412e-98bd-2772456bcc3e","eClass":"sysml:FeatureMembership","data":{"elementId":"77b1c4cd-3772-470d-9a86-f08415c09909","ownedRelatedElement":[{"id":"7f4e0e84-35f9-4581-87ae-3027f02faeaf","eClass":"sysml:AttributeUsage","data":{"declaredName":"direction","elementId":"5793b4d6-b841-4d61-bb7e-d2a53b0728f9","ownedRelationship":[{"id":"881cdb1e-fa2c-4913-825f-68c3385b1168","eClass":"sysml:FeatureTyping","data":{"elementId":"dfc51f53-fe58-49d9-8257-9aec62ec01c0","type":"sysml:Type syson-import:qualifiedName#String","typedFeature":"5793b4d6-b841-4d61-bb7e-d2a53b0728f9"}}],"isComposite":true}}],"memberElement":"5793b4d6-b841-4d61-bb7e-d2a53b0728f9"}}]}}],"memberElement":"f3d0454d-ed3f-4149-9b5e-9b342f50ae50"}}]}}],"memberElement":"653bd4a8-31c6-4e49-91f9-229b81024b78"}},{"id":"4e6ab14e-1bb3-4446-baef-e0bce7c812c1","eClass":"sysml:OwningMembership","data":{"elementId":"2708faef-aba9-4c53-9310-6fefe2c9acfa","ownedRelatedElement":[{"id":"5a1d8168-6e3a-4d19-88bd-5fea60cb4031","eClass":"sysml:Package","data":{"declaredName":"ChairSystemConfiguration","elementId":"e145afce-dea8-49da-90d7-00c148d56b79","ownedRelationship":[{"id":"cf2f2537-6214-45f3-9ab5-dc30663a8838","eClass":"sysml:NamespaceImport","data":{"elementId":"d026f379-524c-447a-8922-05829e5b4515","importedNamespace":"sysml:Namespace syson-import:qualifiedName#'ChairComponents'"}},{"id":"22e2c794-45e2-4a23-8225-f1fd35607a2e","eClass":"sysml:OwningMembership","data":{"elementId":"644c7ae4-59e8-4aff-8b88-e13ab85c50a0","ownedRelatedElement":[{"id":"906a99bf-e7b9-4052-8d3f-1ce97ced357b","eClass":"sysml:PartUsage","data":{"declaredName":"chairLiftSystem","elementId":"2b059cc8-4b89-4ea2-bbdc-163e4610415e","ownedRelationship":[{"id":"7d5403e8-abf6-4cba-a50a-e56f0a01de27","eClass":"sysml:FeatureMembership","data":{"elementId":"6f1ef202-c65c-459a-afd9-fdb8aae29051","ownedRelatedElement":[{"id":"6b5aed97-08f5-47e0-99f9-1b0d70932adf","eClass":"sysml:PartUsage","data":{"declaredName":"chair","elementId":"a275898e-85cd-471e-92c3-96598b903764","ownedRelationship":[{"id":"f28aa342-1e6a-4749-a3ff-096ac8fdf271","eClass":"sysml:FeatureTyping","data":{"elementId":"0a7f8d2e-cbb2-4ee0-936d-7ab5fc4b00cc","type":"sysml:Type syson-import:qualifiedName#Chair","typedFeature":"a275898e-85cd-471e-92c3-96598b903764"}}],"isComposite":true}}],"memberElement":"a275898e-85cd-471e-92c3-96598b903764"}},{"id":"90be81a2-0542-43f0-905a-e9c8e2b83dea","eClass":"sysml:FeatureMembership","data":{"elementId":"fc277517-aed8-4451-be18-ed4d28ab0a7f","ownedRelatedElement":[{"id":"b1f226f9-f676-401e-9f7f-e7f95dd07b0e","eClass":"sysml:PartUsage","data":{"declaredName":"rail","elementId":"250e7cf9-a267-41d9-b5bc-ce2f45f71af1","ownedRelationship":[{"id":"523cef43-6f40-41bc-985c-9bb5ffc0efd0","eClass":"sysml:FeatureTyping","data":{"elementId":"e289f907-cb26-4856-b2d1-730eefc58ecc","type":"sysml:Type syson-import:qualifiedName#Rail","typedFeature":"250e7cf9-a267-41d9-b5bc-ce2f45f71af1"}}],"isComposite":true}}],"memberElement":"250e7cf9-a267-41d9-b5bc-ce2f45f71af1"}},{"id":"5448ea72-0692-4b48-b9b3-b7aa81a48d82","eClass":"sysml:FeatureMembership","data":{"elementId":"4283d3f2-2490-47ff-a5d3-a370d2ec0768","ownedRelatedElement":[{"id":"ed106135-0dc5-4653-8daf-ad1460fee0eb","eClass":"sysml:PartUsage","data":{"declaredName":"motor","elementId":"bfa2c14a-ae6c-4d09-9b2d-af6892e33c83","ownedRelationship":[{"id":"84e6416e-4645-4c6c-8854-3277de68437d","eClass":"sysml:FeatureTyping","data":{"elementId":"aa75996b-f030-477e-b372-849f11d3b9e5","type":"sysml:Type syson-import:qualifiedName#Motor","typedFeature":"bfa2c14a-ae6c-4d09-9b2d-af6892e33c83"}}],"isComposite":true}}],"memberElement":"bfa2c14a-ae6c-4d09-9b2d-af6892e33c83"}},{"id":"1fc6319e-5345-4f0d-a412-77dc733b3097","eClass":"sysml:FeatureMembership","data":{"elementId":"55554c08-2db8-4680-847b-d2c808a2ccff","ownedRelatedElement":[{"id":"14e48f83-5de2-43f4-904c-5e5f15585398","eClass":"sysml:PartUsage","data":{"declaredName":"energySource","elementId":"2ae3e2e7-ab89-434e-88e4-aba2ca611c55","ownedRelationship":[{"id":"144fdb68-24da-4970-91a9-d6fc9a6408ec","eClass":"sysml:FeatureTyping","data":{"elementId":"62061009-02ef-46b4-989c-c1989af9afe4","type":"sysml:Type syson-import:qualifiedName#EnergySource","typedFeature":"2ae3e2e7-ab89-434e-88e4-aba2ca611c55"}}],"isComposite":true}}],"memberElement":"2ae3e2e7-ab89-434e-88e4-aba2ca611c55"}},{"id":"b3a0e237-b63f-4276-b8f4-717641408f8a","eClass":"sysml:FeatureMembership","data":{"elementId":"3fad7229-da89-410a-9cbe-f4b660f5b612","ownedRelatedElement":[{"id":"ae02a28b-ce86-4278-aa06-5bf767e87ad9","eClass":"sysml:FlowConnectionUsage","data":{"declaredName":"PowerSupplyFlow","elementId":"111156c3-dfd6-4520-b335-4a873c6ab9d2","isComposite":true}}],"memberElement":"111156c3-dfd6-4520-b335-4a873c6ab9d2"}},{"id":"38ec7f15-24a6-4ef7-bfa3-c149e43ca40d","eClass":"sysml:FeatureMembership","data":{"elementId":"47df1fe4-d728-4053-8145-24e4e2e5bd69","ownedRelatedElement":[{"id":"1babeeb4-671f-4c12-adda-5bcc0fafb5b1","eClass":"sysml:FlowConnectionUsage","data":{"declaredName":"MovementControlFlow","elementId":"d9bb804e-b654-4ab6-b6be-22d27c6e663b","isComposite":true}}],"memberElement":"d9bb804e-b654-4ab6-b6be-22d27c6e663b"}},{"id":"e709983b-7c75-4209-9580-501bf4d9f62b","eClass":"sysml:FeatureMembership","data":{"elementId":"34165587-9a8d-4028-b0c9-6fc4dca30f45","ownedRelatedElement":[{"id":"9941d39d-3dfe-4b66-8d09-d8a8f9fbeafd","eClass":"sysml:InterfaceUsage","data":{"declaredName":"chairToRail","elementId":"b653f199-17a6-44c2-bc9e-da45118536ff","ownedRelationship":[{"id":"71518bf3-233d-45fc-b41d-7e0530880c95","eClass":"sysml:OwningMembership","data":{"elementId":"d6f0237c-e260-4756-aa29-6ee65f0093b1","ownedRelatedElement":[{"id":"459d15cc-9615-4ef7-be9f-45c7dfbec0cd","eClass":"sysml:Documentation","data":{"elementId":"a32f9110-595c-4ec9-864a-00375a793359","body":"Chair is permanently attached to the rail for movement guidance."}}],"memberElement":"a32f9110-595c-4ec9-864a-00375a793359"}}],"isComposite":true}}],"memberElement":"b653f199-17a6-44c2-bc9e-da45118536ff"}}],"isComposite":true}}],"memberElement":"2b059cc8-4b89-4ea2-bbdc-163e4610415e"}}]}}],"memberElement":"e145afce-dea8-49da-90d7-00c148d56b79"}}]}}]}}]}}]}}]}}]}