{"json":{"version":"1.0","encoding":"utf-8"},"ns":{"sysml":"http://www.eclipse.org/syson/sysml"},"content":[{"id":"311cbda5-d04e-49bb-b044-10a1bc014cbd","eClass":"sysml:Namespace","data":{"elementId":"9efa887b-9213-4668-b58c-bd08c63e0616","ownedRelationship":[{"id":"2d618ca4-58f7-4e2f-90fb-37224071375d","eClass":"sysml:OwningMembership","data":{"elementId":"fa55f1bb-bd37-4578-a4ad-89ac2daf6969","ownedRelatedElement":[{"id":"8bcbf191-e7ef-405d-808a-cc82cf99a883","eClass":"sysml:Package","data":{"declaredName":"Package 1","elementId":"ebb7738e-5d23-4ece-a776-12a606427a08","ownedRelationship":[{"id":"bb811126-0664-4b19-8afa-374ecacd41e8","eClass":"sysml:OwningMembership","data":{"elementId":"482cb29f-f03a-4c5a-af83-bd64bdc83ee8","ownedRelatedElement":[{"id":"df6bf859-29ed-4fc3-b1ff-bf2ac858c844","eClass":"sysml:Package","data":{"declaredName":"StairLiftChairModel","elementId":"2f46821f-fcfb-402f-9096-e590248e1891","ownedRelationship":[{"id":"28df730d-2f56-4ac0-94e2-6c814687fa54","eClass":"sysml:OwningMembership","data":{"elementId":"9b370d2c-a69f-4f28-a032-464df79daaa5","ownedRelatedElement":[{"id":"8b0d11f1-5e01-43f3-9470-713256424484","eClass":"sysml:Documentation","data":{"elementId":"e66c233a-ac44-40b3-bde2-c49b53be45a7","body":"This chair aim is to help them every day and allow them to stay in the same house even if they could not climb the stairs."}}],"memberElement":"e66c233a-ac44-40b3-bde2-c49b53be45a7"}},{"id":"6f3e184c-40a0-4916-bdab-4251d4e94337","eClass":"sysml:OwningMembership","data":{"elementId":"589da9e1-10bf-4464-ad83-5641b4b8b10d","ownedRelatedElement":[{"id":"6dbad983-c350-4464-a36a-b2653ce1398b","eClass":"sysml:PartDefinition","data":{"declaredName":"Chair","elementId":"4ddc6b7b-f138-4449-bde5-4364c2b09031","ownedRelationship":[{"id":"4c11ce19-7281-4e80-8a70-dbc2ea436c22","eClass":"sysml:FeatureMembership","data":{"elementId":"7c1449ca-7d90-47c6-a1f9-8c10c1ba4eed","ownedRelatedElement":[{"id":"df325326-2143-4d6f-bd88-e4b8ad504bac","eClass":"sysml:PortUsage","data":{"declaredName":"controlPanel","elementId":"570cd69b-be50-4844-a499-fa0016b690c4","ownedRelationship":[{"id":"aa16769e-a2d0-4c29-b285-42ad3ed0097f","eClass":"sysml:FeatureTyping","data":{"elementId":"4cddc2e3-2d14-4028-8ee1-f2d6f4a4865b","type":"4aac25dc-0196-4618-bf2b-514eb4b68f5f","typedFeature":"570cd69b-be50-4844-a499-fa0016b690c4"}}],"isComposite":true}}],"memberElement":"570cd69b-be50-4844-a499-fa0016b690c4"}},{"id":"b2ee822a-2523-49c9-8c94-cb6000c34a6a","eClass":"sysml:FeatureMembership","data":{"elementId":"d270d48f-2a77-4113-8d33-d6dcf1ef224e","ownedRelatedElement":[{"id":"69fa4a5e-6afc-4cce-a759-56ed3a8d53b8","eClass":"sysml:PortUsage","data":{"declaredName":"armrests","elementId":"d0c8135a-cc87-457b-87cf-d310bcff8643","ownedRelationship":[{"id":"70ef7be2-b02f-4774-ade1-c4ab2bb83956","eClass":"sysml:FeatureTyping","data":{"elementId":"f91f08cd-9280-46b9-a5aa-756c17920e69","type":"a54a3a76-e49e-406f-a5b3-e2e2d7d90e72","typedFeature":"d0c8135a-cc87-457b-87cf-d310bcff8643"}}],"isComposite":true}}],"memberElement":"d0c8135a-cc87-457b-87cf-d310bcff8643"}},{"id":"7a0a1c31-162e-409e-bf5e-8e2f5b7191f9","eClass":"sysml:FeatureMembership","data":{"elementId":"5cb3e967-8880-4c79-b524-b958970f8364","ownedRelatedElement":[{"id":"b058c438-1891-4f22-92af-7b84e62bf71c","eClass":"sysml:PortUsage","data":{"declaredName":"footrest","elementId":"8e45caf2-1b44-4ab9-9a45-9de99c1d7810","ownedRelationship":[{"id":"26ae17ed-dfe4-4307-9e00-557b03b009b9","eClass":"sysml:FeatureTyping","data":{"elementId":"e06beef5-f196-4597-9ae7-2f5f73acd9ba","type":"ac0eec59-499f-4641-899f-365e0e15b22f","typedFeature":"8e45caf2-1b44-4ab9-9a45-9de99c1d7810"}}],"isComposite":true}}],"memberElement":"8e45caf2-1b44-4ab9-9a45-9de99c1d7810"}},{"id":"aff5463e-4d42-4f70-a3ba-c617e5f336d6","eClass":"sysml:FeatureMembership","data":{"elementId":"a2e496fd-4ea4-4d81-8217-e623c06ef5a2","ownedRelatedElement":[{"id":"ccbeb0d7-f3ba-4d74-981a-b5eba231b863","eClass":"sysml:PartUsage","data":{"declaredName":"mountElement","elementId":"b95a8099-b5aa-4250-b6ac-de52d6d88a1e","ownedRelationship":[{"id":"10eaf2b4-1b21-477c-83d8-f522d41b7627","eClass":"sysml:FeatureTyping","data":{"elementId":"17527167-e29c-4e58-b709-81754b638599","type":"21a327c7-4b92-4efb-b24a-4cc1df0d9bed","typedFeature":"b95a8099-b5aa-4250-b6ac-de52d6d88a1e"}}],"isComposite":true}}],"memberElement":"b95a8099-b5aa-4250-b6ac-de52d6d88a1e"}},{"id":"cbd03d96-6a20-4239-8661-ccae3bda2129","eClass":"sysml:FeatureMembership","data":{"elementId":"8a94f100-5472-4f7f-af2e-43eeff58f597","ownedRelatedElement":[{"id":"e6c1191d-8df1-4169-b586-165f66fd2bdb","eClass":"sysml:PartUsage","data":{"declaredName":"motor","elementId":"d667dd0e-cbcb-4b7d-a0c6-c9f41d5a1631","ownedRelationship":[{"id":"015b2a7c-e5d4-4b37-b45d-b765e85547f6","eClass":"sysml:FeatureMembership","data":{"elementId":"c7a25753-9155-4e48-9e65-9e2fd8252593","ownedRelatedElement":[{"id":"374419b9-5152-4d16-b590-1d8a802a3f69","eClass":"sysml:AttributeUsage","data":{"declaredName":"power","elementId":"543addf0-b486-471b-adf5-9b21ec34b84c","ownedRelationship":[{"id":"3824f383-9e31-4d04-9503-988ec707c61e","eClass":"sysml:FeatureTyping","data":{"elementId":"65326912-9092-4527-bb43-a98e59390b66","type":"95952b77-d8aa-4376-8936-182d9e2dcda5","typedFeature":"543addf0-b486-471b-adf5-9b21ec34b84c"}}],"isComposite":true}}],"memberElement":"543addf0-b486-471b-adf5-9b21ec34b84c"}},{"id":"c9f4ffbf-1d49-4cfa-8b38-b9556ce3d023","eClass":"sysml:FeatureMembership","data":{"elementId":"27bb1685-119b-4c75-b7a5-021396ebf68f","ownedRelatedElement":[{"id":"af0a8470-bcdc-4261-b84e-e86ad053976f","eClass":"sysml:PortUsage","data":{"declaredName":"motorControl","elementId":"66844ba8-6703-4426-a643-f45bcfc0184a","ownedRelationship":[{"id":"5503dc32-8efd-4f63-b343-932f5a41712f","eClass":"sysml:FeatureTyping","data":{"elementId":"62fa1ea7-2e67-4412-8df6-fa71849991a8","type":"4133653b-2455-4634-8d62-ee51ef5fe5b6","typedFeature":"66844ba8-6703-4426-a643-f45bcfc0184a"}}],"isComposite":true}}],"memberElement":"66844ba8-6703-4426-a643-f45bcfc0184a"}},{"id":"120d9293-565e-44ef-b32f-282d586ad196","eClass":"sysml:FeatureTyping","data":{"elementId":"57a8a239-48ef-4767-bd4f-9e8a78a2adeb","type":"sysml:Type syson-import:qualifiedName#Motor","typedFeature":"d667dd0e-cbcb-4b7d-a0c6-c9f41d5a1631"}}],"isComposite":true}}],"memberElement":"d667dd0e-cbcb-4b7d-a0c6-c9f41d5a1631"}},{"id":"f7e4e0f9-ac19-47cd-b1ff-aee980c661c6","eClass":"sysml:FeatureMembership","data":{"elementId":"2593485a-d2a0-44c3-858c-0715e3f45cb8","ownedRelatedElement":[{"id":"8754e192-8eb5-4e59-b545-4669f6861f2b","eClass":"sysml:PartUsage","data":{"declaredName":"powerSource","elementId":"d4294d65-a8a6-41a2-9472-002896755371","ownedRelationship":[{"id":"c9e91209-6752-48fe-8ed8-e69549e9103a","eClass":"sysml:FeatureMembership","data":{"elementId":"b4fbe613-c104-413f-849b-b543622c16ac","ownedRelatedElement":[{"id":"543a15a7-9021-4373-8e12-8b6e0e1f9fb0","eClass":"sysml:AttributeUsage","data":{"declaredName":"energyLevel","elementId":"bcc75242-0249-4c8b-a574-459bd7d21fe9","ownedRelationship":[{"id":"9e6b27b4-ed0f-41e3-ae48-01f391e38f4e","eClass":"sysml:FeatureTyping","data":{"elementId":"fc7b220a-fa6b-4ff7-b610-b5ba8d8f4860","type":"bb02655b-75a6-44df-af16-30cef5ea77f9","typedFeature":"bcc75242-0249-4c8b-a574-459bd7d21fe9"}}],"isComposite":true}}],"memberElement":"bcc75242-0249-4c8b-a574-459bd7d21fe9"}},{"id":"68b90144-99c3-400b-ab55-6f30bb3b562f","eClass":"sysml:FeatureMembership","data":{"elementId":"dbc8ca2f-3eac-4edb-97a3-4492f3901221","ownedRelatedElement":[{"id":"07970cb2-9e55-4341-bb70-556415e3f15b","eClass":"sysml:PortUsage","data":{"declaredName":"powerOutput","elementId":"521395f0-5b25-4a8b-a4dd-7915adc7e905","ownedRelationship":[{"id":"fc37222c-5ad1-4fa2-81ee-cb4ee2cfd65d","eClass":"sysml:FeatureTyping","data":{"elementId":"183a4e85-98c4-42f9-8873-c96fdea0c1a5","type":"65c1d169-4e30-470a-b8d6-c5c47a69d32d","typedFeature":"521395f0-5b25-4a8b-a4dd-7915adc7e905"}}],"isComposite":true}}],"memberElement":"521395f0-5b25-4a8b-a4dd-7915adc7e905"}},{"id":"0e7efec2-3242-425e-a922-b235292c3771","eClass":"sysml:FeatureTyping","data":{"elementId":"446db069-42f5-407a-b005-4456073a1867","type":"d922f8d7-ad67-49a6-8d7e-d1477f05d377","typedFeature":"d4294d65-a8a6-41a2-9472-002896755371"}}],"isComposite":true}}],"memberElement":"d4294d65-a8a6-41a2-9472-002896755371"}},{"id":"7ffb51b3-f3f4-4db9-907a-e0aedabe5c07","eClass":"sysml:FeatureMembership","data":{"elementId":"a0810c63-38a9-4148-a353-45c97923ff11","ownedRelatedElement":[{"id":"5026aa32-9019-4480-84ad-62fb7a2f8da4","eClass":"sysml:InterfaceUsage","data":{"declaredName":"motorPower","elementId":"7c2ce86c-2243-423f-9b7d-5cdb07b292dc","ownedRelationship":[{"id":"456f03bd-51ab-4e65-9878-2706c961a6fb","eClass":"sysml:FeatureMembership","data":{"elementId":"48451ddd-21ce-4c4f-82e9-fce7c3c04202","ownedRelatedElement":[{"id":"8f2a2795-adca-4e9f-b574-afe9add3b0c5","eClass":"sysml:FlowConnectionUsage","data":{"elementId":"fdfc5885-7af0-4c64-8d3a-b58db01c5db0","isComposite":true}}],"memberElement":"fdfc5885-7af0-4c64-8d3a-b58db01c5db0"}}],"isComposite":true}}],"memberElement":"7c2ce86c-2243-423f-9b7d-5cdb07b292dc"}},{"id":"a31d4027-08a3-4851-8199-74e72cbe9344","eClass":"sysml:FeatureMembership","data":{"elementId":"24258f44-674f-4166-b89c-7e38376a5e8e","ownedRelatedElement":[{"id":"965d1186-450a-47c9-aeeb-6e71205e043a","eClass":"sysml:InterfaceUsage","data":{"declaredName":"controlToMotor","elementId":"5da840f8-06cc-4524-b951-454bef974cb6","ownedRelationship":[{"id":"0b73e50d-3599-4a22-9266-5fce26a215a3","eClass":"sysml:FeatureMembership","data":{"elementId":"fdd2fc54-54f0-4bcd-87cd-20728202d1ae","ownedRelatedElement":[{"id":"c1b2d042-b093-4ca4-8275-85cfcd6d1df8","eClass":"sysml:FlowConnectionUsage","data":{"declaredName":"commandFlow","elementId":"25336d8f-8c5e-4eb9-b9ef-9d9f0dc554d8","isComposite":true}}],"memberElement":"25336d8f-8c5e-4eb9-b9ef-9d9f0dc554d8"}}],"isComposite":true}}],"memberElement":"5da840f8-06cc-4524-b951-454bef974cb6"}},{"id":"ed2bc682-2fe8-412a-8f63-0793e8923789","eClass":"sysml:FeatureMembership","data":{"elementId":"3d1bf994-0f92-4a00-8415-a427af321631","ownedRelatedElement":[{"id":"c08d1b9f-0540-4424-8747-fe7e6edf3293","eClass":"sysml:AttributeUsage","data":{"declaredName":"isFoldable","elementId":"e68c2a7a-6c1d-4e65-8ddb-46c68fa6bc62","ownedRelationship":[{"id":"db2b1fa1-b0d7-48a9-ac9c-63f9797dca77","eClass":"sysml:FeatureTyping","data":{"elementId":"23162399-20b3-476f-b5d8-c0b2f10154b4","type":"sysml:Type syson-import:qualifiedName#Boolean","typedFeature":"e68c2a7a-6c1d-4e65-8ddb-46c68fa6bc62"}},{"id":"9d376b16-7b04-4e51-866e-2567aeb77748","eClass":"sysml:FeatureValue","data":{"elementId":"8e175183-4b72-4d92-b674-b43acc722af1","ownedRelatedElement":[{"id":"d2b930f5-2097-48ca-b3a1-0127d713b1eb","eClass":"sysml:LiteralBoolean","data":{"elementId":"69caf081-8e96-4ef8-aa91-23e3f8ed7893"}}],"memberElement":"69caf081-8e96-4ef8-aa91-23e3f8ed7893"}}],"isComposite":true}}],"memberElement":"e68c2a7a-6c1d-4e65-8ddb-46c68fa6bc62"}},{"id":"baa7a284-c9c5-43ca-afa3-eb23e598c1d4","eClass":"sysml:FeatureMembership","data":{"elementId":"87adb303-1bbf-4c59-8c00-52d74c26410e","ownedRelatedElement":[{"id":"f502927d-077a-4ebd-8267-31fa162a3b21","eClass":"sysml:AttributeUsage","data":{"declaredName":"isComfortable","elementId":"bee29707-9b07-470a-b298-bb12f38b660c","ownedRelationship":[{"id":"2c2d75e1-3ee6-4bad-90a4-e934d36a5e42","eClass":"sysml:FeatureTyping","data":{"elementId":"c04f3843-9d6c-48c1-b8e5-88e66fb4ed50","type":"sysml:Type syson-import:qualifiedName#Boolean","typedFeature":"bee29707-9b07-470a-b298-bb12f38b660c"}},{"id":"a8920753-ac8b-4091-b0aa-fe3cf16f68d2","eClass":"sysml:FeatureValue","data":{"elementId":"403ea010-bca4-491a-9b4f-2f8c5a50b919","ownedRelatedElement":[{"id":"870876f0-7e71-4931-9177-8c2a2052610b","eClass":"sysml:LiteralBoolean","data":{"elementId":"573ef29f-6d6d-4419-b620-aa7d1e81d225"}}],"memberElement":"573ef29f-6d6d-4419-b620-aa7d1e81d225"}}],"isComposite":true}}],"memberElement":"bee29707-9b07-470a-b298-bb12f38b660c"}}]}}],"memberElement":"4ddc6b7b-f138-4449-bde5-4364c2b09031"}},{"id":"514b98b1-e9a2-44d6-beeb-bd6c380b36e2","eClass":"sysml:OwningMembership","data":{"elementId":"92079c77-f85d-4a1c-97b6-da80ed92d9e5","ownedRelatedElement":[{"id":"b44ff606-d293-4fad-927a-a7109d8fa8d4","eClass":"sysml:PartDefinition","data":{"declaredName":"ControlPanel","elementId":"4aac25dc-0196-4618-bf2b-514eb4b68f5f","ownedRelationship":[{"id":"ea812fe9-7ff0-412e-97b2-64818721d742","eClass":"sysml:FeatureMembership","data":{"elementId":"a7e54790-eea7-4607-a8a8-a4ce8544a4be","ownedRelatedElement":[{"id":"168e31d1-b8b6-45c8-ae3c-3a6c5a4bdf32","eClass":"sysml:AttributeUsage","data":{"declaredName":"command","elementId":"f03b5350-6abe-4177-bec8-9a9108ac79ba","ownedRelationship":[{"id":"54577bd3-d2a6-4ba3-85df-d859aa2af1f5","eClass":"sysml:FeatureTyping","data":{"elementId":"95b5c013-f06a-4785-8076-aab8b12135d1","type":"f186f38d-dc7b-4460-ae3a-c88c8241266c","typedFeature":"f03b5350-6abe-4177-bec8-9a9108ac79ba"}}],"isComposite":true}}],"memberElement":"f03b5350-6abe-4177-bec8-9a9108ac79ba"}},{"id":"2c977085-51a6-45a6-9d07-5a9e3c3664c7","eClass":"sysml:FeatureMembership","data":{"elementId":"acfec33d-612a-4187-b0bc-fd2a76d6890a","ownedRelatedElement":[{"id":"3a2ebf2d-d1d6-48d4-a51d-daca270b7026","eClass":"sysml:PortUsage","data":{"declaredName":"controlCommands","elementId":"ce025bc2-375e-437f-9d5c-52d3f654de2a","ownedRelationship":[{"id":"f5dc233f-b88a-4b9a-b176-d46afde904ba","eClass":"sysml:FeatureTyping","data":{"elementId":"3cfc9096-a9b9-4feb-8fc1-188a2e33aa1d","type":"4133653b-2455-4634-8d62-ee51ef5fe5b6","typedFeature":"ce025bc2-375e-437f-9d5c-52d3f654de2a"}}],"isComposite":true}}],"memberElement":"ce025bc2-375e-437f-9d5c-52d3f654de2a"}}]}}],"memberElement":"4aac25dc-0196-4618-bf2b-514eb4b68f5f"}},{"id":"c3a23dd0-ae96-48ab-a2d4-9588350ab32b","eClass":"sysml:OwningMembership","data":{"elementId":"2f269ad0-20ae-49dc-bd3a-154a51a19243","ownedRelatedElement":[{"id":"6788afc7-2b4a-4cc5-adfd-f2f97b191a7b","eClass":"sysml:PortDefinition","data":{"declaredName":"MotorControlInterface","elementId":"4133653b-2455-4634-8d62-ee51ef5fe5b6","ownedRelationship":[{"id":"d4779f43-71aa-44e2-a629-5ffb69d678bf","eClass":"sysml:FeatureMembership","data":{"elementId":"0ad1cc37-921d-481f-8afd-9e82b27faae7","ownedRelatedElement":[{"id":"5d57926a-8946-4c2f-bdac-2e42f417345c","eClass":"sysml:ReferenceUsage","data":{"declaredName":"command","elementId":"3dd60971-f332-42e5-9105-a5dce47ad7ab","ownedRelationship":[{"id":"f0fb6dd8-4bbc-4094-a81d-d11252f778a7","eClass":"sysml:FeatureTyping","data":{"elementId":"769ac834-c377-48b3-8750-cc44321e1f28","type":"f186f38d-dc7b-4460-ae3a-c88c8241266c","typedFeature":"3dd60971-f332-42e5-9105-a5dce47ad7ab"}}],"isComposite":true}}],"memberElement":"3dd60971-f332-42e5-9105-a5dce47ad7ab"}},{"id":"ee229a54-e975-4c35-a2e5-f09dc4bb2d51","eClass":"sysml:FeatureMembership","data":{"elementId":"f8b656bf-f9b4-4144-9287-721d9ac3c824","ownedRelatedElement":[{"id":"77171bd8-9c3f-4b44-be95-8ad53bb70e2b","eClass":"sysml:ReferenceUsage","data":{"declaredName":"power","elementId":"425e4b87-51d0-4b07-81d5-fd43f5af49a1","ownedRelationship":[{"id":"5535ef6a-6880-4888-868e-02a140b7afc4","eClass":"sysml:FeatureTyping","data":{"elementId":"8063b05b-8203-430a-ae81-59fb1d1006d0","type":"95952b77-d8aa-4376-8936-182d9e2dcda5","typedFeature":"425e4b87-51d0-4b07-81d5-fd43f5af49a1"}}],"isComposite":true}}],"memberElement":"425e4b87-51d0-4b07-81d5-fd43f5af49a1"}}]}}],"memberElement":"4133653b-2455-4634-8d62-ee51ef5fe5b6"}},{"id":"f0c13f5a-cab0-4a87-8daf-a1d6add16695","eClass":"sysml:OwningMembership","data":{"elementId":"07092489-72d9-4183-beba-b3ba1ac1ca3b","ownedRelatedElement":[{"id":"c050fc94-9fe9-463d-bbcd-5f26e6fcdcd2","eClass":"sysml:ItemDefinition","data":{"declaredName":"PowerSource","elementId":"d922f8d7-ad67-49a6-8d7e-d1477f05d377","ownedRelationship":[{"id":"0ff957fa-1252-4289-a9f1-bc1409c27355","eClass":"sysml:FeatureMembership","data":{"elementId":"56e514a8-fbfa-46de-8ea8-44911986cc84","ownedRelatedElement":[{"id":"81b5cedd-f2f6-4bc3-bb2a-cabf2cfd9892","eClass":"sysml:AttributeUsage","data":{"declaredName":"energyLevel","elementId":"ba55fc39-b53d-4f4d-8749-8ac3e38a6f7f","ownedRelationship":[{"id":"959e8016-6391-4a43-b45b-2790553b2bf8","eClass":"sysml:FeatureTyping","data":{"elementId":"e94cffa6-111c-4cc7-a18b-27f33a2e814b","type":"bb02655b-75a6-44df-af16-30cef5ea77f9","typedFeature":"ba55fc39-b53d-4f4d-8749-8ac3e38a6f7f"}}],"isComposite":true}}],"memberElement":"ba55fc39-b53d-4f4d-8749-8ac3e38a6f7f"}},{"id":"e2f36c15-1ac8-4707-a732-b0ad1b3edbc2","eClass":"sysml:FeatureMembership","data":{"elementId":"ad7b71a5-ad0f-4ead-9bb9-da1ab7d9dc58","ownedRelatedElement":[{"id":"44d79030-575a-4d1f-a32e-699475f0da9b","eClass":"sysml:PortUsage","data":{"declaredName":"powerOutput","elementId":"663da2f7-1790-43dc-9a29-c7dda3929976","ownedRelationship":[{"id":"95afc575-2a5a-4923-9932-44476993586f","eClass":"sysml:FeatureTyping","data":{"elementId":"2d78d4cc-715e-4978-ad7b-0f415b52d888","type":"65c1d169-4e30-470a-b8d6-c5c47a69d32d","typedFeature":"663da2f7-1790-43dc-9a29-c7dda3929976"}}],"isComposite":true}}],"memberElement":"663da2f7-1790-43dc-9a29-c7dda3929976"}}]}}],"memberElement":"d922f8d7-ad67-49a6-8d7e-d1477f05d377"}},{"id":"c943b352-2218-44fd-8eec-8ecabf332654","eClass":"sysml:OwningMembership","data":{"elementId":"60876380-565c-4d38-ba66-d53ac611aa80","ownedRelatedElement":[{"id":"9cb1ab68-06d0-4990-81a1-1cba1653d2ad","eClass":"sysml:PortDefinition","data":{"declaredName":"PowerInterface","elementId":"65c1d169-4e30-470a-b8d6-c5c47a69d32d","ownedRelationship":[{"id":"b8760d64-92b6-4b6e-9337-2a90e8c7eedd","eClass":"sysml:FeatureMembership","data":{"elementId":"9d3013b8-662f-48f1-b3a9-6e7366ecb786","ownedRelatedElement":[{"id":"25fedd2e-d26d-4c1d-96fc-352b31125ea2","eClass":"sysml:ReferenceUsage","data":{"declaredName":"power","elementId":"a0c5a3dd-172b-49e7-aeba-ba50cacc02d4","ownedRelationship":[{"id":"ff4742c1-82b1-4b1d-80cf-52ac78c490cf","eClass":"sysml:FeatureTyping","data":{"elementId":"0f5a5443-c790-45ec-a6de-d615b7be910e","type":"95952b77-d8aa-4376-8936-182d9e2dcda5","typedFeature":"a0c5a3dd-172b-49e7-aeba-ba50cacc02d4"}}],"isComposite":true}}],"memberElement":"a0c5a3dd-172b-49e7-aeba-ba50cacc02d4"}}]}}],"memberElement":"65c1d169-4e30-470a-b8d6-c5c47a69d32d"}},{"id":"2f4d1d91-5d36-4814-84cf-c9760fbeb93a","eClass":"sysml:OwningMembership","data":{"elementId":"0152373e-b2a1-4b54-a58c-1594075637b0","ownedRelatedElement":[{"id":"6883aa5a-220f-44f8-9b42-034357bb7c3b","eClass":"sysml:ItemDefinition","data":{"declaredName":"Armrests","elementId":"a54a3a76-e49e-406f-a5b3-e2e2d7d90e72"}}],"memberElement":"a54a3a76-e49e-406f-a5b3-e2e2d7d90e72"}},{"id":"adfb7049-e4d7-4119-ad49-2320f3dbeff8","eClass":"sysml:OwningMembership","data":{"elementId":"c87ec307-e1a4-4081-b706-8df44eafbc91","ownedRelatedElement":[{"id":"7e3ead69-a5c4-4220-9c25-2d4f8809e4fb","eClass":"sysml:ItemDefinition","data":{"declaredName":"Footrest","elementId":"ac0eec59-499f-4641-899f-365e0e15b22f"}}],"memberElement":"ac0eec59-499f-4641-899f-365e0e15b22f"}},{"id":"7409b148-db43-446d-a333-ab64097b7cda","eClass":"sysml:OwningMembership","data":{"elementId":"294aa660-ba17-4668-8002-d4595e6ddd88","ownedRelatedElement":[{"id":"03d49438-ba7f-4f5b-bdcd-757cc9ab9805","eClass":"sysml:ItemDefinition","data":{"declaredName":"MountElement","elementId":"21a327c7-4b92-4efb-b24a-4cc1df0d9bed"}}],"memberElement":"21a327c7-4b92-4efb-b24a-4cc1df0d9bed"}},{"id":"237f1d66-5384-4686-9f5e-65f0345bb4c6","eClass":"sysml:OwningMembership","data":{"elementId":"98b24c1b-cb75-4ab3-9b85-c378846a72b0","ownedRelatedElement":[{"id":"fbc6443f-46bc-46d9-848a-4b8e79fe9247","eClass":"sysml:ItemDefinition","data":{"declaredName":"CommandSet","elementId":"f186f38d-dc7b-4460-ae3a-c88c8241266c"}}],"memberElement":"f186f38d-dc7b-4460-ae3a-c88c8241266c"}},{"id":"e32798a4-dddf-4ac6-8dae-fec45ed58e08","eClass":"sysml:OwningMembership","data":{"elementId":"06eb6e2a-0969-42e2-bd10-7d27ed2116ff","ownedRelatedElement":[{"id":"6ad090a9-a02b-4b16-af1b-bc2a3f210086","eClass":"sysml:ItemDefinition","data":{"declaredName":"PowerLevel","elementId":"95952b77-d8aa-4376-8936-182d9e2dcda5"}}],"memberElement":"95952b77-d8aa-4376-8936-182d9e2dcda5"}},{"id":"05fac4a9-8b23-43e9-89d7-27388cf9e6e6","eClass":"sysml:OwningMembership","data":{"elementId":"c6b1ffdf-6a35-438a-b3a0-b5bc08ede1ef","ownedRelatedElement":[{"id":"dc8c036a-9d4b-4cb4-98d1-4e07b1dbe1cb","eClass":"sysml:ItemDefinition","data":{"declaredName":"EnergyLevel","elementId":"bb02655b-75a6-44df-af16-30cef5ea77f9"}}],"memberElement":"bb02655b-75a6-44df-af16-30cef5ea77f9"}}]}}]}}]}}]}}]}}]}