{"id":"c4bd58cd-828c-42db-a577-b3a55642aa7f","projectId":"053d2e80-26ea-4004-9863-d618a03397f8","descriptionId":"siriusComponents://representationDescription?kind=diagramDescription&sourceKind=view&sourceId=8dcd14b0-6259-3193-ad2c-743f394c68e4&sourceElementId=db495705-e917-319b-af55-a32ad63f4089","targetObjectId":"d99e103e-1e95-4bcc-bb50-470bf59eef5e","label":"General View","kind":"siriusComponents://representation?type=Diagram","representation":{"id":"c4bd58cd-828c-42db-a577-b3a55642aa7f","kind":"siriusComponents://representation?type=Diagram","targetObjectId":"d99e103e-1e95-4bcc-bb50-470bf59eef5e","descriptionId":"siriusComponents://representationDescription?kind=diagramDescription&sourceKind=view&sourceId=8dcd14b0-6259-3193-ad2c-743f394c68e4&sourceElementId=db495705-e917-319b-af55-a32ad63f4089","label":"General View","nodes":[{"id":"decdcc6f-f258-3281-a1d6-ce7f4f7c2a59","type":"node:rectangle","targetObjectId":"b26b6313-22ea-4827-8e33-cc709658de4b","targetObjectKind":"siriusComponents://semantic?domain=sysml&entity=StateUsage","targetObjectLabel":"ToolUsageStates","descriptionId":"siriusComponents://nodeDescription?sourceKind=view&sourceId=8dcd14b0-6259-3193-ad2c-743f394c68e4&sourceElementId=446c7a40-524c-33ee-9985-aceaa87fd35e","borderNode":false,"modifiers":[],"state":"Normal","collapsingState":"EXPANDED","insideLabel":{"id":"575d4ee0-70b6-328f-b9ae-11f627a63b2e","text":"«parallel»\n«state»\nToolUsageStates","insideLabelLocation":"TOP_CENTER","style":{"color":"#000000","fontSize":14,"bold":false,"italic":false,"underline":false,"strikeThrough":false,"iconURL":["/icons/full/obj16/StateUsage.svg"],"background":"transparent","borderColor":"black","borderSize":0,"borderRadius":3,"borderStyle":"Solid","maxWidth":null},"isHeader":true,"headerSeparatorDisplayMode":"IF_CHILDREN","overflowStrategy":"NONE","textAlign":"CENTER"},"outsideLabels":[],"style":{"background":"#ffffff","borderColor":"#000000","borderSize":1,"borderRadius":10,"borderStyle":"Solid"},"childrenLayoutStrategy":{"areChildNodesDraggable":false,"topGap":0,"bottomGap":0,"growableNodeIds":[],"kind":"List"},"borderNodes":[],"childNodes":[{"id":"9ca93219-18cb-3996-a012-91236de07754","type":"node:rectangle","targetObjectId":"b26b6313-22ea-4827-8e33-cc709658de4b","targetObjectKind":"siriusComponents://semantic?domain=sysml&entity=StateUsage","targetObjectLabel":"ToolUsageStates","descriptionId":"siriusComponents://nodeDescription?sourceKind=view&sourceId=8dcd14b0-6259-3193-ad2c-743f394c68e4&sourceElementId=cfd420ab-03fa-3b67-b503-7a16a764105a","borderNode":false,"modifiers":[],"state":"Normal","collapsingState":"EXPANDED","insideLabel":{"id":"8dd2e4bd-016a-3869-b7ff-10b62876d358","text":"doc","insideLabelLocation":"TOP_CENTER","style":{"color":"#000000","fontSize":12,"bold":false,"italic":true,"underline":false,"strikeThrough":false,"iconURL":[],"background":"transparent","borderColor":"black","borderSize":0,"borderRadius":3,"borderStyle":"Solid","maxWidth":null},"isHeader":true,"headerSeparatorDisplayMode":"NEVER","overflowStrategy":"NONE","textAlign":"CENTER"},"outsideLabels":[],"style":{"background":"transparent","borderColor":"#000000","borderSize":1,"borderRadius":0,"borderStyle":"Solid"},"childrenLayoutStrategy":{"areChildNodesDraggable":true,"topGap":0,"bottomGap":10,"growableNodeIds":[],"kind":"List"},"borderNodes":[],"childNodes":[{"id":"cf482fb3-aa0a-3f78-b425-8be3c819dfa7","type":"node:icon-label","targetObjectId":"7e82829e-787f-492a-ab84-8c3c649977ea","targetObjectKind":"siriusComponents://semantic?domain=sysml&entity=Documentation","targetObjectLabel":"","descriptionId":"siriusComponents://nodeDescription?sourceKind=view&sourceId=8dcd14b0-6259-3193-ad2c-743f394c68e4&sourceElementId=2bf446dc-3919-3a82-8581-a5bed310e59e","borderNode":false,"modifiers":[],"state":"Normal","collapsingState":"EXPANDED","insideLabel":{"id":"047b0078-fdb1-3093-ba74-6f501638b111","text":"Proof of Concept behavior states demonstrating basic interaction workflows:\n                    file operations, program execution control, and feedback display.","insideLabelLocation":"TOP_LEFT","style":{"color":"#000000","fontSize":14,"bold":false,"italic":false,"underline":false,"strikeThrough":false,"iconURL":["/icons/full/obj16/Documentation.svg"],"background":"transparent","borderColor":"black","borderSize":0,"borderRadius":3,"borderStyle":"Solid","maxWidth":null},"isHeader":false,"headerSeparatorDisplayMode":"NEVER","overflowStrategy":"WRAP","textAlign":"LEFT"},"outsideLabels":[],"style":{"background":"transparent"},"childrenLayoutStrategy":null,"borderNodes":[],"childNodes":[],"defaultWidth":125,"defaultHeight":15,"labelEditable":true,"pinned":false}],"defaultWidth":125,"defaultHeight":60,"labelEditable":false,"pinned":false},{"id":"c976a631-b8a0-348f-a7f2-0a5c545ea53a","type":"node:rectangle","targetObjectId":"b26b6313-22ea-4827-8e33-cc709658de4b","targetObjectKind":"siriusComponents://semantic?domain=sysml&entity=StateUsage","targetObjectLabel":"ToolUsageStates","descriptionId":"siriusComponents://nodeDescription?sourceKind=view&sourceId=8dcd14b0-6259-3193-ad2c-743f394c68e4&sourceElementId=5fd15306-6f0f-3e6e-90e9-e33afd23f40d","borderNode":false,"modifiers":["Hidden"],"state":"Hidden","collapsingState":"EXPANDED","insideLabel":{"id":"ac92e78a-047b-31e7-a343-824365547827","text":"actions","insideLabelLocation":"TOP_CENTER","style":{"color":"#000000","fontSize":12,"bold":false,"italic":true,"underline":false,"strikeThrough":false,"iconURL":[],"background":"transparent","borderColor":"black","borderSize":0,"borderRadius":3,"borderStyle":"Solid","maxWidth":null},"isHeader":true,"headerSeparatorDisplayMode":"NEVER","overflowStrategy":"NONE","textAlign":"CENTER"},"outsideLabels":[],"style":{"background":"transparent","borderColor":"#000000","borderSize":1,"borderRadius":0,"borderStyle":"Solid"},"childrenLayoutStrategy":{"areChildNodesDraggable":true,"topGap":0,"bottomGap":10,"growableNodeIds":[],"kind":"List"},"borderNodes":[],"childNodes":[],"defaultWidth":125,"defaultHeight":60,"labelEditable":false,"pinned":false},{"id":"4bbe130a-7900-3f68-bbbd-30289ccb0279","type":"node:rectangle","targetObjectId":"b26b6313-22ea-4827-8e33-cc709658de4b","targetObjectKind":"siriusComponents://semantic?domain=sysml&entity=StateUsage","targetObjectLabel":"ToolUsageStates","descriptionId":"siriusComponents://nodeDescription?sourceKind=view&sourceId=8dcd14b0-6259-3193-ad2c-743f394c68e4&sourceElementId=7d0cc7a6-20d8-30e6-93cc-f32d664d1850","borderNode":false,"modifiers":[],"state":"Normal","collapsingState":"EXPANDED","insideLabel":{"id":"e4d1717d-a090-3135-8659-54bf786e786c","text":"states","insideLabelLocation":"TOP_CENTER","style":{"color":"#000000","fontSize":12,"bold":false,"italic":true,"underline":false,"strikeThrough":false,"iconURL":[],"background":"transparent","borderColor":"black","borderSize":0,"borderRadius":3,"borderStyle":"Solid","maxWidth":null},"isHeader":true,"headerSeparatorDisplayMode":"NEVER","overflowStrategy":"NONE","textAlign":"CENTER"},"outsideLabels":[],"style":{"background":"transparent","borderColor":"#000000","borderSize":1,"borderRadius":0,"borderStyle":"Solid"},"childrenLayoutStrategy":{"areChildNodesDraggable":true,"topGap":0,"bottomGap":10,"growableNodeIds":[],"kind":"List"},"borderNodes":[],"childNodes":[{"id":"5d2f31ce-4199-3b7b-97b4-c0b809e7dbc3","type":"node:icon-label","targetObjectId":"15aaf5f3-9fa9-447f-b49f-957f9530b7cd","targetObjectKind":"siriusComponents://semantic?domain=sysml&entity=StateUsage","targetObjectLabel":"FileOperationStates","descriptionId":"siriusComponents://nodeDescription?sourceKind=view&sourceId=8dcd14b0-6259-3193-ad2c-743f394c68e4&sourceElementId=cf0143b6-52d7-3314-9a17-e51ecdd22685","borderNode":false,"modifiers":[],"state":"Normal","collapsingState":"EXPANDED","insideLabel":{"id":"b90d5f86-8a17-3743-b5ca-0676f38bce45","text":"FileOperationStates","insideLabelLocation":"TOP_LEFT","style":{"color":"#000000","fontSize":14,"bold":false,"italic":false,"underline":false,"strikeThrough":false,"iconURL":["/icons/full/obj16/StateUsage.svg"],"background":"transparent","borderColor":"black","borderSize":0,"borderRadius":3,"borderStyle":"Solid","maxWidth":null},"isHeader":false,"headerSeparatorDisplayMode":"NEVER","overflowStrategy":"WRAP","textAlign":"LEFT"},"outsideLabels":[],"style":{"background":"transparent"},"childrenLayoutStrategy":null,"borderNodes":[],"childNodes":[],"defaultWidth":125,"defaultHeight":15,"labelEditable":true,"pinned":false},{"id":"f3eeb9f4-d00f-3869-a296-d627d8d88627","type":"node:icon-label","targetObjectId":"6e93b03f-e65d-414f-8ec5-9be3baea8dad","targetObjectKind":"siriusComponents://semantic?domain=sysml&entity=StateUsage","targetObjectLabel":"ProgrammingExecutionStates","descriptionId":"siriusComponents://nodeDescription?sourceKind=view&sourceId=8dcd14b0-6259-3193-ad2c-743f394c68e4&sourceElementId=cf0143b6-52d7-3314-9a17-e51ecdd22685","borderNode":false,"modifiers":[],"state":"Normal","collapsingState":"EXPANDED","insideLabel":{"id":"d29671dd-8821-3a80-bc5b-33e113883168","text":"ProgrammingExecutionStates","insideLabelLocation":"TOP_LEFT","style":{"color":"#000000","fontSize":14,"bold":false,"italic":false,"underline":false,"strikeThrough":false,"iconURL":["/icons/full/obj16/StateUsage.svg"],"background":"transparent","borderColor":"black","borderSize":0,"borderRadius":3,"borderStyle":"Solid","maxWidth":null},"isHeader":false,"headerSeparatorDisplayMode":"NEVER","overflowStrategy":"WRAP","textAlign":"LEFT"},"outsideLabels":[],"style":{"background":"transparent"},"childrenLayoutStrategy":null,"borderNodes":[],"childNodes":[],"defaultWidth":125,"defaultHeight":15,"labelEditable":true,"pinned":false}],"defaultWidth":125,"defaultHeight":60,"labelEditable":false,"pinned":false},{"id":"c5104b73-ed12-3343-9771-9dbd10887320","type":"node:rectangle","targetObjectId":"b26b6313-22ea-4827-8e33-cc709658de4b","targetObjectKind":"siriusComponents://semantic?domain=sysml&entity=StateUsage","targetObjectLabel":"ToolUsageStates","descriptionId":"siriusComponents://nodeDescription?sourceKind=view&sourceId=8dcd14b0-6259-3193-ad2c-743f394c68e4&sourceElementId=e86f891f-c5bb-35d0-9575-e34eaceda148","borderNode":false,"modifiers":[],"state":"Normal","collapsingState":"EXPANDED","insideLabel":{"id":"ab88e2fa-8da6-3b7d-a6d6-0585cee0286f","text":"exhibit states","insideLabelLocation":"TOP_CENTER","style":{"color":"#000000","fontSize":12,"bold":false,"italic":true,"underline":false,"strikeThrough":false,"iconURL":[],"background":"transparent","borderColor":"black","borderSize":0,"borderRadius":3,"borderStyle":"Solid","maxWidth":null},"isHeader":true,"headerSeparatorDisplayMode":"NEVER","overflowStrategy":"NONE","textAlign":"CENTER"},"outsideLabels":[],"style":{"background":"transparent","borderColor":"#000000","borderSize":1,"borderRadius":0,"borderStyle":"Solid"},"childrenLayoutStrategy":{"areChildNodesDraggable":true,"topGap":0,"bottomGap":10,"growableNodeIds":[],"kind":"List"},"borderNodes":[],"childNodes":[],"defaultWidth":125,"defaultHeight":60,"labelEditable":false,"pinned":false}],"defaultWidth":125,"defaultHeight":60,"labelEditable":true,"pinned":false}],"edges":[],"layoutData":{"nodeLayoutData":{"5d2f31ce-4199-3b7b-97b4-c0b809e7dbc3":{"id":"5d2f31ce-4199-3b7b-97b4-c0b809e7dbc3","position":{"x":0.0,"y":32.0},"size":{"width":165.7734375,"height":32.0},"resizedByUser":false},"9ca93219-18cb-3996-a012-91236de07754":{"id":"9ca93219-18cb-3996-a012-91236de07754","position":{"x":1.0,"y":68.0},"size":{"width":165.7734375,"height":282.0},"resizedByUser":false},"cf482fb3-aa0a-3f78-b425-8be3c819dfa7":{"id":"cf482fb3-aa0a-3f78-b425-8be3c819dfa7","position":{"x":0.0,"y":32.0},"size":{"width":165.7734375,"height":240.0},"resizedByUser":false},"decdcc6f-f258-3281-a1d6-ce7f4f7c2a59":{"id":"decdcc6f-f258-3281-a1d6-ce7f4f7c2a59","position":{"x":0.0,"y":0.0},"size":{"width":167.7734375,"height":533.0},"resizedByUser":false},"4bbe130a-7900-3f68-bbbd-30289ccb0279":{"id":"4bbe130a-7900-3f68-bbbd-30289ccb0279","position":{"x":1.0,"y":350.0},"size":{"width":165.7734375,"height":122.0},"resizedByUser":false},"c5104b73-ed12-3343-9771-9dbd10887320":{"id":"c5104b73-ed12-3343-9771-9dbd10887320","position":{"x":1.0,"y":472.0},"size":{"width":165.7734375,"height":60.0},"resizedByUser":false},"f3eeb9f4-d00f-3869-a296-d627d8d88627":{"id":"f3eeb9f4-d00f-3869-a296-d627d8d88627","position":{"x":0.0,"y":64.0},"size":{"width":165.7734375,"height":48.0},"resizedByUser":false},"c976a631-b8a0-348f-a7f2-0a5c545ea53a":{"id":"c976a631-b8a0-348f-a7f2-0a5c545ea53a","position":{"x":0.0,"y":0.0},"size":{"width":125.0,"height":60.0},"resizedByUser":false}},"edgeLayoutData":{},"labelLayoutData":{}}}}