{"json":{"version":"1.0","encoding":"utf-8"},"ns":{"sysml":"http://www.eclipse.org/syson/sysml"},"content":[{"id":"b7049055-aaee-4554-bec7-2e590339d34b","eClass":"sysml:Namespace","data":{"elementId":"6f790f57-bae7-4894-956b-a58baaabe1ce","ownedRelationship":[{"id":"41b670ba-6966-442d-88f8-a976b2d8d6bb","eClass":"sysml:OwningMembership","data":{"elementId":"10134a97-9219-48c9-ac1b-0357820d0981","ownedRelatedElement":[{"id":"ea8f54b3-9a91-4de7-a77d-0d084be9e77d","eClass":"sysml:Package","data":{"declaredName":"Package 1","elementId":"fa4f86da-23fc-4d89-a335-ecffa0dfb0d7","ownedRelationship":[{"id":"b9110f8a-01ad-4e12-935f-e4c0c20346bf","eClass":"sysml:OwningMembership","data":{"elementId":"12d0a9e4-e56a-41ab-a64f-bb788a8b6406","ownedRelatedElement":[{"id":"1feb2361-8019-4c22-bdea-7450fdf4639a","eClass":"sysml:Package","data":{"declaredName":"ChairLiftSystem","elementId":"94c2b567-0811-4d70-98b2-bd82501ec66c","ownedRelationship":[{"id":"65d1a57a-aa15-4624-9e90-8f2efb077795","eClass":"sysml:OwningMembership","data":{"elementId":"abddd1e3-c085-4f62-81c4-61181edfaab1","ownedRelatedElement":[{"id":"0f964578-a8fd-4db2-a205-c394f22e4b81","eClass":"sysml:Documentation","data":{"elementId":"2e289d07-6176-432b-af74-a1eee371a8f9","body":"This chairs aim is to help users daily and allow them to stay in the same house \n        even if they cannot climb the stairs."}}],"memberElement":"2e289d07-6176-432b-af74-a1eee371a8f9"}},{"id":"88474bed-6350-46a4-97c3-0c9240a312a0","eClass":"sysml:OwningMembership","data":{"elementId":"e7f006fe-25e0-494e-b52b-1808c9ef6b4e","ownedRelatedElement":[{"id":"3ad15307-bd72-42cc-b8ac-92436d848562","eClass":"sysml:Package","data":{"declaredName":"ChairComponents","elementId":"25edcf30-136d-4191-b8ec-5f7e87f37360","ownedRelationship":[{"id":"cbfd7437-d479-4400-b515-63a2ec363943","eClass":"sysml:OwningMembership","data":{"elementId":"8786991a-b05e-4329-828a-a22b3dba1b8c","ownedRelatedElement":[{"id":"159f70ab-b58a-465a-96a4-109e6c5ac6b5","eClass":"sysml:PartDefinition","data":{"declaredName":"Chair","elementId":"3b2ad84b-6f99-4760-8c49-b0608adbe1f9","ownedRelationship":[{"id":"60e5fdd8-ef29-4f91-957a-5591b7a6e412","eClass":"sysml:FeatureMembership","data":{"elementId":"0ce16c12-1eb0-4f44-b3fd-a7d6e72404a3","ownedRelatedElement":[{"id":"5343bdc1-21cd-4aed-8ff5-304df1f149ff","eClass":"sysml:AttributeUsage","data":{"declaredName":"materialType","elementId":"c4d137b3-fab1-42f5-922f-7e1b4a2e4e14","isComposite":true}}],"memberElement":"c4d137b3-fab1-42f5-922f-7e1b4a2e4e14"}},{"id":"80a26859-9470-48a3-bd53-3bfd80ab7084","eClass":"sysml:OwningMembership","data":{"elementId":"944d7eb5-6e2e-4bb3-9bb2-31b799760a21","ownedRelatedElement":[{"id":"a9b45988-7d60-4919-a945-7c90a86daaca","eClass":"sysml:Documentation","data":{"elementId":"2e2988b4-908a-4ea6-b5c7-985fb1104872","body":"The material of the chair should be soft for the user comfort"}}],"memberElement":"2e2988b4-908a-4ea6-b5c7-985fb1104872"}},{"id":"934d2d51-e8a3-4bf9-85c3-529eefaba324","eClass":"sysml:FeatureMembership","data":{"elementId":"194303ee-1165-4289-ac4e-0c3e3ee8b284","ownedRelatedElement":[{"id":"44a6554e-ebb7-4b49-a367-1e6d79f6ccfd","eClass":"sysml:AttributeUsage","data":{"declaredName":"isFoldable","elementId":"b0c14365-b6d4-4bd9-a6e6-b259f5dd42b3","ownedRelationship":[{"id":"192696af-4496-4bdb-8961-5b20770606bd","eClass":"sysml:FeatureTyping","data":{"elementId":"ccff614a-b3af-4312-8feb-42d1c56802bf","type":"sysml:DataType kermllibrary:///b2c6dd37-2084-3ce4-9ce2-580fdf30629c#d1e9242d-b2e3-5270-bf69-4f4fb0447193","typedFeature":"b0c14365-b6d4-4bd9-a6e6-b259f5dd42b3"}},{"id":"d539796b-051a-48eb-885a-167a2a86b95c","eClass":"sysml:FeatureValue","data":{"elementId":"af989f8e-8509-4191-beb9-a34590b8707b","ownedRelatedElement":[{"id":"eac1cb5e-d5ac-45f0-8baa-4c0064e111e6","eClass":"sysml:LiteralBoolean","data":{"elementId":"767e0948-52ca-446c-a062-77e9dd91aac9"}}],"memberElement":"767e0948-52ca-446c-a062-77e9dd91aac9"}}],"isComposite":true}}],"memberElement":"b0c14365-b6d4-4bd9-a6e6-b259f5dd42b3"}},{"id":"d18d0fb3-4aa5-4690-b9e8-b889e5ced593","eClass":"sysml:FeatureMembership","data":{"elementId":"ee87ee4b-3ab8-475f-95df-72000916fb52","ownedRelatedElement":[{"id":"f0af5e3d-6f03-4778-b524-3e31d9097a92","eClass":"sysml:PartUsage","data":{"declaredName":"armrest","elementId":"b6eff7df-7ace-4d5b-98af-16687367cb5f","ownedRelationship":[{"id":"4b0b7986-9734-4729-92d8-2147bb03320e","eClass":"sysml:FeatureTyping","data":{"elementId":"34325a1d-9570-4ae9-9e56-95f30180c9b9","type":"25fce5e7-9729-4362-9331-7b6475030bd5","typedFeature":"b6eff7df-7ace-4d5b-98af-16687367cb5f"}},{"id":"c0d3f8fa-9150-4244-8bf3-2b07cd555179","eClass":"sysml:FeatureMembership","data":{"elementId":"ea46b622-75fc-4737-83de-63e73f3dbe44","ownedRelatedElement":[{"id":"2feccf86-536b-47ee-9396-071f5c300100","eClass":"sysml:PortUsage","data":{"declaredName":"port","elementId":"2b723c3b-461e-4682-9c24-d48902f95480","isComposite":true}}]}},{"id":"d1f2a13a-75fd-4155-bbab-0cda61c66f87","eClass":"sysml:FeatureMembership","data":{"elementId":"405c237b-0a5f-4ee5-b5a4-1a7a340f3022","ownedRelatedElement":[{"id":"a7e1bf46-efc3-4b19-a447-5ecf771d93cf","eClass":"sysml:PortUsage","data":{"declaredName":"port","elementId":"9bf5c1c8-483c-499c-aabd-6332d3c6f7a7","isComposite":true}}]}}],"isComposite":true}}],"memberElement":"b6eff7df-7ace-4d5b-98af-16687367cb5f"}},{"id":"56e25992-fe3e-4161-b0c7-d4b305d4179a","eClass":"sysml:FeatureMembership","data":{"elementId":"aa5bf435-b11e-43df-b455-2b06bac77294","ownedRelatedElement":[{"id":"428eae03-74a7-4d97-b65a-0bf3b91646c6","eClass":"sysml:PartUsage","data":{"declaredName":"footrest","elementId":"1658d711-28d7-49be-8ffd-98f6794ab5bd","ownedRelationship":[{"id":"5a88b17b-e7ca-407d-99ca-8d9e069250ac","eClass":"sysml:FeatureTyping","data":{"elementId":"52cba289-63f9-4fec-813b-7d9e54fcc3c4","type":"80f6c238-6076-455e-a6f4-6cf5fd384f46","typedFeature":"1658d711-28d7-49be-8ffd-98f6794ab5bd"}},{"id":"1da22904-fddb-49f9-b05f-f0d7a48310a3","eClass":"sysml:FeatureMembership","data":{"elementId":"d85271fd-92a6-453a-a743-f65d46a260d5","ownedRelatedElement":[{"id":"37fa44d3-7ac0-4218-ba57-aaa7572655d7","eClass":"sysml:PortUsage","data":{"declaredName":"port","elementId":"195bd347-312b-45a1-aff6-4aa4d2293d2b","isComposite":true}}]}}],"isComposite":true}}],"memberElement":"1658d711-28d7-49be-8ffd-98f6794ab5bd"}},{"id":"49174122-c115-469a-84fd-8cb83f00aedc","eClass":"sysml:FeatureMembership","data":{"elementId":"8da45199-6e85-4159-964e-6df11d94bbb9","ownedRelatedElement":[{"id":"a925317a-20c8-4940-9f4e-894bc6b7bb80","eClass":"sysml:PartUsage","data":{"declaredName":"controlPanel","elementId":"a2227b10-7526-41f7-b995-2caa42d2873a","ownedRelationship":[{"id":"fe8c5ac0-35e8-4764-b855-4fe7cc8fb328","eClass":"sysml:FeatureTyping","data":{"elementId":"b72c915c-baf6-4997-86ad-d59b54e3d911","type":"bff8f420-a199-4741-a00b-66222c0695bd","typedFeature":"a2227b10-7526-41f7-b995-2caa42d2873a"}},{"id":"8b9daaa4-fe1d-4d1d-9b61-4d2fe33ab0d0","eClass":"sysml:FeatureMembership","data":{"elementId":"9e1ba234-7616-4ce6-8dbc-6fe674e7c5ee","ownedRelatedElement":[{"id":"53a4b9c1-a261-4129-99a7-5f34b38f6efd","eClass":"sysml:PortUsage","data":{"declaredName":"port","elementId":"a0dbaf9c-8a05-463c-9605-2e72749f883d","isComposite":true}}]}},{"id":"ebe2f1f0-03a4-4903-93f2-2b8d7cf013e1","eClass":"sysml:FeatureMembership","data":{"elementId":"a54e851c-cfe2-4059-b55f-e20fd23434d7","ownedRelatedElement":[{"id":"df13255d-bc68-435c-b98d-ed4c1628666a","eClass":"sysml:PortUsage","data":{"declaredName":"port","elementId":"ed618037-cd55-4d5d-bbad-aac3958cbd71","isComposite":true}}]}},{"id":"530f9a11-22d6-4a9d-9667-de1691a9b2b9","eClass":"sysml:FeatureMembership","data":{"elementId":"6c15c9db-5faa-4030-a5a0-e39530ffa36b","ownedRelatedElement":[{"id":"a0a8c012-9dfd-43a6-9cf3-152da224a944","eClass":"sysml:PortUsage","data":{"declaredName":"port","elementId":"3295c671-aa6f-4a1c-a595-8cf60496fdeb","isComposite":true}}]}}],"isComposite":true}}],"memberElement":"a2227b10-7526-41f7-b995-2caa42d2873a"}},{"id":"179ff61c-cc1f-4858-a2ff-b0fc0da9da0a","eClass":"sysml:FeatureMembership","data":{"elementId":"9a3488f0-426f-4e9e-a00d-f504735b1b11","ownedRelatedElement":[{"id":"a40f7465-6fde-4008-9295-03bfab24cb68","eClass":"sysml:PartUsage","data":{"declaredName":"chairBase","elementId":"868a7bf9-e673-4788-b782-3a5b0bcdb047","ownedRelationship":[{"id":"62c3ea4e-71a8-4ae9-8bd1-2e5f4f8feebf","eClass":"sysml:FeatureTyping","data":{"elementId":"9024b9c9-b2c4-41b9-adf2-ecda0a507199","type":"9713d709-a6f9-482d-b1f7-50a0c491deb0","typedFeature":"868a7bf9-e673-4788-b782-3a5b0bcdb047"}},{"id":"87d82a53-95fe-4fee-a12d-e75c0c41df9a","eClass":"sysml:FeatureMembership","data":{"elementId":"07ec1582-80e4-43b0-a099-0ffcb6d9a627","ownedRelatedElement":[{"id":"64da0189-1fbe-437a-adb8-027771f85c60","eClass":"sysml:PortUsage","data":{"declaredName":"port","elementId":"bbaf7211-0da8-4fbb-83f0-afac005de20e","isComposite":true}}]}},{"id":"46aeba36-6bbf-4b70-aba0-469263215f0b","eClass":"sysml:FeatureMembership","data":{"elementId":"89c8840d-90dd-415e-a119-7e3cab6ea2aa","ownedRelatedElement":[{"id":"1b530321-4744-491d-a0e1-4326d5d570ce","eClass":"sysml:PortUsage","data":{"declaredName":"port","elementId":"70023153-dad2-47a1-8445-62ba82c6010e","isComposite":true}}]}},{"id":"a7da1b2a-7c64-428e-a50d-51152c34b6f1","eClass":"sysml:FeatureMembership","data":{"elementId":"6fbf2b90-2609-4650-8129-2f113550d27f","ownedRelatedElement":[{"id":"ecabb2aa-4a8e-4bde-a78f-b0ad62321eba","eClass":"sysml:PortUsage","data":{"declaredName":"port","elementId":"47d82a78-4675-4be0-93b1-d7406b3586bf","isComposite":true}}]}},{"id":"c962630e-6291-4b4f-9d63-51d6b414db84","eClass":"sysml:FeatureMembership","data":{"elementId":"065e6bf9-076d-43ee-82c6-e43deaa8f25c","ownedRelatedElement":[{"id":"217ea7f3-d117-436e-881d-0401cc3bcfcc","eClass":"sysml:PortUsage","data":{"declaredName":"port","elementId":"ca04c08a-57f9-4049-bc80-cf93467e2509","isComposite":true}}]}}],"isComposite":true}}],"memberElement":"868a7bf9-e673-4788-b782-3a5b0bcdb047"}},{"id":"c1e16f25-971f-4671-8339-5ae4e1f5b720","eClass":"sysml:FeatureMembership","data":{"elementId":"5fea59f7-8c82-4216-aecd-6e8cf0044e15","ownedRelatedElement":[{"id":"cfc59ba8-bc7f-4d9c-905e-a78cc3628f0a","eClass":"sysml:PartUsage","data":{"declaredName":"motor","elementId":"4add7636-50c9-43e9-b5b1-0c2ccecaa328","ownedRelationship":[{"id":"b727aeb6-e13c-40e1-b98b-c66fda46b854","eClass":"sysml:FeatureTyping","data":{"elementId":"e4230b4e-41ca-443c-9eee-b0895eee6b0b","type":"ec2013c4-21d5-47ca-8674-e0e841528e86","typedFeature":"4add7636-50c9-43e9-b5b1-0c2ccecaa328"}},{"id":"39fbeb4e-9e7b-4c88-97c5-f00393a3e4c7","eClass":"sysml:FeatureMembership","data":{"elementId":"d34163f2-927a-41de-9803-d842116fdbb0","ownedRelatedElement":[{"id":"a533f91d-ce7d-41ca-8264-d5f807b03439","eClass":"sysml:PortUsage","data":{"declaredName":"port","elementId":"53d69cc3-e550-4149-9643-ecc4d7f51ded","isComposite":true}}]}},{"id":"42c61d03-7fd7-4139-aa6d-d2d3f32295a3","eClass":"sysml:FeatureMembership","data":{"elementId":"0b959758-ae52-4919-adda-5a5e142f5866","ownedRelatedElement":[{"id":"8c380a4c-636d-4d4e-9331-df5bb32ed9de","eClass":"sysml:PortUsage","data":{"declaredName":"port","elementId":"38da2571-1e46-4cfc-891b-a06db6dc29a3","isComposite":true}}]}},{"id":"ce67b603-d069-4e89-9174-c0b4fddb5251","eClass":"sysml:FeatureMembership","data":{"elementId":"4aa0a810-6994-407c-9088-be811f6c008d","ownedRelatedElement":[{"id":"680cfc2c-2d28-4b7c-8f06-c59b86e263d7","eClass":"sysml:PortUsage","data":{"declaredName":"port","elementId":"eae6fbfb-9827-41bb-86bd-1826175bd25d","isComposite":true}}]}},{"id":"b9cd6b4e-4825-49d0-9506-65ecc9541d74","eClass":"sysml:FeatureMembership","data":{"elementId":"51809052-b4e0-4005-8291-15adfbb222aa","ownedRelatedElement":[{"id":"7ed4bebe-1c6d-40ed-a2b8-7d56a3daad78","eClass":"sysml:PortUsage","data":{"declaredName":"port","elementId":"a6b7b718-73b7-41ee-bf4c-b31cfbf97031","isComposite":true}}]}},{"id":"5ae4378f-5b5c-45ad-ae47-72c0972d24e0","eClass":"sysml:FeatureMembership","data":{"elementId":"484fa4ad-159d-4a78-a687-1539c0dfc351","ownedRelatedElement":[{"id":"8ed0cc46-a23f-4b43-b246-3111fab0824f","eClass":"sysml:PortUsage","data":{"declaredName":"port","elementId":"d83cda90-f1a5-409c-afb7-81bb737bdaf3","isComposite":true}}]}}],"isComposite":true}}],"memberElement":"4add7636-50c9-43e9-b5b1-0c2ccecaa328"}},{"id":"177a8a8b-33e9-40a4-a3f1-642902ba3fac","eClass":"sysml:FeatureMembership","data":{"elementId":"b8325f2a-6175-4b4d-bc60-fe5e31ccb72e","ownedRelatedElement":[{"id":"092c9e24-93be-43e4-a2eb-dfd22f12a78c","eClass":"sysml:PartUsage","data":{"declaredName":"energysource","elementId":"5bd8a169-9484-46c6-81bf-ba404dff6184","ownedRelationship":[{"id":"181a7c0d-0637-4557-8038-1086e42e59ac","eClass":"sysml:FeatureTyping","data":{"elementId":"4e5671ff-0f20-4c9f-b1f1-1a7253954612","type":"ca207208-95f8-4a67-8868-8a9de151297c","typedFeature":"5bd8a169-9484-46c6-81bf-ba404dff6184"}},{"id":"459f1d70-af0a-4327-869b-259c033b16e4","eClass":"sysml:FeatureMembership","data":{"elementId":"cff82963-a448-496d-850b-a7343c9c654f","ownedRelatedElement":[{"id":"ed32455b-a0ab-4a54-b3f2-1272bd739262","eClass":"sysml:PortUsage","data":{"declaredName":"port","elementId":"c00e841c-f6bc-41a9-8987-83ea973a1c06","isComposite":true}}]}},{"id":"edea7b27-7fe2-4bb0-8df1-7d7460083d87","eClass":"sysml:FeatureMembership","data":{"elementId":"7e09376f-1b18-4202-9bf7-c0fc51a0b11a","ownedRelatedElement":[{"id":"fae23ef7-d2e7-4253-8c3d-993961d047b5","eClass":"sysml:PortUsage","data":{"declaredName":"port","elementId":"98fce146-e30d-4a30-90ba-f674c5d07198","isComposite":true}}]}},{"id":"f9975ef8-2aeb-4f50-b87d-ba9a90b0af86","eClass":"sysml:FeatureMembership","data":{"elementId":"9f9e329e-aa27-4ec8-a4cf-be8e684c3f73","ownedRelatedElement":[{"id":"16a17b45-e67a-4258-bb17-eac4d295ec05","eClass":"sysml:PortUsage","data":{"declaredName":"port","elementId":"56ffa4cc-9ded-401c-8fab-5021421bf81c","isComposite":true}}]}},{"id":"ee3aa9d6-7b49-49d5-aafc-3864bb18d252","eClass":"sysml:FeatureMembership","data":{"elementId":"ff8223ce-a8d8-4d4d-a0d5-ab9d2422e1ea","ownedRelatedElement":[{"id":"951a98a8-0606-4e86-983a-e910a68ddd69","eClass":"sysml:PortUsage","data":{"declaredName":"port","elementId":"c400d24f-e476-4eb5-91a1-05beef860251","isComposite":true}}]}}],"isComposite":true}}],"memberElement":"5bd8a169-9484-46c6-81bf-ba404dff6184"}},{"id":"b1b978c8-7775-423f-9009-259c20928519","eClass":"sysml:FeatureMembership","data":{"elementId":"31a5cbf0-5df4-4094-9066-c03039a5f5ba","ownedRelatedElement":[{"id":"bb08b37f-7fd6-4230-a84d-b21294a08468","eClass":"sysml:PartUsage","data":{"declaredName":"rail","elementId":"a573c8af-3fc3-4a5d-abe3-a5de655629cf","ownedRelationship":[{"id":"00204951-ad4a-46f3-8d22-370fab2ce675","eClass":"sysml:FeatureTyping","data":{"elementId":"324f450a-f34e-4c90-b8c8-e3f85c490f3b","type":"d8bc7d8b-85e0-4bd1-95a6-c0647f3d02ff","typedFeature":"a573c8af-3fc3-4a5d-abe3-a5de655629cf"}},{"id":"ea44332d-e91f-4626-a69e-b6dc5e091f09","eClass":"sysml:FeatureMembership","data":{"elementId":"e69e339f-5d99-4c0b-976a-d630558c346f","ownedRelatedElement":[{"id":"57180587-508c-4f11-be52-8d4ae7ed5a82","eClass":"sysml:PortUsage","data":{"declaredName":"port","elementId":"0a9b95ea-4c75-48bc-8db7-587f670ba5f2","isComposite":true}}]}},{"id":"9616114c-1cfa-4d3e-abe1-295364c237cb","eClass":"sysml:FeatureMembership","data":{"elementId":"1e144acb-468a-4506-89d3-7af323f52f03","ownedRelatedElement":[{"id":"87cb31eb-7a47-418a-951a-2f48d0d9b006","eClass":"sysml:PortUsage","data":{"declaredName":"port","elementId":"774a1cfb-bbb7-4fa0-87a0-8816fedf847f","isComposite":true}}]}}],"isComposite":true}}],"memberElement":"a573c8af-3fc3-4a5d-abe3-a5de655629cf"}},{"id":"7b086a12-78e8-4162-89c3-f3b8f0043c2a","eClass":"sysml:FeatureMembership","data":{"elementId":"80e188ac-2261-4f12-ad8d-51d4c957aac9","ownedRelatedElement":[{"id":"88089b15-3936-4895-8e2d-eb86c81b908c","eClass":"sysml:PartUsage","data":{"declaredName":"sensors","elementId":"cec058be-fcef-4035-9369-5acea9672098","ownedRelationship":[{"id":"1eaeaff7-e33a-4c55-b22d-0f595b7f27f3","eClass":"sysml:FeatureTyping","data":{"elementId":"4c3eb1fa-4cf1-4a31-874c-29b988addf67","type":"713542f9-5b0d-4480-bda8-b78538441280","typedFeature":"cec058be-fcef-4035-9369-5acea9672098"}},{"id":"d40e7d84-9f7f-4322-ac64-c206629c9b07","eClass":"sysml:FeatureMembership","data":{"elementId":"bc4b2696-5e2b-4701-9353-64044dec5a7c","ownedRelatedElement":[{"id":"8833afba-3c4c-43a5-86bb-541d11e56085","eClass":"sysml:PortUsage","data":{"declaredName":"port","elementId":"b9c789cd-6ec0-46fc-b74e-b08167496c02","isComposite":true}}]}},{"id":"2c3a370e-0d8e-4cfb-a781-b8ef8e653527","eClass":"sysml:FeatureMembership","data":{"elementId":"91aa7014-4051-44ec-8bb5-aba2a4327fe9","ownedRelatedElement":[{"id":"5d8b55db-e9f5-4be7-88d5-bc0cde6579e1","eClass":"sysml:PortUsage","data":{"declaredName":"port","elementId":"9907c5d5-b92a-44f5-bff0-0c9d1823cca9","isComposite":true}}]}}],"isComposite":true}}],"memberElement":"cec058be-fcef-4035-9369-5acea9672098"}},{"id":"0489752b-733b-40a8-b4ff-bf54af630bbd","eClass":"sysml:FeatureMembership","data":{"elementId":"b1a97f02-23bb-45b1-ac78-bba30b511a3d","ownedRelatedElement":[{"id":"c7ad3dfb-e65b-48bb-b436-483f4aa484ec","eClass":"sysml:PartUsage","data":{"declaredName":"controllor","elementId":"19038235-9c4c-4cbb-9d9b-fa29f2541b86","ownedRelationship":[{"id":"33ca646e-28cc-4fe1-9027-6997b759529c","eClass":"sysml:FeatureTyping","data":{"elementId":"54b0e42a-aa2e-43de-80f2-bcf118cd3144","type":"87726471-c4ec-4dd8-984d-355e33b9e280","typedFeature":"19038235-9c4c-4cbb-9d9b-fa29f2541b86"}},{"id":"227d844d-92dd-4858-9e96-55a3317d2e51","eClass":"sysml:FeatureMembership","data":{"elementId":"1b01f3cc-5d03-4291-9809-1f8dfab1c20d","ownedRelatedElement":[{"id":"8676638d-67fd-4a91-b62d-3dae09cd4cde","eClass":"sysml:PortUsage","data":{"declaredName":"port","elementId":"ff0da9b3-1f6b-410d-a7f9-a07da4979e21","isComposite":true}}]}},{"id":"a7fde4fa-6944-4bdb-988c-b67505a15925","eClass":"sysml:FeatureMembership","data":{"elementId":"6b987fde-25f9-4fba-b2b9-f93d4d8061ec","ownedRelatedElement":[{"id":"8da90db6-a319-469c-8245-89e3ab27d3a5","eClass":"sysml:PortUsage","data":{"declaredName":"port","elementId":"d014ff26-1246-48d8-8491-98778a2adfb3","isComposite":true}}]}},{"id":"f508f07b-1a2e-416f-bb59-abf9deddc1e1","eClass":"sysml:FeatureMembership","data":{"elementId":"17ff226e-9a89-4c0b-a4d9-b6f79c8fbd0a","ownedRelatedElement":[{"id":"d9ebd943-f84e-468d-968f-817360e17ed0","eClass":"sysml:PortUsage","data":{"declaredName":"port","elementId":"4903b452-50e2-4dbf-9a51-91cba95cc4c9","isComposite":true}}]}}],"isComposite":true}}],"memberElement":"19038235-9c4c-4cbb-9d9b-fa29f2541b86"}},{"id":"82bddb23-907a-4346-87d9-2322c6f7ef3e","eClass":"sysml:FeatureMembership","data":{"elementId":"e6cfe473-e9d0-43e5-a223-a743c15f4c63","ownedRelatedElement":[{"id":"0c7873b6-252b-4fc7-8480-39a472f8cd0b","eClass":"sysml:FlowConnectionUsage","data":{"declaredName":"flow","elementId":"60939282-6e5b-40d6-bd34-10d1e8cc6e99","ownedRelationship":[{"id":"468b73ae-e537-4f48-8e14-7ec9adb31d41","eClass":"sysml:EndFeatureMembership","data":{"elementId":"80a2fa20-4306-4736-b8f7-9cf9bee4157e","ownedRelatedElement":[{"id":"ac1ae0cd-7493-4b7f-98df-aa7bed8be086","eClass":"sysml:Feature","data":{"elementId":"7ef45ee7-eec9-459f-8e05-1d71ecd574c4","ownedRelationship":[{"id":"89539668-ed90-4c08-b540-373938464b5a","eClass":"sysml:ReferenceSubsetting","data":{"declaredName":"references","elementId":"3b1dedb8-f405-4a2d-9684-6cf6b61d29a6","referencedFeature":"b9c789cd-6ec0-46fc-b74e-b08167496c02"}}],"isEnd":true}}]}},{"id":"3c76fd95-89f3-4ab5-95fe-307d7dd58e51","eClass":"sysml:EndFeatureMembership","data":{"elementId":"ac952bd7-825e-49ad-be4f-90c90f996a40","ownedRelatedElement":[{"id":"bc77859c-0a32-4413-955c-49bb578e5430","eClass":"sysml:Feature","data":{"elementId":"75b00f1c-2d48-46c8-8c83-88afd790d32a","ownedRelationship":[{"id":"5cc62a74-94d6-4b09-9391-98dedfcd8915","eClass":"sysml:ReferenceSubsetting","data":{"declaredName":"references","elementId":"90e0044d-5e05-47ec-8f6b-e1e348ed8598","referencedFeature":"ff0da9b3-1f6b-410d-a7f9-a07da4979e21"}}],"isEnd":true}}]}}]}}]}},{"id":"09998fc4-65d3-4f65-b57d-195b0a61be4a","eClass":"sysml:FeatureMembership","data":{"elementId":"9374804d-f7d8-46d0-8382-42020cf10905","ownedRelatedElement":[{"id":"c82daa2c-812e-4152-bd24-75fb49cd0793","eClass":"sysml:InterfaceUsage","data":{"declaredName":"connect","elementId":"1e2e9bc6-b713-4cf7-814a-f570bdcc2eaa","ownedRelationship":[{"id":"10e4c5ac-7298-4f37-89ea-3c1a78bf3f4c","eClass":"sysml:EndFeatureMembership","data":{"elementId":"b8150716-320a-449c-a84a-f9fe0d240c80","ownedRelatedElement":[{"id":"ea167574-45ca-47c1-b0f2-720af7041a3a","eClass":"sysml:Feature","data":{"elementId":"892bfd15-8501-4e77-8695-66439fa5424f","ownedRelationship":[{"id":"98cc425d-f288-4a00-b849-bd70e32412bc","eClass":"sysml:ReferenceSubsetting","data":{"declaredName":"references","elementId":"e79080d6-1401-426d-9010-a7e8ea23dddc","referencedFeature":"d014ff26-1246-48d8-8491-98778a2adfb3"}}],"isEnd":true}}]}},{"id":"63fa0dfb-ae96-4c42-8fad-24ec85c79b31","eClass":"sysml:EndFeatureMembership","data":{"elementId":"2cf3f9bc-3ccd-4f63-a86c-108dd8da41cd","ownedRelatedElement":[{"id":"81363a5b-e5af-4757-bd5c-d4700283c186","eClass":"sysml:Feature","data":{"elementId":"9fdfbe82-c5c8-48f1-b3c7-61f6d5f38da0","ownedRelationship":[{"id":"6e9007fa-86f6-4885-95de-58b7968bd470","eClass":"sysml:ReferenceSubsetting","data":{"declaredName":"references","elementId":"2e5cd0f7-8cfe-4fa9-a820-5211d9072a8a","referencedFeature":"53d69cc3-e550-4149-9643-ecc4d7f51ded"}}],"isEnd":true}}]}}],"isComposite":true}}]}},{"id":"a0096c21-37b7-4f73-8b7c-3f498826fe6d","eClass":"sysml:FeatureMembership","data":{"elementId":"bd91fb9f-fe8a-487f-a106-a79507b8b4a2","ownedRelatedElement":[{"id":"746caf21-cd60-439c-9b62-ff67e0cc9086","eClass":"sysml:FlowConnectionUsage","data":{"declaredName":"flow","elementId":"a96e06cc-14d4-4db8-a780-3372ca07dece","ownedRelationship":[{"id":"3c22fe9f-d786-46be-b9f3-3ed610f61230","eClass":"sysml:EndFeatureMembership","data":{"elementId":"0650d2d0-be90-442f-ba8c-6740c748102d","ownedRelatedElement":[{"id":"8262f338-3d81-4054-b54c-a73685162608","eClass":"sysml:Feature","data":{"elementId":"01bbc688-c334-49b9-b098-c2fab774354b","ownedRelationship":[{"id":"a7f6556b-76b4-49ad-af85-4909e9002929","eClass":"sysml:ReferenceSubsetting","data":{"declaredName":"references","elementId":"c2844284-1650-49c9-b8a7-f0cb11e19753","referencedFeature":"a0dbaf9c-8a05-463c-9605-2e72749f883d"}}],"isEnd":true}}]}},{"id":"6e970d27-e7ad-4f66-8ab0-e9bbf718ca5a","eClass":"sysml:EndFeatureMembership","data":{"elementId":"417ce63c-f1e4-4a7d-a21f-e37dbf8a95cd","ownedRelatedElement":[{"id":"12ed0376-3fbd-4426-a697-a7b1461294d5","eClass":"sysml:Feature","data":{"elementId":"87e345b3-a7e7-4d23-a02b-9061de20e836","ownedRelationship":[{"id":"31565baa-d874-481f-b18e-f9620ab63850","eClass":"sysml:ReferenceSubsetting","data":{"declaredName":"references","elementId":"a1e7f485-b6eb-40a5-a288-f02b34f6368f","referencedFeature":"38da2571-1e46-4cfc-891b-a06db6dc29a3"}}],"isEnd":true}}]}}]}}]}},{"id":"becaf1a2-8fdb-4ad4-91b8-7b79eca5e851","eClass":"sysml:FeatureMembership","data":{"elementId":"d50aebfb-6923-4964-bcce-949714e557df","ownedRelatedElement":[{"id":"c9d06436-9cbe-435e-bc3d-d786aa3ef76a","eClass":"sysml:InterfaceUsage","data":{"declaredName":"connect","elementId":"366f49a2-80c6-457b-a9b0-02d21524f3b2","ownedRelationship":[{"id":"ef8b3a76-88bc-4704-aac4-4b3501af3aa8","eClass":"sysml:EndFeatureMembership","data":{"elementId":"8b407dc9-9140-49a6-a225-76b0ca1cefec","ownedRelatedElement":[{"id":"7bed13df-d7e2-4c07-a8ad-c746e0fc9326","eClass":"sysml:Feature","data":{"elementId":"361e10b8-64e6-4691-b0ad-b5cbb5b12155","ownedRelationship":[{"id":"5ba1ead3-637b-4de6-8005-e81c62c15386","eClass":"sysml:ReferenceSubsetting","data":{"declaredName":"references","elementId":"caa081e3-1c25-40d0-8c22-b9a96935b60e","referencedFeature":"eae6fbfb-9827-41bb-86bd-1826175bd25d"}}],"isEnd":true}}]}},{"id":"6f680043-b46f-4c36-a23f-372274f109c0","eClass":"sysml:EndFeatureMembership","data":{"elementId":"b40029cb-4742-4c3d-b8e5-20d2f75c8530","ownedRelatedElement":[{"id":"38ecf0c9-4928-4110-a729-4c0f68cbdaf9","eClass":"sysml:Feature","data":{"elementId":"4df250d9-c91a-481e-857c-36be25020c4b","ownedRelationship":[{"id":"4450e8c6-c3ea-4814-bb78-6bccb89d33c3","eClass":"sysml:ReferenceSubsetting","data":{"declaredName":"references","elementId":"1d356c78-0128-43f3-b202-1880facc7bef","referencedFeature":"0a9b95ea-4c75-48bc-8db7-587f670ba5f2"}}],"isEnd":true}}]}}],"isComposite":true}}]}},{"id":"699b7334-9239-4365-bfcc-4dc252900ef2","eClass":"sysml:FeatureMembership","data":{"elementId":"a9cb2743-6e2b-4e1f-9928-5a794faebf23","ownedRelatedElement":[{"id":"90b25dd3-0d93-4ff1-97a4-3c1f577f9133","eClass":"sysml:InterfaceUsage","data":{"declaredName":"connect","elementId":"f890381f-73cb-4ac3-ba59-cd550410b456","ownedRelationship":[{"id":"f91252fd-b235-4f17-aeb7-d9990b0b09f8","eClass":"sysml:EndFeatureMembership","data":{"elementId":"ac1ab7e7-70fa-4564-be8b-f0af7a00f96b","ownedRelatedElement":[{"id":"2432b287-8c62-4131-b9f7-f0adee096739","eClass":"sysml:Feature","data":{"elementId":"4ffb31b5-b4ae-4c34-847a-ea8feaae5b06","ownedRelationship":[{"id":"829e12e7-de58-4ae8-8a71-6717251796a0","eClass":"sysml:ReferenceSubsetting","data":{"declaredName":"references","elementId":"37d4cc2f-00c6-4b41-984b-83449143fd89","referencedFeature":"ed618037-cd55-4d5d-bbad-aac3958cbd71"}}],"isEnd":true}}]}},{"id":"58bd097d-ca4b-4830-a46e-c027726905a8","eClass":"sysml:EndFeatureMembership","data":{"elementId":"75c80445-1fe7-47bc-9618-7512f95e7dcc","ownedRelatedElement":[{"id":"6b47d39f-d113-4b40-9245-4861fa647c23","eClass":"sysml:Feature","data":{"elementId":"598cd08e-449a-4df8-9f37-e56c0ac97886","ownedRelationship":[{"id":"abc51002-d877-4fc3-a991-99fd1f923b95","eClass":"sysml:ReferenceSubsetting","data":{"declaredName":"references","elementId":"363c0538-e289-4eb0-88d0-758a09ef06f7","referencedFeature":"2b723c3b-461e-4682-9c24-d48902f95480"}}],"isEnd":true}}]}}],"isComposite":true}}]}},{"id":"eea764eb-0ef4-48cd-801e-86ca04fe9386","eClass":"sysml:FeatureMembership","data":{"elementId":"ffd45d11-65c4-4883-821b-fb68ae7388b8","ownedRelatedElement":[{"id":"e23aaaf8-213f-4d6d-9c08-a34456858a99","eClass":"sysml:FlowConnectionUsage","data":{"declaredName":"flow","elementId":"00798349-fe55-4bba-ac6b-c903a888088f","ownedRelationship":[{"id":"08158cb8-c979-45f1-b4da-48d9cbc6a71f","eClass":"sysml:EndFeatureMembership","data":{"elementId":"30da521a-b547-40c5-954e-beafcb3a7405","ownedRelatedElement":[{"id":"69cbd423-5f8d-48ff-ad72-a39ba7b11276","eClass":"sysml:Feature","data":{"elementId":"9168e310-4cd7-4700-af3d-608ce998bd38","ownedRelationship":[{"id":"bd968db4-759f-4105-838f-c582270a8cd5","eClass":"sysml:ReferenceSubsetting","data":{"declaredName":"references","elementId":"6a2afd37-a26b-4bf1-a428-8cc712233197","referencedFeature":"c00e841c-f6bc-41a9-8987-83ea973a1c06"}}],"isEnd":true}}]}},{"id":"cc9bb6e9-81d8-4a05-9796-fcafdbe0735c","eClass":"sysml:EndFeatureMembership","data":{"elementId":"5789169f-e9ad-4759-a81c-a69918729d25","ownedRelatedElement":[{"id":"b859341b-eeb9-49b4-8274-5af57f881ae4","eClass":"sysml:Feature","data":{"elementId":"6a8f459e-3766-4428-90a9-9c72c8564e4f","ownedRelationship":[{"id":"6b7d0d73-0c67-470a-b48c-2b3b126ccd37","eClass":"sysml:ReferenceSubsetting","data":{"declaredName":"references","elementId":"20d09909-161a-4f37-b7f5-45f5e14cc6ba","referencedFeature":"a6b7b718-73b7-41ee-bf4c-b31cfbf97031"}}],"isEnd":true}}]}}]}}]}},{"id":"f3c7e2fa-5e88-4e75-8f84-043f9443dc20","eClass":"sysml:FeatureMembership","data":{"elementId":"216e9ecb-fefd-4fb8-bfcc-27fefdb48246","ownedRelatedElement":[{"id":"93253e46-f812-4d01-950d-8bb278cb2f85","eClass":"sysml:FlowConnectionUsage","data":{"declaredName":"flow","elementId":"e493db9c-4942-4ef4-8a66-0f0a4be75c32","ownedRelationship":[{"id":"13244db6-a5b0-47dc-9ea4-e2d88c89c736","eClass":"sysml:EndFeatureMembership","data":{"elementId":"aa04b82c-b8c1-4544-accf-ebba3dd29711","ownedRelatedElement":[{"id":"0210fb64-1f87-4fc4-9787-fa52f04792cf","eClass":"sysml:Feature","data":{"elementId":"2e04aa84-6626-42d2-934d-63fc14846c4e","ownedRelationship":[{"id":"e1af053e-e52b-4dc0-a26d-bed9b07aa7e3","eClass":"sysml:ReferenceSubsetting","data":{"declaredName":"references","elementId":"e55ef443-1aeb-4517-9c09-b8077c18559e","referencedFeature":"98fce146-e30d-4a30-90ba-f674c5d07198"}}],"isEnd":true}}]}},{"id":"4df6ebf9-35c8-474f-a0b0-cee45883f229","eClass":"sysml:EndFeatureMembership","data":{"elementId":"8a08f758-8b41-4f8e-93cd-dd44cfffb4de","ownedRelatedElement":[{"id":"c95cf951-a397-4e08-8da8-fb38a8552366","eClass":"sysml:Feature","data":{"elementId":"9be25903-9b66-41a8-a843-340efb906c3c","ownedRelationship":[{"id":"73491f3b-62b4-4937-97f5-4f440394b1ea","eClass":"sysml:ReferenceSubsetting","data":{"declaredName":"references","elementId":"4ea403e9-4e2b-4a26-a6e6-71588b8a8c99","referencedFeature":"4903b452-50e2-4dbf-9a51-91cba95cc4c9"}}],"isEnd":true}}]}}]}}]}},{"id":"47d391fa-dfbb-438f-857a-407ec3fb9a16","eClass":"sysml:FeatureMembership","data":{"elementId":"f8264cd1-2327-4713-a8e9-9642f0b18ccf","ownedRelatedElement":[{"id":"9eafd168-431c-4f8a-9907-c38dff3fe814","eClass":"sysml:FlowConnectionUsage","data":{"declaredName":"flow","elementId":"c759ba17-360f-40c0-9582-d8ccedf9d04e","ownedRelationship":[{"id":"f353e718-9aa2-450c-8672-7f2826e4e0c6","eClass":"sysml:EndFeatureMembership","data":{"elementId":"62108311-d420-4752-81af-35c60bb21aed","ownedRelatedElement":[{"id":"5b76e968-b904-4bfd-ad99-5e847fb7dd1c","eClass":"sysml:Feature","data":{"elementId":"232cfefd-5356-44c7-94e0-d92761e3cea5","ownedRelationship":[{"id":"4784bedd-4fb0-4463-94f8-81e475877377","eClass":"sysml:ReferenceSubsetting","data":{"declaredName":"references","elementId":"ffe9fdf8-5dab-413c-a26e-1cafba91daf9","referencedFeature":"56ffa4cc-9ded-401c-8fab-5021421bf81c"}}],"isEnd":true}}]}},{"id":"201020e4-e6e3-4b68-8f71-c6ca7cf58880","eClass":"sysml:EndFeatureMembership","data":{"elementId":"9d712069-7a62-4f75-b12b-fdefbdb7b97c","ownedRelatedElement":[{"id":"b44597ee-297f-4245-abae-682d369555a4","eClass":"sysml:Feature","data":{"elementId":"8e70e742-f870-42d0-bf48-5125e17d4238","ownedRelationship":[{"id":"91e326f7-6863-4d68-a3de-b1f9d64239d7","eClass":"sysml:ReferenceSubsetting","data":{"declaredName":"references","elementId":"d2ea9726-2394-4d58-9898-56343d1b59fe","referencedFeature":"9907c5d5-b92a-44f5-bff0-0c9d1823cca9"}}],"isEnd":true}}]}}]}}]}},{"id":"51010978-14e6-48ee-b080-15e805e53857","eClass":"sysml:FeatureMembership","data":{"elementId":"fcbf01b0-3a2f-48f8-9b7f-c4a3e475caea","ownedRelatedElement":[{"id":"599729b0-0a02-48ca-8200-6bfe2a0152cc","eClass":"sysml:FlowConnectionUsage","data":{"declaredName":"flow","elementId":"30f57213-0b3c-464d-a568-2a202c8b826e","ownedRelationship":[{"id":"bbe5a106-7f75-4870-8b2d-d9732de7e87b","eClass":"sysml:EndFeatureMembership","data":{"elementId":"6fcf507e-2bd9-4d66-88c9-9d83002dc927","ownedRelatedElement":[{"id":"00a9f575-6ecd-45ba-b8c6-0bb3189842f3","eClass":"sysml:Feature","data":{"elementId":"73840599-997d-4100-8660-308e27d830a2","ownedRelationship":[{"id":"6621cd83-b6c6-447c-beec-7935d2a2c4ac","eClass":"sysml:ReferenceSubsetting","data":{"declaredName":"references","elementId":"a0abfc89-6342-4d5f-9240-a1bc95cc3bac","referencedFeature":"c400d24f-e476-4eb5-91a1-05beef860251"}}],"isEnd":true}}]}},{"id":"c380194a-10a3-4fce-b0f4-13b791260822","eClass":"sysml:EndFeatureMembership","data":{"elementId":"33143bb3-7eb1-4c7f-bd24-7b4fbcff9c7f","ownedRelatedElement":[{"id":"e391e6a7-db08-46be-b29f-6333817c2992","eClass":"sysml:Feature","data":{"elementId":"d55931d0-c373-4bc5-b153-99b901b25129","ownedRelationship":[{"id":"2ad850f8-b9e8-4140-b635-3a7321a996e3","eClass":"sysml:ReferenceSubsetting","data":{"declaredName":"references","elementId":"28192a3d-c867-4566-b9b8-368da0f8d7bb","referencedFeature":"3295c671-aa6f-4a1c-a595-8cf60496fdeb"}}],"isEnd":true}}]}}]}}]}},{"id":"269bc32d-11b3-40e2-9b39-3ebd36b40c7f","eClass":"sysml:FeatureMembership","data":{"elementId":"ef65e950-ba17-4a05-b8c8-5e0b69b029d5","ownedRelatedElement":[{"id":"ee7258a5-847f-4e58-b162-741ec021f495","eClass":"sysml:InterfaceUsage","data":{"declaredName":"connect","elementId":"66ff8dce-7585-4e89-8f1c-86ef1cff387c","ownedRelationship":[{"id":"0d78cfd9-dc6b-45c8-b148-cf1f128efdf9","eClass":"sysml:EndFeatureMembership","data":{"elementId":"bbb7098d-9d4c-4972-8bb8-3f1d9c6619fa","ownedRelatedElement":[{"id":"b9da5652-3012-4d2a-914a-47c9fb24ddda","eClass":"sysml:Feature","data":{"elementId":"46faf13d-55b0-4339-a9f4-9c4a1e1acf06","ownedRelationship":[{"id":"11303ade-bcde-4466-a6a6-cd1cbed442d6","eClass":"sysml:ReferenceSubsetting","data":{"declaredName":"references","elementId":"88d9d8c3-740b-475c-818c-5b6bc23237e0","referencedFeature":"195bd347-312b-45a1-aff6-4aa4d2293d2b"}}],"isEnd":true}}]}},{"id":"b81a4af9-2b55-493c-b74b-d4321a30e851","eClass":"sysml:EndFeatureMembership","data":{"elementId":"df6c2080-3e32-4863-8785-ac2e7209041b","ownedRelatedElement":[{"id":"615e07e6-a94a-44fa-b241-a333e2fa4ceb","eClass":"sysml:Feature","data":{"elementId":"c0ad1fce-4936-4ebf-831a-7033f26e1ee9","ownedRelationship":[{"id":"0b733f8f-5bc8-4412-892a-23669281b9aa","eClass":"sysml:ReferenceSubsetting","data":{"declaredName":"references","elementId":"0109c4ac-c726-4265-bdcd-150bfe25573a","referencedFeature":"47d82a78-4675-4be0-93b1-d7406b3586bf"}}],"isEnd":true}}]}}],"isComposite":true}}]}},{"id":"05f66424-9d2e-4e71-b867-b6019b3ffbbe","eClass":"sysml:FeatureMembership","data":{"elementId":"fa178d79-c589-4dca-989b-f6c0be2be2b1","ownedRelatedElement":[{"id":"d6b78b09-df53-4ddc-b512-d9424b290e51","eClass":"sysml:InterfaceUsage","data":{"declaredName":"connect","elementId":"2b77ebb8-0cf7-4ca3-9712-9ebc4e8a8ac5","ownedRelationship":[{"id":"198002c6-baad-438b-9695-a71fd35635bd","eClass":"sysml:EndFeatureMembership","data":{"elementId":"42e49450-493d-4002-929a-0c5af40e8767","ownedRelatedElement":[{"id":"ad8a80f3-9c30-4365-960d-77a112af285f","eClass":"sysml:Feature","data":{"elementId":"fcbce514-f0a3-4e60-aa2c-a4d224af0af1","ownedRelationship":[{"id":"c0bfa601-8714-4a1a-8c3d-7d82d28ef0d1","eClass":"sysml:ReferenceSubsetting","data":{"declaredName":"references","elementId":"77a114d2-8c89-4d64-a0e3-927f6b9bc27f","referencedFeature":"9bf5c1c8-483c-499c-aabd-6332d3c6f7a7"}}],"isEnd":true}}]}},{"id":"3c7a3a9b-6a52-415d-b0f7-9c13dfb0b22c","eClass":"sysml:EndFeatureMembership","data":{"elementId":"a1740ac8-bf4d-45e2-99e4-d2e64f2824ed","ownedRelatedElement":[{"id":"62a38a2c-8079-44b6-aeb0-918e44e12a1b","eClass":"sysml:Feature","data":{"elementId":"df328c12-acfb-4250-81a1-6a65740de2d6","ownedRelationship":[{"id":"527feba2-8aa5-43bf-999f-4af0c1993a49","eClass":"sysml:ReferenceSubsetting","data":{"declaredName":"references","elementId":"b09778f5-faf2-4b8c-a368-be82b57a4a20","referencedFeature":"bbaf7211-0da8-4fbb-83f0-afac005de20e"}}],"isEnd":true}}]}}],"isComposite":true}}]}},{"id":"dbf406aa-3024-4431-a772-c9a3d5247686","eClass":"sysml:FeatureMembership","data":{"elementId":"cb6b59ab-b388-4938-8459-0494a241750e","ownedRelatedElement":[{"id":"a96ec512-b074-4e13-8e6b-41fca94629b8","eClass":"sysml:InterfaceUsage","data":{"declaredName":"connect","elementId":"9ca358f3-ae60-4cea-90d5-b673959254f6","ownedRelationship":[{"id":"114357c8-a406-44bd-ac6a-7e11170954f1","eClass":"sysml:EndFeatureMembership","data":{"elementId":"b630682d-cef7-45eb-bb94-c6c57d256543","ownedRelatedElement":[{"id":"a0525f6a-4061-49a6-b57c-ae5f6ed99629","eClass":"sysml:Feature","data":{"elementId":"7d43f598-620b-41c2-82f1-3c854388067f","ownedRelationship":[{"id":"0d559bbf-fdf1-4bb0-bbae-79ec7cdea871","eClass":"sysml:ReferenceSubsetting","data":{"declaredName":"references","elementId":"2dda963b-8d88-454d-83d2-f634966266de","referencedFeature":"70023153-dad2-47a1-8445-62ba82c6010e"}}],"isEnd":true}}]}},{"id":"e07aab25-32cc-4b23-8c2e-a8ebe2d52e86","eClass":"sysml:EndFeatureMembership","data":{"elementId":"5b50c4dc-5db7-4920-800c-378a806a1ca2","ownedRelatedElement":[{"id":"ada69aae-381b-45c4-9bcc-760904106adf","eClass":"sysml:Feature","data":{"elementId":"40bf1d75-2de3-471d-94d5-713ec889b0c0","ownedRelationship":[{"id":"820eebcd-ccab-41a2-b5d5-b08789c93803","eClass":"sysml:ReferenceSubsetting","data":{"declaredName":"references","elementId":"816fa17f-0b43-47e0-a949-f231f5747492","referencedFeature":"774a1cfb-bbb7-4fa0-87a0-8816fedf847f"}}],"isEnd":true}}]}}],"isComposite":true}}]}},{"id":"985c9994-7d04-4bc6-90d5-f09a18d6b927","eClass":"sysml:FeatureMembership","data":{"elementId":"6485a685-610f-4c6b-80e6-812bcf85e405","ownedRelatedElement":[{"id":"a1e48e66-bb0c-429c-ab2b-2fc7ab50e8de","eClass":"sysml:InterfaceUsage","data":{"declaredName":"connect","elementId":"a1e838f7-1b08-4fd0-8b3f-2bbfa0c016e7","ownedRelationship":[{"id":"5cd0a3d4-6ddf-4f55-beba-adf1bb72123e","eClass":"sysml:EndFeatureMembership","data":{"elementId":"711ddae4-389a-4bc5-a0da-51f91b681c3b","ownedRelatedElement":[{"id":"fa5c436b-f87d-4043-893f-4397ffe3fbcd","eClass":"sysml:Feature","data":{"elementId":"282f8b36-4fe6-466b-916b-a78bc35e9d19","ownedRelationship":[{"id":"464fb168-d47e-42ec-b255-b168c5916ed0","eClass":"sysml:ReferenceSubsetting","data":{"declaredName":"references","elementId":"302fb4fb-6ead-4257-b68f-3f67fa15f1da","referencedFeature":"ca04c08a-57f9-4049-bc80-cf93467e2509"}}],"isEnd":true}}]}},{"id":"36ba5e24-a396-41d9-b29e-3c1881709134","eClass":"sysml:EndFeatureMembership","data":{"elementId":"3404ea61-c496-4e2a-9d18-962c933d7756","ownedRelatedElement":[{"id":"174091e9-bef0-480b-a6a1-a3974a32d309","eClass":"sysml:Feature","data":{"elementId":"53a82c94-bc6f-43ae-a333-a868594edf49","ownedRelationship":[{"id":"761fbbc6-7130-443b-aa85-f06f4cae479c","eClass":"sysml:ReferenceSubsetting","data":{"declaredName":"references","elementId":"08714fc8-d8c8-4c57-a682-6b653e5b9ef9","referencedFeature":"d83cda90-f1a5-409c-afb7-81bb737bdaf3"}}],"isEnd":true}}]}}],"isComposite":true}}]}}]}}],"memberElement":"3b2ad84b-6f99-4760-8c49-b0608adbe1f9"}},{"id":"75e26c5d-3766-4209-96b7-e6c477efbf6c","eClass":"sysml:OwningMembership","data":{"elementId":"2e88903d-3a73-4e77-8589-af0063e5b040","ownedRelatedElement":[{"id":"2854aa11-1a12-4c65-b091-f3e3a089625b","eClass":"sysml:PartDefinition","data":{"declaredName":"ChairBase","elementId":"9713d709-a6f9-482d-b1f7-50a0c491deb0","ownedRelationship":[{"id":"e5c0a6f3-b7f0-410c-a1dc-ca73326382e3","eClass":"sysml:OwningMembership","data":{"elementId":"36abda42-0d18-4367-9877-986113eb2ef4","ownedRelatedElement":[{"id":"3484e6a9-f842-48dd-9ad9-00bce8bd3b7b","eClass":"sysml:Documentation","data":{"elementId":"87811db5-b28a-4308-b28a-4dc7f5650114","body":"This chair base should be able to help the user to get up by following and helping their mouvment"}}],"memberElement":"87811db5-b28a-4308-b28a-4dc7f5650114"}}]}}],"memberElement":"9713d709-a6f9-482d-b1f7-50a0c491deb0"}},{"id":"dcbf65a0-e9a4-499c-91bf-76b0e9db6b83","eClass":"sysml:OwningMembership","data":{"elementId":"f5bba14d-940d-4c61-bae8-5c5f43e6f11f","ownedRelatedElement":[{"id":"af248b7e-28f7-4cd3-92ab-684caa4e3c6e","eClass":"sysml:PartDefinition","data":{"declaredName":"Armrest","elementId":"25fce5e7-9729-4362-9331-7b6475030bd5","ownedRelationship":[{"id":"d5711410-6245-47cb-b689-43e0da92b05a","eClass":"sysml:OwningMembership","data":{"elementId":"96a09811-f916-4438-ad68-3f385920e7bb","ownedRelatedElement":[{"id":"aed28454-d3dd-494a-bcef-415aa42d8fc6","eClass":"sysml:Documentation","data":{"elementId":"50409866-f328-4541-b031-bedb89e509d9","body":"Provides support to help the user sit and stand up."}}],"memberElement":"50409866-f328-4541-b031-bedb89e509d9"}},{"id":"08e6af90-b559-46e7-96f3-3815d0edffed","eClass":"sysml:FeatureMembership","data":{"elementId":"fd1b58e9-f156-4455-87ad-4312825b29d0","ownedRelatedElement":[{"id":"0dd48f57-eb64-48fb-a8b9-1248b03cadd5","eClass":"sysml:PartUsage","data":{"declaredName":"controlPanel","elementId":"34f5deec-5f0e-454f-bbe2-88b584c9bea1","ownedRelationship":[{"id":"5538cd93-e701-45a8-9eba-d818eec64648","eClass":"sysml:FeatureTyping","data":{"elementId":"5381b0ce-1610-4ba1-a506-8e68740007e5","type":"bff8f420-a199-4741-a00b-66222c0695bd","typedFeature":"34f5deec-5f0e-454f-bbe2-88b584c9bea1"}}],"isComposite":true}}],"memberElement":"34f5deec-5f0e-454f-bbe2-88b584c9bea1"}}]}}],"memberElement":"25fce5e7-9729-4362-9331-7b6475030bd5"}},{"id":"2d0d4f98-871e-4588-a71c-52c0a5b1cb8e","eClass":"sysml:OwningMembership","data":{"elementId":"4ea56ed5-ce7a-43e5-9b13-6bf27b8e6b22","ownedRelatedElement":[{"id":"f204a5ea-ed50-4eaf-976e-ddfdd1bfbdf4","eClass":"sysml:PartDefinition","data":{"declaredName":"Footrest","elementId":"80f6c238-6076-455e-a6f4-6cf5fd384f46","ownedRelationship":[{"id":"711dc25a-5d7a-425e-8028-87d1aa92d1cb","eClass":"sysml:OwningMembership","data":{"elementId":"92898bf4-f1d8-41e9-8dc4-a8874d7c88be","ownedRelatedElement":[{"id":"27dd65b1-ebb7-4f73-973f-e777d484a11e","eClass":"sysml:Documentation","data":{"elementId":"c749fba5-20a8-4b27-a6f1-f2b5b1aa1b8e","body":"Increases user comfort during usage."}}],"memberElement":"c749fba5-20a8-4b27-a6f1-f2b5b1aa1b8e"}}]}}],"memberElement":"80f6c238-6076-455e-a6f4-6cf5fd384f46"}},{"id":"07b2c4d5-bf9c-40a8-8dd2-49070f269aef","eClass":"sysml:OwningMembership","data":{"elementId":"20efe849-4b80-4ba5-a413-9a5a03cc2ead","ownedRelatedElement":[{"id":"8838af4f-e792-46ce-84c2-f9aff0b077c7","eClass":"sysml:PartDefinition","data":{"declaredName":"ControlPanel","elementId":"bff8f420-a199-4741-a00b-66222c0695bd","ownedRelationship":[{"id":"883e59eb-c5f1-4f7b-bc9a-e8ccf92f662b","eClass":"sysml:OwningMembership","data":{"elementId":"469655e8-e805-4f86-acaf-f35631d411b9","ownedRelatedElement":[{"id":"24d07210-8373-4542-8a66-a3817e8d4c56","eClass":"sysml:Documentation","data":{"elementId":"46b27816-b053-49fe-b9c0-327205fd30ef","body":"Panel to control chair functions located on the armrest."}}],"memberElement":"46b27816-b053-49fe-b9c0-327205fd30ef"}},{"id":"8e1e41ee-5588-493f-ad5c-79da226a7367","eClass":"sysml:FeatureMembership","data":{"elementId":"1f1c1e44-67b2-4036-b8f3-e726e0b070ed","ownedRelatedElement":[{"id":"df75a1c6-1208-4e1b-a7c4-f0bb29f78c98","eClass":"sysml:PortUsage","data":{"declaredName":"controlCommands","elementId":"e8df0eb2-b4f1-448a-9436-1ff4f5afb2a2","ownedRelationship":[{"id":"729cfe6e-8f68-467e-b0a9-fb6e4d1ca498","eClass":"sysml:FeatureTyping","data":{"elementId":"441466e1-db24-445b-ab80-778b84ac708a","type":"8d29e8a3-414c-4aed-8a2d-b13f82182585","typedFeature":"e8df0eb2-b4f1-448a-9436-1ff4f5afb2a2"}}],"isComposite":true}}],"memberElement":"e8df0eb2-b4f1-448a-9436-1ff4f5afb2a2"}}]}}],"memberElement":"bff8f420-a199-4741-a00b-66222c0695bd"}},{"id":"9c4e0389-f3bb-4f0c-b60d-9463771dbb9a","eClass":"sysml:OwningMembership","data":{"elementId":"1ffa2c03-7ad5-420a-9f64-24bea65ecd0c","ownedRelatedElement":[{"id":"32dabfa0-70d6-42c4-b9fc-9821fb3e1433","eClass":"sysml:PartDefinition","data":{"declaredName":"Motor","elementId":"ec2013c4-21d5-47ca-8674-e0e841528e86","ownedRelationship":[{"id":"c1f4dec7-6a03-4186-bf07-de1ccd24c6a8","eClass":"sysml:OwningMembership","data":{"elementId":"52e46489-f2a2-44f4-92bf-b1d43e67076b","ownedRelatedElement":[{"id":"ddd379fd-1dd9-4b2c-8fba-bbc35d6dc44e","eClass":"sysml:Documentation","data":{"elementId":"ffcfe8ce-f272-4a52-98a1-efb9b94181dd","body":"Provides the mechanical force needed to move the chair along the rail."}}],"memberElement":"ffcfe8ce-f272-4a52-98a1-efb9b94181dd"}},{"id":"8a99004e-2ee0-4b7e-8180-985d7f1462ec","eClass":"sysml:FeatureMembership","data":{"elementId":"29ae4752-a728-4b40-85f8-1bb04968d3d1","ownedRelatedElement":[{"id":"b08b26ff-a882-41a2-b8bf-d801ca69e473","eClass":"sysml:PortUsage","data":{"declaredName":"inputPower","elementId":"7f9f51c3-bdb3-484e-ab7f-7c35eca53475","ownedRelationship":[{"id":"e6ff30b2-7efd-4240-8e05-5efa710e7013","eClass":"sysml:FeatureTyping","data":{"elementId":"32be8c53-6159-44dd-98e1-c6dc0ac4cb50","type":"37a0ea8c-2628-4392-ac16-0c0698f0f335","typedFeature":"7f9f51c3-bdb3-484e-ab7f-7c35eca53475"}}],"isComposite":true}}],"memberElement":"7f9f51c3-bdb3-484e-ab7f-7c35eca53475"}},{"id":"1430bc46-f589-4e0a-bcf0-66c650f8283f","eClass":"sysml:FeatureMembership","data":{"elementId":"9a7653b9-aa76-49d8-a039-521bf94eb078","ownedRelatedElement":[{"id":"ff866785-d0ff-4c5d-a6c5-565b0aa559ec","eClass":"sysml:PortUsage","data":{"declaredName":"movementControl","elementId":"f10ec5fa-02cf-4e11-8629-22cde39bd165","ownedRelationship":[{"id":"e904b522-1f1d-4855-9c87-2f689c3e617e","eClass":"sysml:FeatureTyping","data":{"elementId":"5c25fc02-288a-41fb-a5f3-aed6a83334ba","type":"67c8a248-14bf-481f-9a1f-9d6fe7b6bc41","typedFeature":"f10ec5fa-02cf-4e11-8629-22cde39bd165"}}],"isComposite":true}}],"memberElement":"f10ec5fa-02cf-4e11-8629-22cde39bd165"}}]}}],"memberElement":"ec2013c4-21d5-47ca-8674-e0e841528e86"}},{"id":"bf2480b3-bbee-438e-a694-153501d97276","eClass":"sysml:OwningMembership","data":{"elementId":"13813be7-3657-4a32-9dbf-c198ac2d9df8","ownedRelatedElement":[{"id":"3551b5ff-d260-44cc-9a91-bcdec8f9d9ea","eClass":"sysml:PartDefinition","data":{"declaredName":"EnergySource","elementId":"ca207208-95f8-4a67-8868-8a9de151297c","ownedRelationship":[{"id":"10598377-7315-4e5d-8081-541e0f863681","eClass":"sysml:OwningMembership","data":{"elementId":"71ab413e-4a41-4707-90a6-d2a1352afbea","ownedRelatedElement":[{"id":"9a26ea1d-ae0c-4364-b51e-199bd4303d52","eClass":"sysml:Documentation","data":{"elementId":"b6efa86c-4b95-4653-98ba-5b9a98d78caf","body":"Provides energy to the motor."}}],"memberElement":"b6efa86c-4b95-4653-98ba-5b9a98d78caf"}},{"id":"3babb8ac-cecb-4556-b731-5e0cfc2b7ac7","eClass":"sysml:FeatureMembership","data":{"elementId":"91008f3d-6c78-4ad0-82ea-11b97e2a86c7","ownedRelatedElement":[{"id":"ab111b1f-84b6-44b1-8742-d10fd6e21127","eClass":"sysml:AttributeUsage","data":{"declaredName":"powerCapacity","elementId":"c3b78990-f521-419d-b66c-430266c128c4","ownedRelationship":[{"id":"b6334ebe-c19d-4df6-b3e5-d8b81b8b8243","eClass":"sysml:FeatureTyping","data":{"elementId":"3f62fa53-a831-4ddc-8663-2ea356d86098","type":"sysml:DataType kermllibrary:///b2c6dd37-2084-3ce4-9ce2-580fdf30629c#14c0aa22-5489-59b5-b438-ded26e83ba31","typedFeature":"c3b78990-f521-419d-b66c-430266c128c4"}},{"id":"2827f4e4-a315-487b-b787-f0386ec73663","eClass":"sysml:FeatureValue","data":{"elementId":"8484bf82-09c1-4805-bce2-3bf98ef772ab","ownedRelatedElement":[{"id":"6015fdf1-3d00-47b5-8058-38ec423c2cb5","eClass":"sysml:LiteralInteger","data":{"elementId":"ec386e4e-a091-4f8a-88e4-8a41f744c938","value":500}}],"memberElement":"ec386e4e-a091-4f8a-88e4-8a41f744c938"}}],"isComposite":true}}],"memberElement":"c3b78990-f521-419d-b66c-430266c128c4"}},{"id":"24ed5f53-bb86-4707-92a2-37fb9128668f","eClass":"sysml:FeatureMembership","data":{"elementId":"6be8f2ae-ed3f-4fe3-8da5-7d61d7a0044b","ownedRelatedElement":[{"id":"ab433844-4308-473d-aba5-6657ebe8ce97","eClass":"sysml:PortUsage","data":{"declaredName":"outputPower","elementId":"e91ad0e6-56b6-4dd1-963f-e61178b624f0","ownedRelationship":[{"id":"a79bb033-447d-4a3d-a044-5b5d7b1be028","eClass":"sysml:FeatureTyping","data":{"elementId":"f5e3a050-464f-4926-840f-08398ebf4ae0","type":"37a0ea8c-2628-4392-ac16-0c0698f0f335","typedFeature":"e91ad0e6-56b6-4dd1-963f-e61178b624f0"}}],"isComposite":true}}],"memberElement":"e91ad0e6-56b6-4dd1-963f-e61178b624f0"}}]}}],"memberElement":"ca207208-95f8-4a67-8868-8a9de151297c"}},{"id":"725d450b-9e4e-4946-9a3b-a46a10c82b89","eClass":"sysml:OwningMembership","data":{"elementId":"44baf7cc-4f14-48f1-9f38-93e5c7a3caae","ownedRelatedElement":[{"id":"5fbe46b6-ee6c-4554-aece-3d79c73c7053","eClass":"sysml:PartDefinition","data":{"declaredName":"Rail","elementId":"d8bc7d8b-85e0-4bd1-95a6-c0647f3d02ff","ownedRelationship":[{"id":"89f1b8ba-ec44-41ec-a44f-648cc62ff48a","eClass":"sysml:OwningMembership","data":{"elementId":"69acd0e7-fff6-4b3b-a6f7-05808bac84d0","ownedRelatedElement":[{"id":"bab4131e-3564-4507-ba27-eb09e27c5b93","eClass":"sysml:Documentation","data":{"elementId":"b0ec4c70-972f-4504-b266-647e9e2c5d66","body":"Guides the chair lift along the stairs."}}],"memberElement":"b0ec4c70-972f-4504-b266-647e9e2c5d66"}},{"id":"893f80a8-2fb6-4058-9aeb-ba0c8448af12","eClass":"sysml:FeatureMembership","data":{"elementId":"d2845985-3a08-484f-b300-ea8945ed883c","ownedRelatedElement":[{"id":"4e87ce4b-b304-47d5-99d7-2ed13f5b5835","eClass":"sysml:PartUsage","data":{"declaredName":"mountingElement","elementId":"d90210e2-f527-4c8f-b789-e2ea62bf474b","ownedRelationship":[{"id":"43ef28a0-a3ad-4439-aff1-ef9bd6627111","eClass":"sysml:FeatureTyping","data":{"elementId":"ad01e9d6-0ee8-41c9-a733-f5c14e88358a","type":"7fa317e9-fa04-405b-8f5b-2920adc95e3f","typedFeature":"d90210e2-f527-4c8f-b789-e2ea62bf474b"}}],"isComposite":true}}],"memberElement":"d90210e2-f527-4c8f-b789-e2ea62bf474b"}}]}}],"memberElement":"d8bc7d8b-85e0-4bd1-95a6-c0647f3d02ff"}},{"id":"f471a369-967c-4701-9829-4fe3cad57c29","eClass":"sysml:OwningMembership","data":{"elementId":"4c18eab1-381d-4763-8358-ab87f11eaf88","ownedRelatedElement":[{"id":"1725c92e-777f-4119-808a-9a8fc775d2a4","eClass":"sysml:PartDefinition","data":{"declaredName":"MountingElement","elementId":"7fa317e9-fa04-405b-8f5b-2920adc95e3f","ownedRelationship":[{"id":"f2f3d478-7395-46d9-ae6f-ad3b72682f81","eClass":"sysml:OwningMembership","data":{"elementId":"7de68629-2b49-4e09-b0d5-31f580fcce32","ownedRelatedElement":[{"id":"fc1ef6ca-a2ae-49f3-b6d0-4baa8e8f140a","eClass":"sysml:Documentation","data":{"elementId":"7faf76cb-69e7-474d-ab7d-7bb304f1d68f","body":"Fixes the chair lift system to the wall, providing guidance."}}],"memberElement":"7faf76cb-69e7-474d-ab7d-7bb304f1d68f"}}]}}],"memberElement":"7fa317e9-fa04-405b-8f5b-2920adc95e3f"}},{"id":"125bce25-f271-4aff-8ebe-be0952a45a0f","eClass":"sysml:OwningMembership","data":{"elementId":"f76545e1-ae25-4898-ab5c-09e249047420","ownedRelatedElement":[{"id":"39eea4ec-b1bc-4839-9da2-da408234caf6","eClass":"sysml:PartDefinition","data":{"declaredName":"Sensor","elementId":"713542f9-5b0d-4480-bda8-b78538441280","ownedRelationship":[{"id":"bbd26f12-feaf-4801-b871-cf1a723a5f0f","eClass":"sysml:OwningMembership","data":{"elementId":"23dda23e-8236-4822-8ca7-50296b1e016a","ownedRelatedElement":[{"id":"3b417198-6706-4be7-a643-8e3ef208ad87","eClass":"sysml:Documentation","data":{"elementId":"804c32b8-992f-4aa1-bc6d-d4a98d57427a","body":"Detect the position of the chair and obstacles on the way"}}],"memberElement":"804c32b8-992f-4aa1-bc6d-d4a98d57427a"}}]}}],"memberElement":"713542f9-5b0d-4480-bda8-b78538441280"}},{"id":"d20d526c-83ea-4b46-b8e7-5e272c7206f9","eClass":"sysml:OwningMembership","data":{"elementId":"5c424f4c-0b21-49c8-9238-7c89eb7c02a2","ownedRelatedElement":[{"id":"87d66a19-6f74-47ce-8971-be3e8769a24e","eClass":"sysml:PartDefinition","data":{"declaredName":"Controllor","elementId":"87726471-c4ec-4dd8-984d-355e33b9e280","ownedRelationship":[{"id":"2723fa2f-dea4-4be9-aa7e-0913d0bac4d2","eClass":"sysml:OwningMembership","data":{"elementId":"2a230a51-095e-48b7-b5d0-ab5eb78687f1","ownedRelatedElement":[{"id":"bc06de4f-4bf9-48f2-9500-433e47ff5300","eClass":"sysml:Documentation","data":{"elementId":"f504c3ef-23dc-4e99-83f4-ab9e453e0816","body":"Use sensors to stop the chair in case of emergencies"}}],"memberElement":"f504c3ef-23dc-4e99-83f4-ab9e453e0816"}},{"id":"60d13d91-4f6f-482d-88a9-8c193a9df12b","eClass":"sysml:FeatureMembership","data":{"elementId":"b5a152d5-6d0b-4e2c-ad0c-29571557d3b0","ownedRelatedElement":[{"id":"03a93a93-4737-40b3-bc81-cbbf30846590","eClass":"sysml:PortUsage","data":{"declaredName":"safetyInput","elementId":"5503accb-a305-4fb4-a408-854e2346aa37","ownedRelationship":[{"id":"9f33e24d-b125-4551-a4b7-99d6b12cf804","eClass":"sysml:FeatureTyping","data":{"elementId":"8237997c-93f4-4d03-8dfb-bd91d62601ba","type":"08e21c79-7113-4006-810a-ba49ac020d58","typedFeature":"5503accb-a305-4fb4-a408-854e2346aa37"}}],"isComposite":true}}],"memberElement":"5503accb-a305-4fb4-a408-854e2346aa37"}},{"id":"627c7598-3146-41d1-92d8-d070d15dd1a5","eClass":"sysml:FeatureMembership","data":{"elementId":"60619345-5a66-4d2f-bbbf-aab7af37414c","ownedRelatedElement":[{"id":"edb19026-4efd-4adb-85b3-8e6c6306b0b5","eClass":"sysml:PortUsage","data":{"declaredName":"safetyOutput","elementId":"cb78f5a9-9f4b-42d6-8e47-1edd93ccf9e0","ownedRelationship":[{"id":"3f5bc4ac-8890-4245-a4af-3fb00a20b90e","eClass":"sysml:FeatureTyping","data":{"elementId":"d3a70c34-fd1d-4679-9269-4aa82d63aa1d","type":"08e21c79-7113-4006-810a-ba49ac020d58","typedFeature":"cb78f5a9-9f4b-42d6-8e47-1edd93ccf9e0"}}],"isComposite":true}}],"memberElement":"cb78f5a9-9f4b-42d6-8e47-1edd93ccf9e0"}}]}}],"memberElement":"87726471-c4ec-4dd8-984d-355e33b9e280"}},{"id":"030c7833-3028-47b7-b92a-9af543508fc5","eClass":"sysml:OwningMembership","data":{"elementId":"d00a7497-d170-4908-96b1-5f4b3069c11e","ownedRelatedElement":[{"id":"c3091be4-8034-4b68-880b-b780d8192d5e","eClass":"sysml:PortDefinition","data":{"declaredName":"ControlCommandsPort","elementId":"8d29e8a3-414c-4aed-8a2d-b13f82182585","ownedRelationship":[{"id":"194d24e2-6657-47aa-b9e4-27de58bdd080","eClass":"sysml:FeatureMembership","data":{"elementId":"79ce3b12-47c8-47e2-a7f5-9e113a841433","ownedRelatedElement":[{"id":"0c257d77-bbe0-4f95-b157-837e9fa5187e","eClass":"sysml:ReferenceUsage","data":{"declaredName":"moveCommand","elementId":"4ac30a21-55d8-41fc-b146-ffedce76c408","ownedRelationship":[{"id":"5769e0a8-0729-4e86-8dd1-071f0245de04","eClass":"sysml:FeatureTyping","data":{"elementId":"02a503dc-9d54-459d-bdc1-c9ae26ba086a","type":"463a9706-9092-46fc-8d7e-7c0640545ecb","typedFeature":"4ac30a21-55d8-41fc-b146-ffedce76c408"}}],"isComposite":true}}],"memberElement":"4ac30a21-55d8-41fc-b146-ffedce76c408"}}]}}],"memberElement":"8d29e8a3-414c-4aed-8a2d-b13f82182585"}},{"id":"03474aef-2b8b-4803-9d9f-c3007ac221a3","eClass":"sysml:OwningMembership","data":{"elementId":"e2a268b3-bbe2-49f6-a641-649baa92e696","ownedRelatedElement":[{"id":"05693ade-b740-4b8f-b0e3-785d2557fd55","eClass":"sysml:PortDefinition","data":{"declaredName":"PowerPort","elementId":"37a0ea8c-2628-4392-ac16-0c0698f0f335","ownedRelationship":[{"id":"3469af1e-0a5a-4288-a4e5-b5adbea677b1","eClass":"sysml:FeatureMembership","data":{"elementId":"cc6a9b1f-b42b-4e67-bf88-73cc94a47e47","ownedRelatedElement":[{"id":"8ad20137-b7dd-466a-ba10-c5276c1d2d35","eClass":"sysml:ReferenceUsage","data":{"declaredName":"powerSupply","elementId":"f4da348d-4f6f-41cf-9002-16f93690f32c","ownedRelationship":[{"id":"d81c02bf-cc68-48c8-8aed-6dfc0835feb5","eClass":"sysml:FeatureTyping","data":{"elementId":"f7d62d72-8866-477d-8228-0a9f6496b5eb","type":"sysml:DataType kermllibrary:///b2c6dd37-2084-3ce4-9ce2-580fdf30629c#14c0aa22-5489-59b5-b438-ded26e83ba31","typedFeature":"f4da348d-4f6f-41cf-9002-16f93690f32c"}}],"isComposite":true}}],"memberElement":"f4da348d-4f6f-41cf-9002-16f93690f32c"}}]}}],"memberElement":"37a0ea8c-2628-4392-ac16-0c0698f0f335"}},{"id":"957830c6-aee5-4752-ad4d-3597315ebd54","eClass":"sysml:OwningMembership","data":{"elementId":"9633a50b-f51f-4527-9f35-0b8512fe5241","ownedRelatedElement":[{"id":"abb6af98-b191-4a4a-ac14-1d4a949f3e93","eClass":"sysml:PortDefinition","data":{"declaredName":"MovementControlPort","elementId":"67c8a248-14bf-481f-9a1f-9d6fe7b6bc41","ownedRelationship":[{"id":"05d8545c-e193-48be-9624-564d3c64b695","eClass":"sysml:FeatureMembership","data":{"elementId":"1847a2a4-d7f5-4e65-8274-2f4a892d018a","ownedRelatedElement":[{"id":"41b64beb-83d1-4424-97a9-11226728c523","eClass":"sysml:ReferenceUsage","data":{"declaredName":"command","elementId":"ed91a246-deac-432e-9d15-a0f669a3ec1b","ownedRelationship":[{"id":"bb878d6c-0bfb-44f8-aba0-4ca935d18ae5","eClass":"sysml:FeatureTyping","data":{"elementId":"10b26adf-5e55-4c4e-877e-e29740a81cab","type":"463a9706-9092-46fc-8d7e-7c0640545ecb","typedFeature":"ed91a246-deac-432e-9d15-a0f669a3ec1b"}}],"isComposite":true}}],"memberElement":"ed91a246-deac-432e-9d15-a0f669a3ec1b"}}]}}],"memberElement":"67c8a248-14bf-481f-9a1f-9d6fe7b6bc41"}},{"id":"225a255d-b09c-4bd8-8789-8c6ec27f0598","eClass":"sysml:OwningMembership","data":{"elementId":"bb01712a-d1c2-4500-ab5b-6e8acabbe2a7","ownedRelatedElement":[{"id":"cd785f2f-6947-4c2f-a450-283103f990ea","eClass":"sysml:PortDefinition","data":{"declaredName":"SafetyPort","elementId":"08e21c79-7113-4006-810a-ba49ac020d58","ownedRelationship":[{"id":"de7c67cf-db86-48ba-b7b0-f6ace2b15aa3","eClass":"sysml:FeatureMembership","data":{"elementId":"adf4a594-081f-459b-83a6-c2755ac0d4f1","ownedRelatedElement":[{"id":"32f53237-ece6-4d9b-80af-7b08d9575b33","eClass":"sysml:ReferenceUsage","data":{"declaredName":"isEmergency","elementId":"b11f2af4-f040-4579-9cdf-e2443705e660","ownedRelationship":[{"id":"a6192a96-efd5-4c75-b77c-e041ba24f64e","eClass":"sysml:FeatureTyping","data":{"elementId":"f51cb9d8-3d61-4b5c-8985-0333a6ca0181","type":"sysml:DataType kermllibrary:///b2c6dd37-2084-3ce4-9ce2-580fdf30629c#d1e9242d-b2e3-5270-bf69-4f4fb0447193","typedFeature":"b11f2af4-f040-4579-9cdf-e2443705e660"}}],"isComposite":true}}],"memberElement":"b11f2af4-f040-4579-9cdf-e2443705e660"}},{"id":"8aac18e4-03ed-4d12-8e90-8b13ad23dc77","eClass":"sysml:FeatureMembership","data":{"elementId":"9a99ea0c-1b25-4169-9c2e-f78f4971dc40","ownedRelatedElement":[{"id":"8460baa9-abbd-43f6-990d-2c4b20735222","eClass":"sysml:ReferenceUsage","data":{"declaredName":"stopSignal","elementId":"8401dbc5-d494-43c0-8456-8d2ad0a3ebdd","ownedRelationship":[{"id":"e5e8177b-d156-4cd3-9305-87735310f188","eClass":"sysml:FeatureTyping","data":{"elementId":"40cdc2e5-8c4e-47dd-b934-00c7fa016faf","type":"sysml:DataType kermllibrary:///b2c6dd37-2084-3ce4-9ce2-580fdf30629c#d1e9242d-b2e3-5270-bf69-4f4fb0447193","typedFeature":"8401dbc5-d494-43c0-8456-8d2ad0a3ebdd"}}],"isComposite":true}}],"memberElement":"8401dbc5-d494-43c0-8456-8d2ad0a3ebdd"}}]}}],"memberElement":"08e21c79-7113-4006-810a-ba49ac020d58"}},{"id":"bdf742fe-b573-48e1-9316-8a844f70659d","eClass":"sysml:OwningMembership","data":{"elementId":"1aac82cd-1ace-411e-aedd-490a50a339c4","ownedRelatedElement":[{"id":"cbca4cb6-c0d2-4d6e-b6dc-eba4dd471b6d","eClass":"sysml:ItemDefinition","data":{"declaredName":"MoveCommand","elementId":"463a9706-9092-46fc-8d7e-7c0640545ecb","ownedRelationship":[{"id":"20c87d16-4905-42cb-bc34-453a1b94735a","eClass":"sysml:OwningMembership","data":{"elementId":"6d2e62b3-2833-4973-b648-7efbf1b8723e","ownedRelatedElement":[{"id":"67be9e38-e644-4384-9aeb-2252c8eef2a8","eClass":"sysml:Documentation","data":{"elementId":"29622be5-9a5a-4373-8891-3068f469e041","body":"Command to initiate the chairs movement"}}],"memberElement":"29622be5-9a5a-4373-8891-3068f469e041"}},{"id":"fa60f90f-ac8d-45a5-aa49-06c14dcd7c79","eClass":"sysml:FeatureMembership","data":{"elementId":"faeba02d-1d8f-4e07-b7d8-be4c96b8fe62","ownedRelatedElement":[{"id":"77a5e22d-d31b-4baf-8bc0-7f11eef73feb","eClass":"sysml:AttributeUsage","data":{"declaredName":"direction","elementId":"8fa2037b-59de-4c27-a523-248c305bdb93","isComposite":true}}],"memberElement":"8fa2037b-59de-4c27-a523-248c305bdb93"}}]}}],"memberElement":"463a9706-9092-46fc-8d7e-7c0640545ecb"}}]}}],"memberElement":"25edcf30-136d-4191-b8ec-5f7e87f37360"}},{"id":"a76d0a5f-2e80-4320-a757-c0f7913f4dd2","eClass":"sysml:OwningMembership","data":{"elementId":"7b4eb601-43c2-4991-96af-8561b315a66f","ownedRelatedElement":[{"id":"55e0edab-06e6-4c5c-b106-17e7d705aeae","eClass":"sysml:Package","data":{"declaredName":"ChairSystemConfiguration","elementId":"0ed28645-ff95-44c4-be0e-f5238f900107","ownedRelationship":[{"id":"c5c95b07-4374-4bda-8a4a-5251a6a84a61","eClass":"sysml:NamespaceImport","data":{"elementId":"f4b2f475-afda-42ae-b1fb-a06af04a9307","importedNamespace":"sysml:Namespace syson-import:qualifiedName#'ChairComponents'"}},{"id":"0d0cf15c-55ce-4fb3-b81b-24d63397c06d","eClass":"sysml:OwningMembership","data":{"elementId":"eb7914a4-3943-45a1-b06d-e5052296ad69","ownedRelatedElement":[{"id":"48793f81-19a9-4eea-9d7e-5b8499d7f5d3","eClass":"sysml:PartUsage","data":{"declaredName":"chairLiftSystem","elementId":"6ca3fdaf-9d4c-46a6-bf68-b8b87a634b7a","ownedRelationship":[{"id":"76bdb942-a42a-42ca-9247-f2dd4559040e","eClass":"sysml:FeatureMembership","data":{"elementId":"00724847-3b7b-465d-925e-a2ec06f24b99","ownedRelatedElement":[{"id":"dd87d390-bc43-46a5-af04-b3fc04929e31","eClass":"sysml:PartUsage","data":{"declaredName":"chair","elementId":"d9e79d61-0f97-42ac-bd93-9ca7345c4c5d","ownedRelationship":[{"id":"af3d6705-8ee5-4602-bb3a-5c6fb5a542d6","eClass":"sysml:FeatureTyping","data":{"elementId":"cb62c3be-a6d7-49c2-845e-a414d7318ca9","type":"sysml:Type syson-import:qualifiedName#Chair","typedFeature":"d9e79d61-0f97-42ac-bd93-9ca7345c4c5d"}}],"isComposite":true}}],"memberElement":"d9e79d61-0f97-42ac-bd93-9ca7345c4c5d"}},{"id":"de1ddea4-6d27-4f6a-a40c-bafa20abea91","eClass":"sysml:FeatureMembership","data":{"elementId":"31f7305f-7c50-4761-a6be-8df0f0f9b675","ownedRelatedElement":[{"id":"e2584e95-ed57-4746-a572-5ff35b1efeb9","eClass":"sysml:PartUsage","data":{"declaredName":"rail","elementId":"f221ef7b-206d-4584-bef8-10e6f2f33955","ownedRelationship":[{"id":"f9617a21-d425-47c6-8e85-8fb25a2eb42c","eClass":"sysml:FeatureTyping","data":{"elementId":"044d87cf-ded8-4a0c-90d8-21bbade49e1f","type":"sysml:Type syson-import:qualifiedName#Rail","typedFeature":"f221ef7b-206d-4584-bef8-10e6f2f33955"}}],"isComposite":true}}],"memberElement":"f221ef7b-206d-4584-bef8-10e6f2f33955"}},{"id":"7f10a742-1665-47f9-9fe9-33e44be23b06","eClass":"sysml:FeatureMembership","data":{"elementId":"be747de2-0f3f-4001-965c-3bd2eeee92b9","ownedRelatedElement":[{"id":"392a4a04-f905-44ed-8ba0-4331ed8ab978","eClass":"sysml:PartUsage","data":{"declaredName":"motor","elementId":"f97cbfa9-1792-428a-b894-86985d4fd730","ownedRelationship":[{"id":"1db75fa2-a150-4a48-8028-7f0cda8cd2c2","eClass":"sysml:FeatureTyping","data":{"elementId":"9c87f38a-7767-493b-a038-c385d64ebe83","type":"sysml:Type syson-import:qualifiedName#Motor","typedFeature":"f97cbfa9-1792-428a-b894-86985d4fd730"}}],"isComposite":true}}],"memberElement":"f97cbfa9-1792-428a-b894-86985d4fd730"}},{"id":"ccdfdb5e-e9b2-4901-b31b-1a382a27844b","eClass":"sysml:FeatureMembership","data":{"elementId":"d2977fce-b20c-4edb-8bca-21d976ee68ac","ownedRelatedElement":[{"id":"eda75b88-56c3-42bc-b5f0-40637e347690","eClass":"sysml:PartUsage","data":{"declaredName":"energySource","elementId":"63954b0d-21ac-4ef0-854d-95595e98b573","ownedRelationship":[{"id":"004f9ca5-6bb4-4502-ab95-e2a8fec41fd9","eClass":"sysml:FeatureTyping","data":{"elementId":"fc88ccd4-c702-4af0-87be-b3baf466864f","type":"sysml:Type syson-import:qualifiedName#EnergySource","typedFeature":"63954b0d-21ac-4ef0-854d-95595e98b573"}}],"isComposite":true}}],"memberElement":"63954b0d-21ac-4ef0-854d-95595e98b573"}},{"id":"d3839780-0ee7-4ef9-8988-63e568d2339d","eClass":"sysml:FeatureMembership","data":{"elementId":"a5997ef5-b146-4f1c-8575-638417a76783","ownedRelatedElement":[{"id":"53eaddbb-e529-4c47-95a7-83a6853455b0","eClass":"sysml:FlowConnectionUsage","data":{"declaredName":"PowerSupplyFlow","elementId":"d3e98ed6-b939-40b1-9b35-c2a282262678","isComposite":true}}],"memberElement":"d3e98ed6-b939-40b1-9b35-c2a282262678"}},{"id":"750fc7fa-044e-44a7-814f-01111693b23a","eClass":"sysml:FeatureMembership","data":{"elementId":"afe732a0-8599-4702-8fd9-bf0ab5f96b11","ownedRelatedElement":[{"id":"2e5e7d2a-2ede-4b9a-8dfd-5f002eae3a40","eClass":"sysml:FlowConnectionUsage","data":{"declaredName":"MovementControlFlow","elementId":"14f61519-b32b-473d-b114-ea774e94e2f1","isComposite":true}}],"memberElement":"14f61519-b32b-473d-b114-ea774e94e2f1"}},{"id":"fcddbe9e-1d4a-4ca7-938b-dc04a2318f1a","eClass":"sysml:FeatureMembership","data":{"elementId":"7363eb30-960c-46e2-8b3f-e0dd8af0dbe5","ownedRelatedElement":[{"id":"63197d54-3642-4952-9449-778981f5ed35","eClass":"sysml:InterfaceUsage","data":{"declaredName":"chairToRail","elementId":"9c656baa-9a49-41cf-9976-bbfee366f9ed","ownedRelationship":[{"id":"d167d363-a871-438d-8a33-18d699602ae5","eClass":"sysml:OwningMembership","data":{"elementId":"93a19d42-4461-4f5f-8307-ebddb02eee21","ownedRelatedElement":[{"id":"a0c5842f-0428-4dfb-a509-695b8a6897fe","eClass":"sysml:Documentation","data":{"elementId":"0cce3527-2f9c-47ea-92df-4028b6fc302d","body":"Chair is permanently attached to the rail for movement guidance."}}],"memberElement":"0cce3527-2f9c-47ea-92df-4028b6fc302d"}}],"isComposite":true}}],"memberElement":"9c656baa-9a49-41cf-9976-bbfee366f9ed"}}],"isComposite":true}}],"memberElement":"6ca3fdaf-9d4c-46a6-bf68-b8b87a634b7a"}},{"id":"744d0cd1-05be-4392-91fc-3a257ceeaa93","eClass":"sysml:OwningMembership","data":{"elementId":"ecb5da7e-24f1-4e59-a10d-5fd142d50c96","ownedRelatedElement":[{"id":"be354fb7-67be-41a3-af37-3b74fea3b836","eClass":"sysml:PartDefinition","data":{"declaredName":"ChairProduct","elementId":"dcc52aca-3901-4d82-ad8f-247171d6d41b","ownedRelationship":[{"id":"50ab6a66-8b0e-4e13-8ef9-d32e19f64f1c","eClass":"sysml:OwningMembership","data":{"elementId":"cad8d3cd-a443-48f0-b2db-e63fa5c8e3cb","ownedRelatedElement":[{"id":"9c506679-d75b-44dd-9f17-e89cdb76a982","eClass":"sysml:Documentation","data":{"elementId":"40a6146b-45ff-4038-8623-70b41212b9fc","body":"This is an example of components which could be use"}}],"memberElement":"40a6146b-45ff-4038-8623-70b41212b9fc"}},{"id":"e6547627-e6c6-444e-8a38-5c15541621d4","eClass":"sysml:FeatureMembership","data":{"elementId":"ca9b5af9-b6fb-4ac7-a281-c8874a36b816","ownedRelatedElement":[{"id":"b563c43e-f22d-4854-9165-104bea410499","eClass":"sysml:PartUsage","data":{"declaredName":"ControlPanelStannah","elementId":"16d9a8a3-7ee2-490c-86f9-cd56f5048b6b","ownedRelationship":[{"id":"8b30bc19-2fdc-4d9d-bf91-130ea34683bd","eClass":"sysml:OwningMembership","data":{"elementId":"dc352472-cd45-4c32-bf86-ccd7ff31896f","ownedRelatedElement":[{"id":"a70e0b82-ac6b-4ae7-aba2-725ebd714a7c","eClass":"sysml:Documentation","data":{"elementId":"d5d1493a-ad93-439d-84f2-a57b4f4ab89d","body":"Stannah control panel with commands to lift up, lower down, and stop the chair"}}],"memberElement":"d5d1493a-ad93-439d-84f2-a57b4f4ab89d"}},{"id":"aa63d4fd-2694-4d7f-8c94-c9ba1d6ca1f5","eClass":"sysml:FeatureMembership","data":{"elementId":"a2b571ba-65a4-4718-922a-59dea9a7ccb9","ownedRelatedElement":[{"id":"730efea5-76ea-479d-ba86-0d1ec7cb500e","eClass":"sysml:PortUsage","data":{"declaredName":"controlSignalOutput","elementId":"e7b18c66-eea0-4d72-b16b-ea3a730a8c6e","isComposite":true}}],"memberElement":"e7b18c66-eea0-4d72-b16b-ea3a730a8c6e"}}],"isComposite":true}}],"memberElement":"16d9a8a3-7ee2-490c-86f9-cd56f5048b6b"}},{"id":"46c56530-d78b-4f67-8f3c-02d8759aea84","eClass":"sysml:OwningMembership","data":{"elementId":"bc416256-4b5c-418c-98ee-982d8baad825","ownedRelatedElement":[{"id":"b2fa4253-ec1a-405c-85a2-61c9e9f03301","eClass":"sysml:PortDefinition","data":{"declaredName":"ControlSignalPort","elementId":"ac35e16f-d8e4-4164-8335-59b2418193c7","ownedRelationship":[{"id":"1818930a-80e6-463a-b6e3-4f8ff0fa337c","eClass":"sysml:FeatureMembership","data":{"elementId":"a192ce02-3d2d-4958-baac-3390c4a3e285","ownedRelatedElement":[{"id":"3e6f766b-c918-47c8-b061-2e7de83bebc0","eClass":"sysml:AttributeUsage","data":{"declaredName":"controlSignal","elementId":"2d34f0d4-d827-4147-92fd-949897fda59f","isComposite":true}}],"memberElement":"2d34f0d4-d827-4147-92fd-949897fda59f"}}]}}],"memberElement":"ac35e16f-d8e4-4164-8335-59b2418193c7"}},{"id":"432f0239-4568-4456-a140-ee49917e4a01","eClass":"sysml:FeatureMembership","data":{"elementId":"0d62ac29-77cd-40d5-99b9-d1e8404278fe","ownedRelatedElement":[{"id":"96df0f49-212a-44f5-a587-cb7e00f8dd08","eClass":"sysml:PartUsage","data":{"declaredName":"MotorLinakLA31","elementId":"a589518d-7105-4133-81ac-65d03a20e946","ownedRelationship":[{"id":"561bbec8-7caf-4abf-80e2-a528acc29fba","eClass":"sysml:OwningMembership","data":{"elementId":"2561a71c-8e9e-4164-9904-2fc64af4759d","ownedRelatedElement":[{"id":"ed2b2b14-a7ac-4fde-b025-c07104074bab","eClass":"sysml:Documentation","data":{"elementId":"587abb94-1478-4d36-af32-dd0f23b0f2cd","body":"Linak LA31 motor used for lifting the chair"}}],"memberElement":"587abb94-1478-4d36-af32-dd0f23b0f2cd"}},{"id":"be9a203d-d56b-48da-a9fc-a8ed0466fed9","eClass":"sysml:FeatureMembership","data":{"elementId":"d82afb28-e83a-4885-ab23-e0946e1c2f8a","ownedRelatedElement":[{"id":"b19a0afb-ec38-4ac2-b1b0-ca96d7c7ba26","eClass":"sysml:PortUsage","data":{"declaredName":"controlInput","elementId":"673e8ca7-9bb8-4375-881d-7c85c482da95","ownedRelationship":[{"id":"3b6fa036-803b-4eb3-908e-f34348d997e6","eClass":"sysml:ConjugatedPortTyping","data":{"elementId":"3d980fa0-19b3-48bc-87cf-81cff5d17a74","typedFeature":"673e8ca7-9bb8-4375-881d-7c85c482da95"}}],"isComposite":true}}],"memberElement":"673e8ca7-9bb8-4375-881d-7c85c482da95"}},{"id":"f4d90e93-3f24-4443-993a-614b9ac0395d","eClass":"sysml:FeatureMembership","data":{"elementId":"e770fbda-76af-4fe4-a2b4-71c2cec70808","ownedRelatedElement":[{"id":"a4553a85-cea2-4a39-a8eb-e9b7b415214a","eClass":"sysml:PortUsage","data":{"declaredName":"powerInput","elementId":"6eb2622f-0ca7-4121-a381-7c1a9ceb143b","ownedRelationship":[{"id":"dffac7c5-4257-4c75-9c78-aec77e98627f","eClass":"sysml:FeatureTyping","data":{"elementId":"1183f716-7762-42dd-8e56-adc2d5f242b8","type":"8917fef3-5848-4973-9e44-d44a63c22aa7","typedFeature":"6eb2622f-0ca7-4121-a381-7c1a9ceb143b"}}],"isComposite":true}}],"memberElement":"6eb2622f-0ca7-4121-a381-7c1a9ceb143b"}}],"isComposite":true}}],"memberElement":"a589518d-7105-4133-81ac-65d03a20e946"}},{"id":"a591cbda-df19-4669-9127-aa25bf424989","eClass":"sysml:OwningMembership","data":{"elementId":"864514a3-04cd-42b4-bad4-547766963886","ownedRelatedElement":[{"id":"6288dc40-765f-4066-b7dd-2fb31a18e5a8","eClass":"sysml:PortDefinition","data":{"declaredName":"PowerPort","elementId":"8917fef3-5848-4973-9e44-d44a63c22aa7","ownedRelationship":[{"id":"882461cf-9578-40aa-97e7-7561831f1aa8","eClass":"sysml:FeatureMembership","data":{"elementId":"060448a4-5343-41e9-9d05-2001bc2348d2","ownedRelatedElement":[{"id":"22b20e12-f322-4b99-862e-f953510fcd2d","eClass":"sysml:AttributeUsage","data":{"declaredName":"powerCapacity","elementId":"ffb4365f-eac5-41b4-81e3-0ee4734b533b","ownedRelationship":[{"id":"920c4cd7-d6e9-4a49-8907-23dd70c252bf","eClass":"sysml:FeatureTyping","data":{"elementId":"25d821dd-5a36-4385-b4c3-feb6b5c12f63","type":"sysml:DataType kermllibrary:///b2c6dd37-2084-3ce4-9ce2-580fdf30629c#14c0aa22-5489-59b5-b438-ded26e83ba31","typedFeature":"ffb4365f-eac5-41b4-81e3-0ee4734b533b"}}],"isComposite":true}}],"memberElement":"ffb4365f-eac5-41b4-81e3-0ee4734b533b"}}]}}],"memberElement":"8917fef3-5848-4973-9e44-d44a63c22aa7"}},{"id":"5844085a-e3da-4aad-abde-497a95dfcb6a","eClass":"sysml:FeatureMembership","data":{"elementId":"3d1001af-4012-40d8-892e-0f7da422fe0f","ownedRelatedElement":[{"id":"e3850138-70c8-4013-8416-4a171611ffa0","eClass":"sysml:PartUsage","data":{"declaredName":"PowerSupplyMeanWellHLG150","elementId":"7b370235-68d9-49a0-8125-bb4031c1b1c8","ownedRelationship":[{"id":"0fe4c227-9c56-4f1a-ab83-cb2b987cac65","eClass":"sysml:OwningMembership","data":{"elementId":"151e9c4a-276a-4bd3-8251-3cc31f568795","ownedRelatedElement":[{"id":"4f968502-e98b-410d-a2b4-73d6dfd209f0","eClass":"sysml:Documentation","data":{"elementId":"c8ff9945-abf6-42b6-852b-a6a0ac4d4fdc","body":"Mean Well HLG-150H-24A power supply providing power to the motor"}}],"memberElement":"c8ff9945-abf6-42b6-852b-a6a0ac4d4fdc"}},{"id":"4745864d-4c66-4594-9550-9ff069ab28be","eClass":"sysml:FeatureMembership","data":{"elementId":"feff3e40-4824-4c80-8d85-053db646f3b1","ownedRelatedElement":[{"id":"e9c86864-863c-46e5-9a3a-ffa0cb404b3e","eClass":"sysml:PortUsage","data":{"declaredName":"powerOutput","elementId":"1aefc86e-d9c4-4b78-8372-1b483f228a0a","ownedRelationship":[{"id":"aac4b8f0-6ffb-449b-9d87-25529cfbbb34","eClass":"sysml:ConjugatedPortTyping","data":{"elementId":"1ad4ae76-1a6e-4f75-9ae3-26b98972a0e8","typedFeature":"1aefc86e-d9c4-4b78-8372-1b483f228a0a"}}],"isComposite":true}}],"memberElement":"1aefc86e-d9c4-4b78-8372-1b483f228a0a"}},{"id":"3635b152-20a6-40e7-9028-a8f49ba2632b","eClass":"sysml:FeatureMembership","data":{"elementId":"2a325bbf-3938-4ad4-9514-0d878b4cd711","ownedRelatedElement":[{"id":"a24ca555-ce5a-4d60-9ea7-d2fcd0704c78","eClass":"sysml:AttributeUsage","data":{"declaredName":"outputVoltage","elementId":"048c4264-7eb7-44e3-9a31-493e151c25a5","ownedRelationship":[{"id":"167583d3-4f99-4ea0-99ff-c9ce5713fae2","eClass":"sysml:FeatureTyping","data":{"elementId":"dffcd1d3-9e01-43af-8c6b-8c2bbf693c65","type":"sysml:DataType kermllibrary:///b2c6dd37-2084-3ce4-9ce2-580fdf30629c#14c0aa22-5489-59b5-b438-ded26e83ba31","typedFeature":"048c4264-7eb7-44e3-9a31-493e151c25a5"}},{"id":"2036e538-43b6-486f-b56b-390fb7769790","eClass":"sysml:FeatureValue","data":{"elementId":"11004a19-83fe-4129-ac95-ad51128c4a78","ownedRelatedElement":[{"id":"dd5ce605-542a-43f6-8a1b-68d60a457b02","eClass":"sysml:LiteralInteger","data":{"elementId":"0a024e1e-f581-4c90-87b1-2095e4efd1f8","value":24}}],"memberElement":"0a024e1e-f581-4c90-87b1-2095e4efd1f8"}}],"isComposite":true}}],"memberElement":"048c4264-7eb7-44e3-9a31-493e151c25a5"}},{"id":"5ae628c1-9585-4837-b357-c4badf50853f","eClass":"sysml:FeatureMembership","data":{"elementId":"5fb17794-f607-4dc6-a4b7-759925f7b9ef","ownedRelatedElement":[{"id":"08f6f4ee-f3f8-4553-bd71-975cf637ea97","eClass":"sysml:AttributeUsage","data":{"declaredName":"outputPower","elementId":"19f6d9dd-1111-485c-ab53-1bc2c6568210","ownedRelationship":[{"id":"18be4863-eb06-4500-ac7f-7fb78a26b204","eClass":"sysml:FeatureTyping","data":{"elementId":"439aa71a-8502-43aa-a43b-82c977556652","type":"sysml:DataType kermllibrary:///b2c6dd37-2084-3ce4-9ce2-580fdf30629c#14c0aa22-5489-59b5-b438-ded26e83ba31","typedFeature":"19f6d9dd-1111-485c-ab53-1bc2c6568210"}},{"id":"f5f22c9a-ca3b-42a4-8fce-b66770500cb1","eClass":"sysml:FeatureValue","data":{"elementId":"708e7bba-91ae-41a6-ab9a-d6515d9cc4c1","ownedRelatedElement":[{"id":"e895deff-6dbf-48c1-97af-345b148afd3b","eClass":"sysml:LiteralInteger","data":{"elementId":"f5b30426-1ab3-490e-aeaf-33248ded073b","value":150}}],"memberElement":"f5b30426-1ab3-490e-aeaf-33248ded073b"}}],"isComposite":true}}],"memberElement":"19f6d9dd-1111-485c-ab53-1bc2c6568210"}}],"isComposite":true}}],"memberElement":"7b370235-68d9-49a0-8125-bb4031c1b1c8"}},{"id":"0714459f-8c63-4872-9ddc-0d3c332f81a7","eClass":"sysml:FeatureMembership","data":{"elementId":"6b39a9c1-8060-404a-b960-31251c397e9a","ownedRelatedElement":[{"id":"2e88e8c9-4404-4b91-818f-057c5e1984b2","eClass":"sysml:PartUsage","data":{"declaredName":"BannerEnginneringQS18Series","elementId":"2c9df1e2-8b48-464a-9be2-13c4ffb111d9","ownedRelationship":[{"id":"bb5cf4b8-ca3b-4e8b-9a55-27bd3592bc9a","eClass":"sysml:OwningMembership","data":{"elementId":"186c3410-cd86-4e1a-8ba3-982b38a87726","ownedRelatedElement":[{"id":"1ce47e9c-2eec-4539-841a-ceacc48be3e4","eClass":"sysml:Documentation","data":{"elementId":"e98fd29a-7de5-4b98-956e-539303066666","body":"Banner Engineering QS18 Series allow a good detection of the position of the chair\n                    and also avoid problems in case of emergencies"}}],"memberElement":"e98fd29a-7de5-4b98-956e-539303066666"}},{"id":"90492247-441b-4461-8fc9-9d848f8ab5cf","eClass":"sysml:FeatureMembership","data":{"elementId":"5cf564ac-46bd-4539-a0de-3ea3cfe22874","ownedRelatedElement":[{"id":"e2ff86e7-39ca-45b4-b7ad-a0cf3970a41c","eClass":"sysml:AttributeUsage","data":{"declaredName":"inputvoltage","elementId":"20b15583-948f-4bed-8be3-5caf353e29a8","ownedRelationship":[{"id":"3cd01c2a-dd97-4aa9-ac79-62270dea96fd","eClass":"sysml:FeatureTyping","data":{"elementId":"478617e4-18c3-4c5c-89d7-b7a841a1a1c5","type":"sysml:DataType kermllibrary:///b2c6dd37-2084-3ce4-9ce2-580fdf30629c#14c0aa22-5489-59b5-b438-ded26e83ba31","typedFeature":"20b15583-948f-4bed-8be3-5caf353e29a8"}},{"id":"f9f4b280-b48a-476c-8d8a-2c667bfa58de","eClass":"sysml:FeatureValue","data":{"elementId":"036440a2-8d1b-4400-ace5-343b1d0b56d8","ownedRelatedElement":[{"id":"310a3279-e33f-436d-819e-9e0cb0f5af54","eClass":"sysml:LiteralInteger","data":{"elementId":"e81a6a62-fe37-4728-92c2-589dbc128dc3","value":24}}],"memberElement":"e81a6a62-fe37-4728-92c2-589dbc128dc3"}}],"isComposite":true}}],"memberElement":"20b15583-948f-4bed-8be3-5caf353e29a8"}}],"isComposite":true}}],"memberElement":"2c9df1e2-8b48-464a-9be2-13c4ffb111d9"}},{"id":"90f4e145-f895-4476-8d0d-5f5aa55884a4","eClass":"sysml:FeatureMembership","data":{"elementId":"03ddab4e-a268-4e43-ac9b-184e0a1d2e07","ownedRelatedElement":[{"id":"f1197060-ac1a-4aa3-8a0d-826a484b009f","eClass":"sysml:PartUsage","data":{"declaredName":"SiemensSIRIUSSafetyRelays","elementId":"75cc9952-5b56-4f90-9b9b-9d4f735596e0","ownedRelationship":[{"id":"802ae928-3c0f-4724-b595-cc92a1c9a1c6","eClass":"sysml:OwningMembership","data":{"elementId":"75032702-e8a4-4de4-bb1d-5904a8a1acd4","ownedRelatedElement":[{"id":"f7c67a98-5dee-4451-ae6d-d60119bb3f55","eClass":"sysml:Documentation","data":{"elementId":"58aca911-3f3e-40c9-bfa3-86860b74d99b","body":"Siemens SIRIUS Safety Relays for emergency stop and safety monitoring"}}],"memberElement":"58aca911-3f3e-40c9-bfa3-86860b74d99b"}},{"id":"11c6d1da-10a4-4d38-a039-4ee54d3c3712","eClass":"sysml:FeatureMembership","data":{"elementId":"c03d1500-1213-4471-b6a6-71c5d4088131","ownedRelatedElement":[{"id":"1c7e4b42-ef22-453f-b4c9-d41d85af620d","eClass":"sysml:PortUsage","data":{"declaredName":"safetyInput","elementId":"55facb90-7857-4b21-9cd7-feeea0787fa9","ownedRelationship":[{"id":"d24bbeda-cc52-478f-9d9b-d14313afdb99","eClass":"sysml:FeatureTyping","data":{"elementId":"21eeee01-9fe2-45e7-a2bb-2acc0e676e67","type":"be05e502-1636-4b09-8e90-19858b3e6c8b","typedFeature":"55facb90-7857-4b21-9cd7-feeea0787fa9"}}],"isComposite":true}}],"memberElement":"55facb90-7857-4b21-9cd7-feeea0787fa9"}},{"id":"90c9e8b2-2319-4696-99d8-22b58a79ad40","eClass":"sysml:FeatureMembership","data":{"elementId":"967caf12-4841-40d6-8912-3eb553b5d8f3","ownedRelatedElement":[{"id":"6566e257-a424-4767-bace-e6adfa991f0e","eClass":"sysml:PortUsage","data":{"declaredName":"safetyOutput","elementId":"989f8f79-bca2-4e68-8530-3fd92be76e14","ownedRelationship":[{"id":"b743ec4a-78df-41a6-b8f3-030a74df5ba5","eClass":"sysml:FeatureTyping","data":{"elementId":"06f0ce99-2104-4bf2-bc9c-cc9b13b97745","type":"be05e502-1636-4b09-8e90-19858b3e6c8b","typedFeature":"989f8f79-bca2-4e68-8530-3fd92be76e14"}}],"isComposite":true}}],"memberElement":"989f8f79-bca2-4e68-8530-3fd92be76e14"}}],"isComposite":true}}],"memberElement":"75cc9952-5b56-4f90-9b9b-9d4f735596e0"}},{"id":"5ac56c71-531a-491c-a3b8-99a7e32a16ac","eClass":"sysml:OwningMembership","data":{"elementId":"41ce2ed3-9234-4669-b2d4-895ffa25cd33","ownedRelatedElement":[{"id":"77d3fa09-26d1-42ab-8d0b-51ee9f0fcbcc","eClass":"sysml:PortDefinition","data":{"declaredName":"SafetyPort","elementId":"be05e502-1636-4b09-8e90-19858b3e6c8b","ownedRelationship":[{"id":"a05c0533-9ecc-4a24-9fee-2b93dc27a54e","eClass":"sysml:FeatureMembership","data":{"elementId":"4238ef1e-a578-4473-8318-ffa32634144f","ownedRelatedElement":[{"id":"c0b00d32-bad4-41f2-aff0-52aeb9fd7adb","eClass":"sysml:ReferenceUsage","data":{"declaredName":"isEmergency","elementId":"67b362ce-b700-4743-840f-36bf7cbab53b","ownedRelationship":[{"id":"113ffd45-9847-4da2-992d-f869ef929b96","eClass":"sysml:FeatureTyping","data":{"elementId":"e3914ddb-feca-4537-a8fe-29a9fda65be3","type":"sysml:DataType kermllibrary:///b2c6dd37-2084-3ce4-9ce2-580fdf30629c#d1e9242d-b2e3-5270-bf69-4f4fb0447193","typedFeature":"67b362ce-b700-4743-840f-36bf7cbab53b"}}],"isComposite":true}}],"memberElement":"67b362ce-b700-4743-840f-36bf7cbab53b"}},{"id":"98f11b4d-51e7-46e6-a223-9250b9ecad9e","eClass":"sysml:FeatureMembership","data":{"elementId":"c6cc5b60-dac1-44bc-9e9e-ca67a1d08238","ownedRelatedElement":[{"id":"7d4b7495-4a1a-4642-a6a4-d202e63c64ad","eClass":"sysml:ReferenceUsage","data":{"declaredName":"stopSignal","elementId":"09faad46-d835-442e-b7ef-fed2e54823e8","ownedRelationship":[{"id":"6a1b43b6-0d10-46b1-b060-222d26f0c5f1","eClass":"sysml:FeatureTyping","data":{"elementId":"b028ad2d-eb42-4d26-a1b4-cd3120ef31c6","type":"sysml:DataType kermllibrary:///b2c6dd37-2084-3ce4-9ce2-580fdf30629c#d1e9242d-b2e3-5270-bf69-4f4fb0447193","typedFeature":"09faad46-d835-442e-b7ef-fed2e54823e8"}}],"isComposite":true}}],"memberElement":"09faad46-d835-442e-b7ef-fed2e54823e8"}}]}}],"memberElement":"be05e502-1636-4b09-8e90-19858b3e6c8b"}}]}}],"memberElement":"dcc52aca-3901-4d82-ad8f-247171d6d41b"}}]}}],"memberElement":"0ed28645-ff95-44c4-be0e-f5238f900107"}}]}}]}}]}}]}}]}}]}