{"json":{"version":"1.0","encoding":"utf-8"},"ns":{"sysml":"http://www.eclipse.org/syson/sysml"},"content":[{"id":"024ee4df-1737-45cc-92fc-fc9d0b01b54e","eClass":"sysml:Namespace","data":{"elementId":"e4a9f9fe-e681-4e00-bbb6-90c7367522b7","ownedRelationship":[{"id":"53a23cde-c764-46cd-8312-4ac85e4cb2f4","eClass":"sysml:OwningMembership","data":{"elementId":"a307017e-e449-44ca-b56b-4aafaa4ddf8e","ownedRelatedElement":[{"id":"d8b68634-3d33-4496-a7c2-710744b4bb8c","eClass":"sysml:Package","data":{"declaredName":"Package 1","elementId":"ce88b425-3242-4347-923e-8d6c8f1f89d9","ownedRelationship":[{"id":"1d6fa74d-3dcd-4ae7-8c82-f6a31381ac09","eClass":"sysml:OwningMembership","data":{"elementId":"34dfaa83-693d-4f71-848a-2df154d244f1","ownedRelatedElement":[{"id":"7ad4d65b-e4ec-436f-a4b8-97e958d82843","eClass":"sysml:Package","data":{"declaredName":"PoCModel","elementId":"453205e1-b0f4-4d36-add2-92ccea5d7b0b","ownedRelationship":[{"id":"92fd1cf0-d40c-4607-91e4-79a38d2438c7","eClass":"sysml:OwningMembership","data":{"elementId":"242cf683-003f-4c16-81f2-588bdc4911c8","ownedRelatedElement":[{"id":"05a8bc7d-6e21-4b3c-b330-f99c73ed3c33","eClass":"sysml:PartDefinition","data":{"declaredName":"DoppelmayrCable","elementId":"9925e0a6-2b7d-42a7-bc64-40e993660af8","ownedRelationship":[{"id":"4749be03-05dc-40c0-875e-2956a54851c3","eClass":"sysml:FeatureMembership","data":{"elementId":"15168199-200c-4dd8-bd53-8fa32d453953","ownedRelatedElement":[{"id":"c2b90bed-11ec-4386-b178-26a7326bc859","eClass":"sysml:AttributeUsage","data":{"declaredName":"length","elementId":"a5bd89fc-01f7-455b-826e-ec97b094ed0a","ownedRelationship":[{"id":"85458502-449e-46b1-beb6-dcbc7e85787b","eClass":"sysml:FeatureTyping","data":{"elementId":"801232b4-6732-4bb0-b0e5-63eabe069af7","type":"sysml:Type syson-import:qualifiedName#Real","typedFeature":"a5bd89fc-01f7-455b-826e-ec97b094ed0a"}}],"isComposite":true}}],"memberElement":"a5bd89fc-01f7-455b-826e-ec97b094ed0a"}},{"id":"4b86e751-47dc-42ed-b64d-775c970895b1","eClass":"sysml:FeatureMembership","data":{"elementId":"a1db1be4-6d41-458d-a45c-a759fdf23175","ownedRelatedElement":[{"id":"257e0fb5-e302-48d8-94de-4d6cd8d58f4b","eClass":"sysml:AttributeUsage","data":{"declaredName":"tensileStrength","elementId":"df8144ed-9739-4145-9c0b-469ae73c9d9d","ownedRelationship":[{"id":"2b1bd97f-0c0f-411b-a5ae-6730fe715af2","eClass":"sysml:FeatureTyping","data":{"elementId":"47c738c3-7fc6-426b-bfca-376776048f0e","type":"sysml:Type syson-import:qualifiedName#Real","typedFeature":"df8144ed-9739-4145-9c0b-469ae73c9d9d"}}],"isComposite":true}}],"memberElement":"df8144ed-9739-4145-9c0b-469ae73c9d9d"}},{"id":"b91e0b31-6367-4ba1-8436-80a1eeb14f4b","eClass":"sysml:OwningMembership","data":{"elementId":"55d576ce-4e40-4b64-9f76-521c46a11cec","ownedRelatedElement":[{"id":"fae2af59-0ef7-44e4-9b1f-2b7476eed0ec","eClass":"sysml:Documentation","data":{"elementId":"70e2499f-6313-4297-9a83-f764ec087033","body":"* This is documentation of the owning part DoppelmayrCable.\n                * The DoppelmayrCable is a high-strength cable system designed for chairlift applications.\n                * It is suitable for rugged environments and includes safety features essential for passenger transport."}}],"memberElement":"70e2499f-6313-4297-9a83-f764ec087033"}}]}}],"memberElement":"9925e0a6-2b7d-42a7-bc64-40e993660af8"}},{"id":"a82af0a3-48a8-4564-8cca-4265018e7386","eClass":"sysml:OwningMembership","data":{"elementId":"3fb7ea89-e764-439f-85c2-02703169446d","ownedRelatedElement":[{"id":"e034ad0e-22d6-4be0-89d3-1ec117acf03c","eClass":"sysml:PartDefinition","data":{"declaredName":"LeitnerChair","elementId":"c21436ca-0e3d-4d7c-a740-1dc9e2900f74","ownedRelationship":[{"id":"1daefe8d-a08e-476c-9c78-bed399b4c74d","eClass":"sysml:FeatureMembership","data":{"elementId":"ac184dea-35c7-482b-97e4-832eb0dbc7e2","ownedRelatedElement":[{"id":"172cffc6-bd3b-420a-86c8-1eb203ae8633","eClass":"sysml:AttributeUsage","data":{"declaredName":"capacity","elementId":"9055e714-0b69-48f6-9ae1-6db120367e20","ownedRelationship":[{"id":"8c67cee3-4dbb-43aa-a080-335ebad3d36c","eClass":"sysml:FeatureTyping","data":{"elementId":"50b1c6cb-6da1-41b0-bea4-8d605bec2965","type":"sysml:Type syson-import:qualifiedName#Integer","typedFeature":"9055e714-0b69-48f6-9ae1-6db120367e20"}}],"isComposite":true}}],"memberElement":"9055e714-0b69-48f6-9ae1-6db120367e20"}},{"id":"c9ccb24e-5662-46d3-b506-37b1a029064c","eClass":"sysml:FeatureMembership","data":{"elementId":"756407fb-3217-40e5-9a0c-ba82e2e1b878","ownedRelatedElement":[{"id":"6314d89a-5157-4da7-b8db-cf936d704387","eClass":"sysml:AttributeUsage","data":{"declaredName":"seatTemperature","elementId":"14489235-2bb7-4a55-b503-16e2e73cb7e8","ownedRelationship":[{"id":"5d2e5296-50cb-4216-bdfe-b11e842e6122","eClass":"sysml:FeatureTyping","data":{"elementId":"f3edca64-2400-407a-9b91-4a283f5e9ed2","type":"sysml:Type syson-import:qualifiedName#Real","typedFeature":"14489235-2bb7-4a55-b503-16e2e73cb7e8"}}],"isComposite":true}}],"memberElement":"14489235-2bb7-4a55-b503-16e2e73cb7e8"}},{"id":"26d6140b-3719-43b9-8403-b8fdb96ad419","eClass":"sysml:FeatureMembership","data":{"elementId":"798d3bfd-0de4-4380-898d-451129e12e84","ownedRelatedElement":[{"id":"99a893a2-e4d1-46ae-8b81-b9b2646f2155","eClass":"sysml:AttributeUsage","data":{"declaredName":"hasHeating","elementId":"6f981c0c-becd-4347-9d43-72741725ef04","ownedRelationship":[{"id":"c17996cc-de13-4d79-bf89-254a148d8c25","eClass":"sysml:FeatureTyping","data":{"elementId":"a22c4231-209b-4822-95d2-0894499a31f2","type":"sysml:Type syson-import:qualifiedName#Boolean","typedFeature":"6f981c0c-becd-4347-9d43-72741725ef04"}},{"id":"006d69df-0719-4daa-80c8-c13d8752de5e","eClass":"sysml:FeatureValue","data":{"elementId":"f0e23260-e9d0-48b7-b617-aa1f88a30db4","ownedRelatedElement":[{"id":"4c523e62-5539-4bef-8ce9-24cd6f4b1af3","eClass":"sysml:LiteralBoolean","data":{"elementId":"b895e023-b72f-48c5-a751-a6d37f405f68"}}],"memberElement":"b895e023-b72f-48c5-a751-a6d37f405f68"}}],"isComposite":true}}],"memberElement":"6f981c0c-becd-4347-9d43-72741725ef04"}},{"id":"c914107b-fb72-4665-b53a-b9bad30823dd","eClass":"sysml:OwningMembership","data":{"elementId":"7e5bd47e-5ff9-4b87-add2-683a11b1460a","ownedRelatedElement":[{"id":"694d2e60-3ff1-4250-88e3-2597dcf514ad","eClass":"sysml:Documentation","data":{"elementId":"8bdcb944-5c64-435e-9236-d103d6cf94dc","body":"* This is documentation of the owning part LeitnerChair.\n                * LeitnerChair is designed for passenger comfort with heated seating capabilities.\n                * It operates with direct-drive technology, providing adjustable seat temperature for varying weather conditions."}}],"memberElement":"8bdcb944-5c64-435e-9236-d103d6cf94dc"}}]}}],"memberElement":"c21436ca-0e3d-4d7c-a740-1dc9e2900f74"}},{"id":"4fd6c141-7d6e-46f4-a0f6-a8d32a5a600c","eClass":"sysml:OwningMembership","data":{"elementId":"17db522c-2272-43d0-aa90-36b4500dad5d","ownedRelatedElement":[{"id":"1b0e181b-2950-443e-a5d0-40fc18b69a07","eClass":"sysml:PartDefinition","data":{"declaredName":"PomaStation","elementId":"5ade8ce7-0766-4005-9c82-104b2e007953","ownedRelationship":[{"id":"15c69c2e-f732-44dd-8459-8a9a093c6bf1","eClass":"sysml:FeatureMembership","data":{"elementId":"41fd531f-88f3-4ad8-8682-21d52f50f9e6","ownedRelatedElement":[{"id":"6096b5c3-8962-44c6-ad9c-f108a03a8dc8","eClass":"sysml:AttributeUsage","data":{"declaredName":"stationType","elementId":"93e8ae7b-ed0d-4546-9d55-b4f8b5ef2a12","ownedRelationship":[{"id":"6c402966-30cb-4dfa-8c88-9bdcd24c4f16","eClass":"sysml:FeatureTyping","data":{"elementId":"76eba315-0ac2-4b95-b06d-f9c6b5ca487d","type":"sysml:Type syson-import:qualifiedName#String","typedFeature":"93e8ae7b-ed0d-4546-9d55-b4f8b5ef2a12"}}],"isComposite":true}}],"memberElement":"93e8ae7b-ed0d-4546-9d55-b4f8b5ef2a12"}},{"id":"60e785c4-34ac-4414-bce5-cf87276821bd","eClass":"sysml:FeatureMembership","data":{"elementId":"a68a0dc1-1438-4de8-834a-226dd3dd651e","ownedRelatedElement":[{"id":"7686843c-2206-4361-8eab-1f4a5b669973","eClass":"sysml:PortUsage","data":{"declaredName":"loadPort","elementId":"e909c218-406f-4968-b329-d0988c3e59b6","ownedRelationship":[{"id":"cfc5ecff-b6e9-4029-8709-0e5b1998a815","eClass":"sysml:ConjugatedPortTyping","data":{"elementId":"e0952972-35e5-4eef-b3d6-1f3bafc723aa","typedFeature":"e909c218-406f-4968-b329-d0988c3e59b6","conjugatedPortDefinition":"sysml:ConjugatedPortDefinition syson-import:qualifiedName#PassengerFlow"}}],"isComposite":true}}],"memberElement":"e909c218-406f-4968-b329-d0988c3e59b6"}},{"id":"0aaedb47-1c72-44b8-9a3f-f1c67baefd03","eClass":"sysml:FeatureMembership","data":{"elementId":"83ec741d-bb8a-4ff8-bab9-e30e8e1ffbed","ownedRelatedElement":[{"id":"901da1f2-dd34-4760-b4ad-259f633b6c3e","eClass":"sysml:PortUsage","data":{"declaredName":"unloadPort","elementId":"a68fbbe1-f4a9-44d3-b58c-270a18ed4fb0","ownedRelationship":[{"id":"b57f0f74-682f-422a-9afd-dc4410f41fb9","eClass":"sysml:ConjugatedPortTyping","data":{"elementId":"960cf3a2-fefc-433a-8b34-206a5f877b94","typedFeature":"a68fbbe1-f4a9-44d3-b58c-270a18ed4fb0","conjugatedPortDefinition":"sysml:ConjugatedPortDefinition syson-import:qualifiedName#PassengerFlow"}}],"isComposite":true}}],"memberElement":"a68fbbe1-f4a9-44d3-b58c-270a18ed4fb0"}},{"id":"cdbc0da9-2ccf-4af5-98c4-e3562818c9ec","eClass":"sysml:OwningMembership","data":{"elementId":"f457c91e-e82c-4dda-8976-1f873f380a65","ownedRelatedElement":[{"id":"be38f5df-6aca-4c60-9e34-d2d80e54a415","eClass":"sysml:Documentation","data":{"elementId":"b099e0bc-3b37-42d3-9634-bb489000f8ed","body":"* This is documentation of the owning part PomaStation.\n                * The PomaStation is modular and can be adapted for loading or unloading passengers safely.\n                * Features include automated gates and sensors for enhanced safety and efficiency."}}],"memberElement":"b099e0bc-3b37-42d3-9634-bb489000f8ed"}}]}}],"memberElement":"5ade8ce7-0766-4005-9c82-104b2e007953"}},{"id":"3705ddd8-c7ba-40c9-819d-0fff2fe51a09","eClass":"sysml:OwningMembership","data":{"elementId":"2a0fa11c-91ca-499b-9169-b17c4c485d3d","ownedRelatedElement":[{"id":"f92b7f9b-3222-46ed-a9dd-834b414b0fce","eClass":"sysml:PartDefinition","data":{"declaredName":"SunPowerSolarPanel","elementId":"33cc2e03-2827-42c0-802f-182b0c4e8f9d","ownedRelationship":[{"id":"8405104c-525c-430f-8e7f-30c7b7f6a414","eClass":"sysml:FeatureMembership","data":{"elementId":"9b05ea2c-2a78-4f81-9da9-97ab175f04f1","ownedRelatedElement":[{"id":"a87d0a58-7f09-4066-b266-c67eaf612c8b","eClass":"sysml:AttributeUsage","data":{"declaredName":"powerOutput","elementId":"7c2c4c5b-49df-45dd-836b-7627bac55b84","ownedRelationship":[{"id":"647260d0-f81f-47cc-8a74-c7f9af455f49","eClass":"sysml:FeatureTyping","data":{"elementId":"94d75670-6190-4b4e-999d-80533114183e","type":"sysml:Type syson-import:qualifiedName#PowerValue","typedFeature":"7c2c4c5b-49df-45dd-836b-7627bac55b84"}}],"isComposite":true}}],"memberElement":"7c2c4c5b-49df-45dd-836b-7627bac55b84"}},{"id":"477b940c-43e5-434e-b8a1-4b25dba8ca72","eClass":"sysml:FeatureMembership","data":{"elementId":"271a3992-2282-4d63-88c2-462eda7f6123","ownedRelatedElement":[{"id":"2488d1a4-c720-4d9d-861d-5ad6fa59f8bb","eClass":"sysml:AttributeUsage","data":{"declaredName":"efficiency","elementId":"ad094878-490a-490b-b605-18d963c398a8","ownedRelationship":[{"id":"fcd84bdf-f372-420f-9285-c160e967294a","eClass":"sysml:FeatureTyping","data":{"elementId":"ff883aca-7739-4871-be93-79e3f7439a17","type":"sysml:Type syson-import:qualifiedName#Real","typedFeature":"ad094878-490a-490b-b605-18d963c398a8"}}],"isComposite":true}}],"memberElement":"ad094878-490a-490b-b605-18d963c398a8"}},{"id":"fae50393-ba95-4c3d-957b-94c9bd2b1b33","eClass":"sysml:FeatureMembership","data":{"elementId":"30906de3-d984-4cfd-9ef4-58f4c4c361c7","ownedRelatedElement":[{"id":"14abf301-5eb1-496b-877f-788cd99f923a","eClass":"sysml:PortUsage","data":{"declaredName":"powerOut","elementId":"b20014a5-02fb-4c4e-8899-7c8170c9c782","ownedRelationship":[{"id":"5eb13e74-937d-43eb-a0b6-c5a6000e2cc2","eClass":"sysml:FeatureTyping","data":{"elementId":"3c7dd329-96cc-4ac2-9d17-7dff23f7facf","type":"sysml:Type syson-import:qualifiedName#PowerFlow","typedFeature":"b20014a5-02fb-4c4e-8899-7c8170c9c782"}}],"isComposite":true}}],"memberElement":"b20014a5-02fb-4c4e-8899-7c8170c9c782"}},{"id":"85a3e96a-29cd-46fe-8000-3b5e82236585","eClass":"sysml:OwningMembership","data":{"elementId":"28ab1126-213a-478a-8734-9f9d1ad48b55","ownedRelatedElement":[{"id":"81d83993-fe8f-468a-806d-aeefbb66e18d","eClass":"sysml:Documentation","data":{"elementId":"f90775d8-d578-4f41-ab64-4951468641f3","body":"* This is documentation of the owning part SunPowerSolarPanel.\n                * SunPowerSolarPanel provides high-efficiency power output suitable for remote applications like chairlifts.\n                * It is designed to work in rugged environments and offers reliable energy for powering the systems battery."}}],"memberElement":"f90775d8-d578-4f41-ab64-4951468641f3"}}]}}],"memberElement":"33cc2e03-2827-42c0-802f-182b0c4e8f9d"}},{"id":"57f48d8d-b4e0-4937-bf9d-1f6133095fa3","eClass":"sysml:OwningMembership","data":{"elementId":"f4439b45-434e-4750-8cd0-0248aaf08035","ownedRelatedElement":[{"id":"b88ac4d1-4f79-4819-838d-b479188ba70f","eClass":"sysml:PartDefinition","data":{"declaredName":"TeslaBattery","elementId":"05c50d2d-5238-41b6-9974-5a9f95b2a3b2","ownedRelationship":[{"id":"6ec7c51c-6d94-42bb-bd0f-57a812f74459","eClass":"sysml:FeatureMembership","data":{"elementId":"51ac9c32-47a7-4558-a86c-e49ac2e8736a","ownedRelatedElement":[{"id":"a1bdd9ea-9a6d-43bd-a152-b9b44053749f","eClass":"sysml:AttributeUsage","data":{"declaredName":"capacity","elementId":"0d89179d-d3ec-441e-9c88-20609d806c6b","ownedRelationship":[{"id":"144c57f9-81be-46ae-a64f-04efc0fd6d0f","eClass":"sysml:FeatureTyping","data":{"elementId":"7cc319ad-5ff2-4692-9502-c5dedbc232e7","type":"sysml:Type syson-import:qualifiedName#EnergyValue","typedFeature":"0d89179d-d3ec-441e-9c88-20609d806c6b"}}],"isComposite":true}}],"memberElement":"0d89179d-d3ec-441e-9c88-20609d806c6b"}},{"id":"00c523f3-9868-405d-bca8-58fe0b627989","eClass":"sysml:FeatureMembership","data":{"elementId":"6676c02c-87bd-4190-a8d1-38b3f36b5650","ownedRelatedElement":[{"id":"0bcc6a4a-3c86-4199-ab19-6783f93682b4","eClass":"sysml:AttributeUsage","data":{"declaredName":"chargeLevel","elementId":"7c0dbefd-f1fc-4d6f-9cf7-bb7aa983097c","ownedRelationship":[{"id":"44936591-9165-4e99-858d-523f7650deac","eClass":"sysml:FeatureTyping","data":{"elementId":"0820a83b-2277-434a-9c4c-3abef9b25175","type":"sysml:Type syson-import:qualifiedName#EnergyValue","typedFeature":"7c0dbefd-f1fc-4d6f-9cf7-bb7aa983097c"}}],"isComposite":true}}],"memberElement":"7c0dbefd-f1fc-4d6f-9cf7-bb7aa983097c"}},{"id":"77e0750c-62b9-44b7-83c6-564e78eb3c5a","eClass":"sysml:FeatureMembership","data":{"elementId":"2d4d1ee0-0c04-40d9-a069-4e92d59cefad","ownedRelatedElement":[{"id":"4a661f0b-1a10-4b13-9301-84fb98fbfc64","eClass":"sysml:PortUsage","data":{"declaredName":"chargePort","elementId":"20d14652-9414-4287-a2aa-9faad3e613b2","ownedRelationship":[{"id":"382dedcf-9da0-4023-9d35-4144bac15640","eClass":"sysml:ConjugatedPortTyping","data":{"elementId":"a40b0803-28cd-478e-9f03-60d4a960e48d","typedFeature":"20d14652-9414-4287-a2aa-9faad3e613b2","conjugatedPortDefinition":"sysml:ConjugatedPortDefinition syson-import:qualifiedName#PowerFlow"}}],"isComposite":true}}],"memberElement":"20d14652-9414-4287-a2aa-9faad3e613b2"}},{"id":"f28cd710-5a85-4187-84dc-5331e3cd3095","eClass":"sysml:OwningMembership","data":{"elementId":"47c85f95-7a2d-4a69-8542-31bfd46d2da2","ownedRelatedElement":[{"id":"e7b825d6-55e1-4630-8446-616fac612a3c","eClass":"sysml:Documentation","data":{"elementId":"ddb96e15-1754-4a37-b94f-010762d4e065","body":"* This is documentation of the owning part TeslaBattery.\n                * The TeslaBattery is an energy storage system suitable for remote and off-grid applications.\n                * It is designed to store sufficient energy for auxiliary power needs such as heated seats."}}],"memberElement":"ddb96e15-1754-4a37-b94f-010762d4e065"}}]}}],"memberElement":"05c50d2d-5238-41b6-9974-5a9f95b2a3b2"}}]}}]}},{"id":"790866df-43ec-4cbb-b11f-141e149b918f","eClass":"sysml:OwningMembership","data":{"elementId":"646d6564-982a-43a7-b48b-eee0913e7fb9","ownedRelatedElement":[{"id":"bd52b576-4454-4ea1-a33c-b7afcf2592b1","eClass":"sysml:Package","data":{"declaredName":"ConceptModel","elementId":"dec057fa-699d-41d4-9331-ec2a4161f9e1","ownedRelationship":[{"id":"b5a3cc95-8738-4269-b2ae-3688deaf7502","eClass":"sysml:OwningMembership","data":{"elementId":"dc93b06c-acc4-436b-af82-3ac046cc10bb","ownedRelatedElement":[{"id":"479c9136-5830-4746-abbf-29d3f8be2c04","eClass":"sysml:PartDefinition","data":{"declaredName":"Chair","elementId":"8a8033f6-9576-41ab-ada0-683668eecb07","ownedRelationship":[{"id":"1c9fbdb5-b3b0-4c1d-adbc-f448d2bf6ff3","eClass":"sysml:FeatureMembership","data":{"elementId":"c425e3c7-bed1-4df5-946d-c1e8b3478537","ownedRelatedElement":[{"id":"807891cb-5a54-40e5-b0f1-870ca7df5635","eClass":"sysml:AttributeUsage","data":{"declaredName":"capacity","elementId":"1a678669-dbc1-4e2f-9f9f-ab45f86fd501","ownedRelationship":[{"id":"63f79390-4276-461c-a3fe-baf9816af1a3","eClass":"sysml:FeatureTyping","data":{"elementId":"42fe7bff-fa29-4325-9304-6767257690b7","type":"sysml:Type syson-import:qualifiedName#Integer","typedFeature":"1a678669-dbc1-4e2f-9f9f-ab45f86fd501"}}],"isComposite":true}}],"memberElement":"1a678669-dbc1-4e2f-9f9f-ab45f86fd501"}},{"id":"e9cf7187-78db-4512-972c-54d4d5fccf23","eClass":"sysml:FeatureMembership","data":{"elementId":"12d16659-2952-45ba-a152-70271edde399","ownedRelatedElement":[{"id":"bdc16068-dfed-44c2-8ec0-f570758beb76","eClass":"sysml:AttributeUsage","data":{"declaredName":"seatTemperature","elementId":"731b9b55-b020-4740-ba0e-f73dd9ae4ae3","ownedRelationship":[{"id":"937a6aeb-8108-42e2-bc6b-9860369e327d","eClass":"sysml:FeatureTyping","data":{"elementId":"eaf31188-f8e8-42c3-9e9e-d04130f9d57e","type":"sysml:Type syson-import:qualifiedName#Real","typedFeature":"731b9b55-b020-4740-ba0e-f73dd9ae4ae3"}}],"isComposite":true}}],"memberElement":"731b9b55-b020-4740-ba0e-f73dd9ae4ae3"}},{"id":"35a1ec24-7e27-4f89-b089-de6a232ea409","eClass":"sysml:FeatureMembership","data":{"elementId":"dc761445-c63d-481c-9b2d-09edf8a5393d","ownedRelatedElement":[{"id":"ee6569c9-b179-440d-a314-56fc69daa67f","eClass":"sysml:AttributeUsage","data":{"declaredName":"hasHeating","elementId":"6673e46d-4b70-476b-8731-ef19c6cd80da","ownedRelationship":[{"id":"75a56174-6567-42a7-b2ec-e8fa0a531c4f","eClass":"sysml:FeatureTyping","data":{"elementId":"e2dc9d52-e4e3-40a9-9616-9e0944fe3e08","type":"sysml:Type syson-import:qualifiedName#Boolean","typedFeature":"6673e46d-4b70-476b-8731-ef19c6cd80da"}},{"id":"76a64da6-a500-48ba-85ea-76254c575741","eClass":"sysml:FeatureValue","data":{"elementId":"c0629622-3e2a-4392-bd15-e1e2f2a51a85","ownedRelatedElement":[{"id":"9fd8ef1f-affc-431b-997b-75f3c5bacc3f","eClass":"sysml:LiteralBoolean","data":{"elementId":"badeebe3-30f3-4a49-9d21-56e22e780ba1"}}],"memberElement":"badeebe3-30f3-4a49-9d21-56e22e780ba1"}}],"isComposite":true}}],"memberElement":"6673e46d-4b70-476b-8731-ef19c6cd80da"}},{"id":"994d9004-07a1-41f4-b277-90f25f079c04","eClass":"sysml:FeatureMembership","data":{"elementId":"a6d169e7-2b8e-42ea-b63e-335e48f0595c","ownedRelatedElement":[{"id":"79a69d15-e4cb-4991-b26c-1b738b197aa2","eClass":"sysml:PortUsage","data":{"declaredName":"passengerPort","elementId":"9d414510-63e0-4019-91df-ac491254a857","ownedRelationship":[{"id":"5975c8fd-2538-4779-8ccb-251dbbeb25da","eClass":"sysml:FeatureTyping","data":{"elementId":"82a6a191-4a11-4f1a-9a99-0bcec720f59f","type":"ec7b7ce2-b295-42f7-ba2d-56e9517aba40","typedFeature":"9d414510-63e0-4019-91df-ac491254a857"}}],"isComposite":true}}],"memberElement":"9d414510-63e0-4019-91df-ac491254a857"}},{"id":"876c6953-754f-4adc-b489-4ff1e979f14b","eClass":"sysml:FeatureMembership","data":{"elementId":"92914d03-f9a0-4003-9f9b-eb3e931b6f34","ownedRelatedElement":[{"id":"36bcdfb7-cd5a-453c-9e2c-39a8327b4b2a","eClass":"sysml:PortUsage","data":{"declaredName":"seatHeaterPort","elementId":"dbb4ff25-e1c3-4fcf-82eb-6bec3bbcf5e8","ownedRelationship":[{"id":"b2e498fa-ca88-48c2-ac67-c4d4ad96da4a","eClass":"sysml:FeatureTyping","data":{"elementId":"fc48f467-47ee-4017-a98c-68b29d0eae03","type":"4ca66ae9-f3b2-474b-a275-96bf05ce8df4","typedFeature":"dbb4ff25-e1c3-4fcf-82eb-6bec3bbcf5e8"}}],"isComposite":true}}],"memberElement":"dbb4ff25-e1c3-4fcf-82eb-6bec3bbcf5e8"}},{"id":"dc85a3cd-f569-4af7-97e4-916c9bbc4df5","eClass":"sysml:OwningMembership","data":{"elementId":"d9426f94-058b-4f5e-a770-18383f4c39d2","ownedRelatedElement":[{"id":"8639e72a-0118-4bbf-8c06-35d673e03177","eClass":"sysml:Documentation","data":{"elementId":"3edb47e4-f4c8-42f3-bfe2-c3a25b93e17e","body":"* This is documentation of the owning part Chair.\n                * The Chair part models each individual chairlift seat, with a capacity limit and\n                * adjustable seat temperature. It includes a seat heating port connected to the battery,\n                * allowing for heated seats in cold weather."}}],"memberElement":"3edb47e4-f4c8-42f3-bfe2-c3a25b93e17e"}},{"id":"cc372621-6ed3-4cd5-98e7-3aca542bc068","eClass":"sysml:FeatureMembership","data":{"elementId":"1c084fd1-a683-46e1-95a4-1ffd287ee57d","ownedRelatedElement":[{"id":"0673ecbc-e9dd-46f9-828b-b1ffe7ffa04c","eClass":"sysml:PartUsage","data":{"declaredName":"cable","elementId":"16308c68-569f-4626-a6ca-e9941ad9b5aa","ownedRelationship":[{"id":"2d4d41fb-a98b-4a20-aac0-caabed5ca730","eClass":"sysml:FeatureTyping","data":{"elementId":"44786f1f-2832-4dab-98f4-9ea976be0968","type":"8724cd90-9424-4a4b-becb-42ad1b260cc0","typedFeature":"16308c68-569f-4626-a6ca-e9941ad9b5aa"}},{"id":"2cef525a-ca96-4839-8559-1f6be14dee85","eClass":"sysml:FeatureMembership","data":{"elementId":"a5fa6f8c-adfa-436c-9cb8-5231b78be809","ownedRelatedElement":[{"id":"91b22128-3eb5-414d-8c92-75ac9da683b8","eClass":"sysml:PortUsage","data":{"declaredName":"strong enough","elementId":"6802f934-46df-49ad-b49f-e397fdab09b5","isComposite":true}}]}}],"isComposite":true}}],"memberElement":"16308c68-569f-4626-a6ca-e9941ad9b5aa"}},{"id":"7048f97c-81b5-4a93-bc47-ee35bbad90f3","eClass":"sysml:FeatureMembership","data":{"elementId":"8a22de1f-24ed-4440-ac97-3d4021335b61","ownedRelatedElement":[{"id":"c190411b-2f03-4306-ba0e-7418373b4cb7","eClass":"sysml:PartUsage","data":{"declaredName":"baseStation","elementId":"ca5b9367-f948-46db-93f7-179e5899b009","ownedRelationship":[{"id":"097dab2a-6a01-41d9-8da2-69c4566df5fc","eClass":"sysml:FeatureTyping","data":{"elementId":"63bb0467-e8be-4b58-834b-5eacd5a488b2","type":"c90b1989-5eff-4436-925e-cb3abd50cb0b","typedFeature":"ca5b9367-f948-46db-93f7-179e5899b009"}}],"isComposite":true}}],"memberElement":"ca5b9367-f948-46db-93f7-179e5899b009"}},{"id":"2f1a9756-bc1d-4c29-a981-df660c51e608","eClass":"sysml:FeatureMembership","data":{"elementId":"48f7fdb2-9f10-4a3a-afac-4fcf2746939e","ownedRelatedElement":[{"id":"2651aaeb-3f14-42db-82b9-108c0f3cac18","eClass":"sysml:PartUsage","data":{"declaredName":"topStation","elementId":"fe1f8b03-b9fc-45e2-91e6-1a7161942dab","ownedRelationship":[{"id":"2565b2c3-0fbf-441e-9b53-e5d8bda1b1f7","eClass":"sysml:FeatureTyping","data":{"elementId":"24ba6bfc-5ba1-4834-b851-3f8d1c26e865","type":"c90b1989-5eff-4436-925e-cb3abd50cb0b","typedFeature":"fe1f8b03-b9fc-45e2-91e6-1a7161942dab"}}],"isComposite":true}}],"memberElement":"fe1f8b03-b9fc-45e2-91e6-1a7161942dab"}},{"id":"42f43c87-f5c4-484d-9b7d-14c9d4232296","eClass":"sysml:FeatureMembership","data":{"elementId":"10d4549a-026c-4316-bb2b-f7ee6db5abc6","ownedRelatedElement":[{"id":"4c888745-956e-4ee9-9e20-f91087dd7b95","eClass":"sysml:PartUsage","data":{"declaredName":"solarPanel","elementId":"b2691182-45cf-4305-9867-d5f5f06a3d15","ownedRelationship":[{"id":"12a8e693-bb3d-4d99-a701-f62552b26d62","eClass":"sysml:FeatureTyping","data":{"elementId":"e8fdf067-9ef4-4e36-8797-f91c82356903","type":"1f64a15e-6e0c-4788-8d45-8907cf5d9dec","typedFeature":"b2691182-45cf-4305-9867-d5f5f06a3d15"}},{"id":"79502549-a949-4d1d-9976-16a2c095fb3f","eClass":"sysml:FeatureMembership","data":{"elementId":"d0fc1589-a728-416d-b426-8225526617d1","ownedRelatedElement":[{"id":"272398fa-bf75-4232-8d01-8629a479b505","eClass":"sysml:PortUsage","data":{"declaredName":"work 8h shift in sunny days","elementId":"261295e2-59c2-4910-8933-c6ce994a5b34","isComposite":true}}]}}],"isComposite":true}}],"memberElement":"b2691182-45cf-4305-9867-d5f5f06a3d15"}},{"id":"a7b0a59a-8f3a-4646-bdce-f9a68033d496","eClass":"sysml:FeatureMembership","data":{"elementId":"f5325ddb-dddd-4eec-b160-bd8b84502e69","ownedRelatedElement":[{"id":"4ea4d181-cc9b-4cf2-a0e2-3e68ecd8bf8c","eClass":"sysml:PartUsage","data":{"declaredName":"battery","elementId":"fb27714e-74bf-4217-8a27-116393747814","ownedRelationship":[{"id":"7fae50bd-438e-445e-9024-ee8cfeb73566","eClass":"sysml:FeatureTyping","data":{"elementId":"ebd43d08-37f5-4f57-b7b7-4276a56a08fb","type":"0b589fcd-96d5-4a94-a9d4-bbeac2127f98","typedFeature":"fb27714e-74bf-4217-8a27-116393747814"}},{"id":"26a2efd4-8489-4990-9d3a-288d24419439","eClass":"sysml:FeatureMembership","data":{"elementId":"acc1315d-5820-43cc-9f08-1838d917e352","ownedRelatedElement":[{"id":"fbfdf6bc-a715-4684-bf34-28cb839e9420","eClass":"sysml:PortUsage","data":{"declaredName":"cold resistance","elementId":"93f7cb2f-b7cf-4503-b11e-556731db3ab6","isComposite":true}}]}}],"isComposite":true}}],"memberElement":"fb27714e-74bf-4217-8a27-116393747814"}},{"id":"66ad913e-f9e9-4a27-8124-573d507e0fb5","eClass":"sysml:FeatureMembership","data":{"elementId":"339bb764-9ad0-42c8-bc2d-3c045da324d6","ownedRelatedElement":[{"id":"cfd2d43c-e48f-436d-a0ed-6a0a3750283c","eClass":"sysml:InterfaceUsage","data":{"declaredName":"passengerLoading","elementId":"dbf7fd0f-4ec5-4317-9404-ea4131ceb9da","ownedRelationship":[{"id":"6412afbf-6f8b-488c-a100-12e950d04258","eClass":"sysml:FeatureMembership","data":{"elementId":"fa0197be-acfa-4bee-86fc-a9f0d2887540","ownedRelatedElement":[{"id":"e3e8e4c7-3d72-427b-bcb8-6c7e03f60a13","eClass":"sysml:PortUsage","data":{"declaredName":"port","elementId":"d14d8d9e-8103-43f6-bff0-bae310e3484f","isComposite":true}}]}},{"id":"655772e1-4b32-45db-a923-bb633fea387c","eClass":"sysml:FeatureMembership","data":{"elementId":"a42a9d22-6410-42d8-8095-a7f1758dd984","ownedRelatedElement":[{"id":"84164656-321e-4d80-9a7b-7e20dacb4439","eClass":"sysml:PortUsage","data":{"declaredName":"port","elementId":"db0b97f6-ef9e-4ff6-b6e7-98e5fdd793d8","isComposite":true}}]}}],"isComposite":true}}],"memberElement":"dbf7fd0f-4ec5-4317-9404-ea4131ceb9da"}},{"id":"a7d0077c-4a88-4085-bb07-1232d85aeb3c","eClass":"sysml:FeatureMembership","data":{"elementId":"e796aea7-f00a-4afc-9962-51a4a0ee2f52","ownedRelatedElement":[{"id":"1ab4330a-1e1e-49b8-b773-694911f088fd","eClass":"sysml:InterfaceUsage","data":{"declaredName":"passengerUnloading","elementId":"6591e649-d92c-4737-b5ac-62a44366e18c","ownedRelationship":[{"id":"109a498c-2062-4690-a714-a8bf3cd7fa5d","eClass":"sysml:FeatureMembership","data":{"elementId":"d38ee9fe-d76a-4881-8d06-934198468b01","ownedRelatedElement":[{"id":"2831fe4f-b2c4-490e-aa5f-858440561848","eClass":"sysml:PortUsage","data":{"declaredName":"port","elementId":"5edd0694-07de-4633-92e6-eb52ed3e75a8","isComposite":true}}]}}],"isComposite":true}}],"memberElement":"6591e649-d92c-4737-b5ac-62a44366e18c"}},{"id":"59e639f0-90e3-4393-9948-efb882e727fa","eClass":"sysml:FeatureMembership","data":{"elementId":"92d32da9-18a7-4dcd-8871-6bcfeed59e9c","ownedRelatedElement":[{"id":"80b49c9b-8a79-4b3f-bd53-53c5c50fcd87","eClass":"sysml:InterfaceUsage","data":{"declaredName":"powerSupply","elementId":"f9b16ad6-b625-4856-9906-3a681e71d0b8","ownedRelationship":[{"id":"b667951a-df54-4394-94c3-43d1672a1039","eClass":"sysml:FeatureMembership","data":{"elementId":"1910aef5-40dc-409e-bba1-19dd16ebea29","ownedRelatedElement":[{"id":"3e3263b5-4688-4ac7-a3ff-804ab56c0dfd","eClass":"sysml:PortUsage","data":{"declaredName":"port","elementId":"a5279ed3-688f-4626-ab91-ff4a2cc8ac46","isComposite":true}}]}}],"isComposite":true}}],"memberElement":"f9b16ad6-b625-4856-9906-3a681e71d0b8"}},{"id":"9b9b735d-b46b-444a-8fdc-5533871b02d0","eClass":"sysml:FeatureMembership","data":{"elementId":"2c72de8b-568f-477c-9473-104c1fd4af47","ownedRelatedElement":[{"id":"6fa8ca92-83d8-417f-bbb3-4a95206623dd","eClass":"sysml:InterfaceUsage","data":{"declaredName":"seatHeating","elementId":"9dd2bf5d-8113-411e-befc-2793c753fcf1","ownedRelationship":[{"id":"c88b3e7e-d47c-41dc-af1c-4cd10a5a31b3","eClass":"sysml:FeatureMembership","data":{"elementId":"df901a98-6be7-446c-92c2-d8c3e6c4b1c2","ownedRelatedElement":[{"id":"3466bdc0-72d5-4d65-90cc-b8430b49f31b","eClass":"sysml:PortUsage","data":{"declaredName":"port","elementId":"350a37c9-de70-494f-bf99-8bc090e297a5","isComposite":true}}]}}],"isComposite":true}}],"memberElement":"9dd2bf5d-8113-411e-befc-2793c753fcf1"}},{"id":"6d603a26-4fbe-4170-a99e-616ee3637044","eClass":"sysml:FeatureMembership","data":{"elementId":"768ce170-47ba-4f61-804b-8a3013fbd674","ownedRelatedElement":[{"id":"e16767c9-a751-46c4-898c-c53ee2d705c6","eClass":"sysml:BindingConnectorAsUsage","data":{"declaredName":"bind","elementId":"c7b002f5-c21c-4eae-b684-126e3734a3c4","ownedRelationship":[{"id":"b9f73199-78ba-4e72-aacf-75485fb9b1b3","eClass":"sysml:EndFeatureMembership","data":{"elementId":"595e5c7e-07dc-4cb5-ac79-cda997db0066","ownedRelatedElement":[{"id":"0837a0dd-347c-4877-9f50-7181cdcc67e5","eClass":"sysml:Feature","data":{"elementId":"cebd0df0-5e39-4053-8bff-762f722ee44c","ownedRelationship":[{"id":"b41c42c0-32dc-457e-88b3-dfb2cb89c777","eClass":"sysml:ReferenceSubsetting","data":{"declaredName":"references","elementId":"d0c302af-e6c6-45cd-aa72-56bba9baed3b","referencedFeature":"261295e2-59c2-4910-8933-c6ce994a5b34"}}],"isEnd":true}}]}},{"id":"d3e33c04-9da5-4e0b-b866-430fea45eb52","eClass":"sysml:EndFeatureMembership","data":{"elementId":"c2c1fa86-1d9b-466c-a84b-5622338a72f4","ownedRelatedElement":[{"id":"b60252cf-b25f-4e8e-b39f-791c99ea8948","eClass":"sysml:Feature","data":{"elementId":"34e45a37-a7f7-4fa4-b53a-f74c3256ace5","ownedRelationship":[{"id":"fa517667-4d93-4b34-8cd6-51a8dfc569aa","eClass":"sysml:ReferenceSubsetting","data":{"declaredName":"references","elementId":"5b462f3a-5c6b-404c-8c95-f33e145fdb1c","referencedFeature":"93f7cb2f-b7cf-4503-b11e-556731db3ab6"}}],"isEnd":true}}]}}]}}]}},{"id":"79e2e924-7403-42f7-a112-8e70c2926d41","eClass":"sysml:FeatureMembership","data":{"elementId":"43f4611e-6dd3-4122-a49c-6c39b6e2dd2a","ownedRelatedElement":[{"id":"904a45ef-0e3c-40e1-8e28-4a84e24a5a02","eClass":"sysml:FlowConnectionUsage","data":{"declaredName":"flow","elementId":"cf48047e-de67-4ef8-808d-e51f21b5f02d","ownedRelationship":[{"id":"0bbed1f4-6273-42cf-937f-b65ea80a9c6e","eClass":"sysml:EndFeatureMembership","data":{"elementId":"f3863da9-911b-4449-9159-0e6091536ea0","ownedRelatedElement":[{"id":"b5039589-6b1b-4877-b55d-e20fe76e2906","eClass":"sysml:Feature","data":{"elementId":"77dea1a8-011d-4fa6-a99e-0689041355d8","ownedRelationship":[{"id":"67bb1d0f-92b7-47c0-b549-4af3a36d7209","eClass":"sysml:ReferenceSubsetting","data":{"declaredName":"references","elementId":"b9cc40f2-07be-4acb-9551-12b0673d33cc"}}],"isEnd":true}}]}},{"id":"11e3de56-3a0c-45a7-b303-d8bbb68eacca","eClass":"sysml:EndFeatureMembership","data":{"elementId":"cdc5500c-8356-4b75-a171-204428329bc8","ownedRelatedElement":[{"id":"cd6f9ade-a77d-4275-8352-90a6dc75e3b1","eClass":"sysml:Feature","data":{"elementId":"9afbf1a5-e3fe-4a8c-822c-227a7b10a81b","ownedRelationship":[{"id":"8d0d1c38-3e77-4c01-8798-ad2ab3c1586f","eClass":"sysml:ReferenceSubsetting","data":{"declaredName":"references","elementId":"db68049d-8253-4378-8163-e433d48b1d6b"}}],"isEnd":true}}]}}]}}]}},{"id":"a8903ac4-1449-4d4e-ae41-d39f1cc26f5b","eClass":"sysml:FeatureMembership","data":{"elementId":"3e10aaab-b1e0-421c-82db-48f66ef77c60","ownedRelatedElement":[{"id":"972b53f4-6757-4ca3-8e5d-ebbf0e9879e7","eClass":"sysml:FlowConnectionUsage","data":{"declaredName":"flow","elementId":"9eb464ca-eb84-4358-ac28-ce382602457c","ownedRelationship":[{"id":"abdea498-0e97-4933-bde9-7ae5cbbd369f","eClass":"sysml:EndFeatureMembership","data":{"elementId":"e0771099-de3d-4971-a3d8-5b04f1112f1d","ownedRelatedElement":[{"id":"e07c3a76-b960-48be-9d4a-1f726f5872e8","eClass":"sysml:Feature","data":{"elementId":"30baac05-aea3-47de-8300-5cc12c5368a0","ownedRelationship":[{"id":"323c3f94-a79b-4dd2-8a18-366e5c3f0678","eClass":"sysml:ReferenceSubsetting","data":{"declaredName":"references","elementId":"06859a7c-a411-4151-b520-3299c1fc2c40"}}],"isEnd":true}}]}},{"id":"1b25c56a-a18a-4d24-9be7-9c2f45623ce2","eClass":"sysml:EndFeatureMembership","data":{"elementId":"cf91c4a5-ba37-4314-9da4-056723583860","ownedRelatedElement":[{"id":"f64fc6c6-2354-4446-bd09-4180817fddb8","eClass":"sysml:Feature","data":{"elementId":"a48c2962-1d37-4e4c-b5fd-0969d17507c0","ownedRelationship":[{"id":"a86d171d-771d-4f43-8628-48eff2089b2a","eClass":"sysml:ReferenceSubsetting","data":{"declaredName":"references","elementId":"05b29b6f-a25b-456a-9bc9-988b96b583c6","referencedFeature":"a5279ed3-688f-4626-ab91-ff4a2cc8ac46"}}],"isEnd":true}}]}}]}}]}},{"id":"f3c96792-3b47-47dd-a78c-1fceab18d353","eClass":"sysml:FeatureMembership","data":{"elementId":"fbb4982d-39c1-43b2-a5ae-bd563470540b","ownedRelatedElement":[{"id":"f07a5e77-137d-49ce-9c3f-a58a26e7674f","eClass":"sysml:FlowConnectionUsage","data":{"declaredName":"flow","elementId":"f5ea2d8d-8452-4402-b50b-1e3a9d39fd52","ownedRelationship":[{"id":"24cba30d-7e39-406a-9501-94be4defe9e4","eClass":"sysml:EndFeatureMembership","data":{"elementId":"679c41db-14bd-4fb3-bf80-4a59370dfc65","ownedRelatedElement":[{"id":"c7fafade-1635-44a6-a2de-99008fe869b3","eClass":"sysml:Feature","data":{"elementId":"7eb73c64-05c9-443d-ae49-c40d7c127ca6","ownedRelationship":[{"id":"30d74acb-9410-4c63-a4d9-b4fdd0cd241e","eClass":"sysml:ReferenceSubsetting","data":{"declaredName":"references","elementId":"d6ffffd0-33e8-4cf4-84e8-298b72512db1"}}],"isEnd":true}}]}},{"id":"a20573a4-b734-4287-aabe-f30e19c44370","eClass":"sysml:EndFeatureMembership","data":{"elementId":"822a0aa9-f2c0-4e30-8b42-6d0d3d263853","ownedRelatedElement":[{"id":"873b0be1-789b-4321-a4e9-263b6af05c6b","eClass":"sysml:Feature","data":{"elementId":"69d7985a-5a8c-4102-ab70-22ed27aa4be5","ownedRelationship":[{"id":"ba7300ea-8894-4e4c-ab72-3fb8dc89aa65","eClass":"sysml:ReferenceSubsetting","data":{"declaredName":"references","elementId":"54009ece-8a96-4286-90fd-686b4e1ada67","referencedFeature":"d14d8d9e-8103-43f6-bff0-bae310e3484f"}}],"isEnd":true}}]}}]}}]}},{"id":"b087c5ea-3ce5-429b-901a-bccbead98015","eClass":"sysml:FeatureMembership","data":{"elementId":"a17d072e-4241-4256-a7ae-670523c934eb","ownedRelatedElement":[{"id":"825378c5-4a0f-4659-af3c-853366bd7aa0","eClass":"sysml:FlowConnectionUsage","data":{"declaredName":"flow","elementId":"328b57c2-d5a9-4f7c-b556-ad487aa9646c","ownedRelationship":[{"id":"b190163b-63f4-4aa9-8da2-4c1b9268163d","eClass":"sysml:EndFeatureMembership","data":{"elementId":"88bd5979-6c8c-4343-8cf7-3cdb7aef8159","ownedRelatedElement":[{"id":"9ae850bd-7163-4cd7-a3a3-8a5dde9dea12","eClass":"sysml:Feature","data":{"elementId":"a0920e5d-edd6-45ad-a056-3ea9a6d495a5","ownedRelationship":[{"id":"ad27d73d-78d8-45e2-9a9c-8f1a1d76793f","eClass":"sysml:ReferenceSubsetting","data":{"declaredName":"references","elementId":"2444b0fb-f7c9-4112-879a-ed63fa728af3"}}],"isEnd":true}}]}},{"id":"ba5a08ea-8564-49e7-b7f6-4dfb6e5e8c44","eClass":"sysml:EndFeatureMembership","data":{"elementId":"9b40c7e8-ebbd-44c0-9761-02d89a93959b","ownedRelatedElement":[{"id":"ee5d6251-1f91-477f-8b90-b0d7bbe908b5","eClass":"sysml:Feature","data":{"elementId":"8c82b93b-b52c-4f21-93be-0703ab1e65ef","ownedRelationship":[{"id":"bc14eb73-f6e4-4eba-a8d5-044f13a2fbe5","eClass":"sysml:ReferenceSubsetting","data":{"declaredName":"references","elementId":"591e0f18-f82a-4350-8c79-f7152054f13b","referencedFeature":"5edd0694-07de-4633-92e6-eb52ed3e75a8"}}],"isEnd":true}}]}}]}}]}},{"id":"1354375b-7ac2-4a53-b7f9-4ed8d274f9e2","eClass":"sysml:FeatureMembership","data":{"elementId":"fddcee1a-017f-40b7-9245-484b54fccf69","ownedRelatedElement":[{"id":"34a22e01-4e6a-45f0-8116-ffc41a395aa2","eClass":"sysml:BindingConnectorAsUsage","data":{"declaredName":"bind","elementId":"6bfa832f-641b-47d6-810a-6f44752b8db8","ownedRelationship":[{"id":"c4c2965b-9a21-4f63-b74d-2017c4bd8d5e","eClass":"sysml:EndFeatureMembership","data":{"elementId":"52995b21-df4c-4d9a-80ec-35409658b85b","ownedRelatedElement":[{"id":"adde3ef5-6772-43e3-aa3e-35ed8431ffe3","eClass":"sysml:Feature","data":{"elementId":"d8418b24-9c49-41b4-bf17-fcd1cbf329b2","ownedRelationship":[{"id":"f09e527d-5bbc-4389-90a1-e13e9eb65f71","eClass":"sysml:ReferenceSubsetting","data":{"declaredName":"references","elementId":"953af1b1-8bdf-424c-a73f-2d4a3c6213c8","referencedFeature":"6802f934-46df-49ad-b49f-e397fdab09b5"}}],"isEnd":true}}]}},{"id":"3da7b765-cfb8-4697-ab80-7560e6434866","eClass":"sysml:EndFeatureMembership","data":{"elementId":"6b8f8b1a-f0e5-433a-bfd9-3d07c83c7a6a","ownedRelatedElement":[{"id":"a91b8dbd-2f32-4aca-8881-15c5169248c9","eClass":"sysml:Feature","data":{"elementId":"ad898b6c-de06-4ea2-884f-e846451c01e4","ownedRelationship":[{"id":"4269a577-d0b1-4189-9744-9929735842dc","eClass":"sysml:ReferenceSubsetting","data":{"declaredName":"references","elementId":"d1fcbe50-7c38-4f96-8157-1433c6d7b6f1"}}],"isEnd":true}}]}}]}}]}},{"id":"d122d0f5-ae33-4398-be75-8d83ae5e5937","eClass":"sysml:FeatureMembership","data":{"elementId":"9fd4aa10-c075-4392-8d98-11361ce5db2e","ownedRelatedElement":[{"id":"6021a0dd-f85b-46bb-9d2a-ff78f0c4a9b3","eClass":"sysml:BindingConnectorAsUsage","data":{"declaredName":"bind","elementId":"c6a2c704-d48d-46b5-9b75-5b3975ca71ef","ownedRelationship":[{"id":"267c7c70-6cbf-47f3-9c37-372291991eea","eClass":"sysml:EndFeatureMembership","data":{"elementId":"425f0e4d-5f11-4f57-9345-0ab2b27646f3","ownedRelatedElement":[{"id":"1fabf189-95a5-4e59-aba4-27cdcfa2b969","eClass":"sysml:Feature","data":{"elementId":"df1d3d90-a0d1-4d1a-8f55-aff803ed11e2","ownedRelationship":[{"id":"753b2c69-876a-4c73-950e-a09d63c573dc","eClass":"sysml:ReferenceSubsetting","data":{"declaredName":"references","elementId":"b92dcc97-f46f-4a0e-998a-5c81a03f53d7","referencedFeature":"6802f934-46df-49ad-b49f-e397fdab09b5"}}],"isEnd":true}}]}},{"id":"20c0ddb7-bb25-49b5-8b05-5dc46e281583","eClass":"sysml:EndFeatureMembership","data":{"elementId":"57f7331b-20ed-417c-a451-32f75f3407a1","ownedRelatedElement":[{"id":"54bd8ea0-6412-4036-ad09-143bd1999662","eClass":"sysml:Feature","data":{"elementId":"edf3e7de-0235-40d7-9f94-e6a1fc8e38e2","ownedRelationship":[{"id":"d160cb44-9763-4948-9f1a-548fc6eb7557","eClass":"sysml:ReferenceSubsetting","data":{"declaredName":"references","elementId":"99e708b6-e2ad-4314-a26e-96eba4a8c160"}}],"isEnd":true}}]}}]}}]}},{"id":"b1e3bb3b-4025-42b3-a1f4-18c088f68840","eClass":"sysml:FeatureMembership","data":{"elementId":"245e9d94-9ef5-40fa-b77f-966e15f4e8a9","ownedRelatedElement":[{"id":"573271bf-fc03-4210-a1a7-9b753f5542bf","eClass":"sysml:FlowConnectionUsage","data":{"declaredName":"flow","elementId":"2b0dd3c6-dc3d-4210-bdb8-696901b99650","ownedRelationship":[{"id":"dfa346c0-eeb3-4830-9d57-08d4c8939703","eClass":"sysml:EndFeatureMembership","data":{"elementId":"f7c953bb-ebd5-4ffe-853f-3bc38f78dff5","ownedRelatedElement":[{"id":"42c61ed9-9533-4f37-a27a-41a20e1d1f95","eClass":"sysml:Feature","data":{"elementId":"12a62eea-8c3c-4c26-9eb7-c9d2a9b03a3f","ownedRelationship":[{"id":"9a030bae-85de-4c16-a039-b4282bcc81d5","eClass":"sysml:ReferenceSubsetting","data":{"declaredName":"references","elementId":"5ab96238-919a-45b7-ab05-8206615bcd15","referencedFeature":"350a37c9-de70-494f-bf99-8bc090e297a5"}}],"isEnd":true}}]}},{"id":"0e90a821-c05c-4980-8719-76aeb38769de","eClass":"sysml:EndFeatureMembership","data":{"elementId":"993bde16-e02b-452a-9ae7-0186d48e043f","ownedRelatedElement":[{"id":"e3873355-4e10-4590-be99-f7f09e3a5440","eClass":"sysml:Feature","data":{"elementId":"10b164d7-b754-4d9a-8b84-a68d4cc6a7a4","ownedRelationship":[{"id":"07d89673-3b11-44b8-90df-9978801f63c0","eClass":"sysml:ReferenceSubsetting","data":{"declaredName":"references","elementId":"396f1786-b25a-4878-9e08-d6098fee08ea","referencedFeature":"db0b97f6-ef9e-4ff6-b6e7-98e5fdd793d8"}}],"isEnd":true}}]}}]}}]}},{"id":"0541597c-fef0-4bc7-aeed-355fc978671c","eClass":"sysml:FeatureMembership","data":{"elementId":"7e2b664b-9e4a-49bd-93e3-b2c425636175","ownedRelatedElement":[{"id":"63bf6582-506d-44bc-b782-110e6f59d2a5","eClass":"sysml:PortUsage","data":{"declaredName":"comfortable seats","elementId":"516fbda4-0034-4d78-9254-e9db37b48b2e","isComposite":true}}]}}]}}],"memberElement":"8a8033f6-9576-41ab-ada0-683668eecb07"}},{"id":"a06870b5-e130-4b35-968d-95b556e38e4c","eClass":"sysml:OwningMembership","data":{"elementId":"a129311a-de50-4061-a2b6-adcf978f5ff0","ownedRelatedElement":[{"id":"c0aeee2f-29b7-4211-8317-c94c204ed8fd","eClass":"sysml:PartDefinition","data":{"declaredName":"Cable","elementId":"8724cd90-9424-4a4b-becb-42ad1b260cc0","ownedRelationship":[{"id":"4d5baaea-d26c-4726-b4fe-671ff253cfca","eClass":"sysml:FeatureMembership","data":{"elementId":"f96c63d0-c5de-479f-8e94-3a9fda59efe9","ownedRelatedElement":[{"id":"2c91461d-f97e-41cf-b30a-176e05c962f0","eClass":"sysml:AttributeUsage","data":{"declaredName":"length","elementId":"1a19c3dc-84e2-41fb-8187-ba10bfe09024","ownedRelationship":[{"id":"8d5133a6-54e5-4667-9a2e-c875a23d7eec","eClass":"sysml:FeatureTyping","data":{"elementId":"54091530-a5c6-4755-be5b-8668d5dcf769","type":"sysml:Type syson-import:qualifiedName#Real","typedFeature":"1a19c3dc-84e2-41fb-8187-ba10bfe09024"}}],"isComposite":true}}],"memberElement":"1a19c3dc-84e2-41fb-8187-ba10bfe09024"}},{"id":"01f6bad4-e0fe-4b92-b021-a917d7a396a3","eClass":"sysml:FeatureMembership","data":{"elementId":"f24d4287-f3ea-4e9e-b8b1-11bea7472b14","ownedRelatedElement":[{"id":"6e7f91a5-68b5-4b14-84b7-49e60b49f0fc","eClass":"sysml:AttributeUsage","data":{"declaredName":"tensileStrength","elementId":"4e56ac36-d5e7-46f7-a090-814f50935229","ownedRelationship":[{"id":"a3de12ec-9d49-4324-bb85-5d9b36344a40","eClass":"sysml:FeatureTyping","data":{"elementId":"470153df-3c5a-455f-92a8-0fc5f68f833b","type":"sysml:Type syson-import:qualifiedName#Real","typedFeature":"4e56ac36-d5e7-46f7-a090-814f50935229"}}],"isComposite":true}}],"memberElement":"4e56ac36-d5e7-46f7-a090-814f50935229"}},{"id":"dc5a1235-1a55-4fe6-91dc-fff22cf036ed","eClass":"sysml:OwningMembership","data":{"elementId":"2c7511fa-2701-496a-a399-6f27c89d65fa","ownedRelatedElement":[{"id":"341b9e32-94f1-4f9b-b657-29499ec36c8e","eClass":"sysml:Documentation","data":{"elementId":"a248fc52-dd12-4265-9cd4-5ae896986d40","body":"* This is documentation of the owning part DoppelmayrCable.\n                * The DoppelmayrCable is a high-strength cable system designed for chairlift applications.\n                * It is suitable for rugged environments and includes safety features essential for passenger transport."}}],"memberElement":"a248fc52-dd12-4265-9cd4-5ae896986d40"}}]}}],"memberElement":"8724cd90-9424-4a4b-becb-42ad1b260cc0"}},{"id":"a23a1e36-a97a-4ab1-a580-cf644f617010","eClass":"sysml:OwningMembership","data":{"elementId":"52fefd58-5723-4d53-be4b-f49caee6b8ea","ownedRelatedElement":[{"id":"cf4294e5-da42-4e81-9043-111d3d5488df","eClass":"sysml:PartDefinition","data":{"declaredName":"Station","elementId":"c90b1989-5eff-4436-925e-cb3abd50cb0b","ownedRelationship":[{"id":"86880e9b-f20f-4a31-b508-7ab1049c0bb3","eClass":"sysml:FeatureMembership","data":{"elementId":"5e770836-8aab-4f99-8d83-571fee776d74","ownedRelatedElement":[{"id":"7639462e-85fa-4221-b457-f31b6e20e06b","eClass":"sysml:PortUsage","data":{"declaredName":"loadPort","elementId":"f6c4fde3-2add-4b0f-bcbc-c67db4c5e2ae","ownedRelationship":[{"id":"3f93ef09-e328-4d1c-93ee-7222f784e72b","eClass":"sysml:ConjugatedPortTyping","data":{"elementId":"380b1c87-6ebe-4bae-89d2-5c76ef93f569","typedFeature":"f6c4fde3-2add-4b0f-bcbc-c67db4c5e2ae"}}],"isComposite":true}}],"memberElement":"f6c4fde3-2add-4b0f-bcbc-c67db4c5e2ae"}},{"id":"77312a3f-4c09-4c5a-a2c1-8c09c3030954","eClass":"sysml:FeatureMembership","data":{"elementId":"d0d5682a-2ed4-410f-85c5-d65d31adb721","ownedRelatedElement":[{"id":"60e7b1a1-d4c1-4a6c-9f11-9d186a2e1751","eClass":"sysml:PortUsage","data":{"declaredName":"unloadPort","elementId":"22ab0823-03b7-4bb3-888a-171cd1da61a0","ownedRelationship":[{"id":"4a1c2fca-d5f7-4bc2-89f9-c1b0940ed4cc","eClass":"sysml:ConjugatedPortTyping","data":{"elementId":"8cee0696-02d9-4b3d-a36b-a3f8b6a58feb","typedFeature":"22ab0823-03b7-4bb3-888a-171cd1da61a0"}}],"isComposite":true}}],"memberElement":"22ab0823-03b7-4bb3-888a-171cd1da61a0"}},{"id":"dad47889-ccbc-46d2-8ace-47acd1d3a494","eClass":"sysml:OwningMembership","data":{"elementId":"bcd8ec64-9163-4625-9e3a-9c3f4b813a2b","ownedRelatedElement":[{"id":"054572ba-55b2-49e6-a06d-5b83330c171d","eClass":"sysml:Documentation","data":{"elementId":"6f38b146-0790-40f1-8e5b-359d5e3f8479","body":"* This is documentation of the owning part Station.\n                * The Station part models the passenger loading and unloading areas of the chairlift.\n                * It includes ports for interfacing with the chairlift?s passenger flow at both base \n                * and top stations, enabling safe and organized passenger transitions."}}],"memberElement":"6f38b146-0790-40f1-8e5b-359d5e3f8479"}}]}}],"memberElement":"c90b1989-5eff-4436-925e-cb3abd50cb0b"}},{"id":"93437462-2399-4a0b-8ca3-f12d48d33432","eClass":"sysml:OwningMembership","data":{"elementId":"87870d4b-ad8d-4135-83b5-24c8c2f9d4ff","ownedRelatedElement":[{"id":"5fc158e4-96be-4bc2-a1b7-1b6a4dee0c06","eClass":"sysml:PartDefinition","data":{"declaredName":"SolarPanel","elementId":"1f64a15e-6e0c-4788-8d45-8907cf5d9dec","ownedRelationship":[{"id":"2e4f1bb5-d303-4af1-aeb1-c7e3d810838f","eClass":"sysml:FeatureMembership","data":{"elementId":"36de6e9a-b9a4-4d28-abc5-1e18dcc09af8","ownedRelatedElement":[{"id":"24bd5a8b-f494-4108-9f69-7c37b733de9a","eClass":"sysml:AttributeUsage","data":{"declaredName":"powerOutput","elementId":"e218f758-8ac2-4994-a6cf-a15a7e9d9858","ownedRelationship":[{"id":"7d8ec3a9-bae1-4467-9c00-7f3f5460ddc3","eClass":"sysml:FeatureTyping","data":{"elementId":"327ee390-a132-4946-b61f-98d67ffd9b71","type":"sysml:Type syson-import:qualifiedName#PowerValue","typedFeature":"e218f758-8ac2-4994-a6cf-a15a7e9d9858"}}],"isComposite":true}}],"memberElement":"e218f758-8ac2-4994-a6cf-a15a7e9d9858"}},{"id":"86624053-f6b9-40d3-86a7-472c4890d66e","eClass":"sysml:FeatureMembership","data":{"elementId":"07e11dd9-75ec-4da3-bcbc-3b66d8f963e8","ownedRelatedElement":[{"id":"85537cd3-2a0a-4099-aff6-aab782f8a078","eClass":"sysml:PortUsage","data":{"declaredName":"powerOut","elementId":"a0ab2049-ece1-4b28-b0bb-9cd3700a55f1","ownedRelationship":[{"id":"239a0fdf-b248-44ca-9f4b-0bdf6d504293","eClass":"sysml:FeatureTyping","data":{"elementId":"77bbaf10-7d6e-45e6-9054-2c9a9b2559b1","type":"4ca66ae9-f3b2-474b-a275-96bf05ce8df4","typedFeature":"a0ab2049-ece1-4b28-b0bb-9cd3700a55f1"}}],"isComposite":true}}],"memberElement":"a0ab2049-ece1-4b28-b0bb-9cd3700a55f1"}},{"id":"7d4b20b4-f0dd-4832-8f07-b987db6d2e45","eClass":"sysml:OwningMembership","data":{"elementId":"5c0ed263-6332-4505-bb1b-2f91ce26f23a","ownedRelatedElement":[{"id":"7a69edca-7907-40c3-8590-df981b6ae6da","eClass":"sysml:Documentation","data":{"elementId":"eaa0cda8-14f8-4bde-8d06-d08f80590976","body":"* This is documentation of the owning part SolarPanel.\n                * The SolarPanel part represents the photovoltaic component that generates energy \n                * to power the chairlifts systems, particularly for charging the battery and powering\n                * the seat heating when required."}}],"memberElement":"eaa0cda8-14f8-4bde-8d06-d08f80590976"}}]}}],"memberElement":"1f64a15e-6e0c-4788-8d45-8907cf5d9dec"}},{"id":"8ee89b7e-113e-482f-bc20-31d1fb44b60b","eClass":"sysml:OwningMembership","data":{"elementId":"27f42e69-3b42-4e1f-843b-a7748df1527a","ownedRelatedElement":[{"id":"fd70cd58-6407-41c8-bb19-eeae97d34ca2","eClass":"sysml:PartDefinition","data":{"declaredName":"Battery","elementId":"0b589fcd-96d5-4a94-a9d4-bbeac2127f98","ownedRelationship":[{"id":"99cc7b4d-7719-4762-8121-9c2f878ff566","eClass":"sysml:FeatureMembership","data":{"elementId":"3c741e66-7fae-4cc6-ab5a-f7fd496209d7","ownedRelatedElement":[{"id":"0832a384-3dc4-4981-9796-bc91dcc2d912","eClass":"sysml:AttributeUsage","data":{"declaredName":"capacity","elementId":"ead16da5-0bd6-41df-873c-538d96eace7c","ownedRelationship":[{"id":"6491384b-d955-473f-80eb-e38f8f31c58d","eClass":"sysml:FeatureTyping","data":{"elementId":"77a6c5bd-3828-4238-8cf1-fbfebb888076","type":"sysml:Type syson-import:qualifiedName#EnergyValue","typedFeature":"ead16da5-0bd6-41df-873c-538d96eace7c"}}],"isComposite":true}}],"memberElement":"ead16da5-0bd6-41df-873c-538d96eace7c"}},{"id":"beb701e0-1205-4645-9848-0631c471dddc","eClass":"sysml:FeatureMembership","data":{"elementId":"575ff147-0904-4333-81d7-cf89873f55ac","ownedRelatedElement":[{"id":"6dfac9c8-6ccf-4e41-a7a1-4d9763bff992","eClass":"sysml:AttributeUsage","data":{"declaredName":"chargeLevel","elementId":"d16718c5-1f3c-45c4-8795-7cbc0d414d98","ownedRelationship":[{"id":"4ff2268c-f14d-470b-9757-76c79bde6367","eClass":"sysml:FeatureTyping","data":{"elementId":"296c62f5-73d8-4dfa-bf66-3ab7d875e166","type":"sysml:Type syson-import:qualifiedName#EnergyValue","typedFeature":"d16718c5-1f3c-45c4-8795-7cbc0d414d98"}}],"isComposite":true}}],"memberElement":"d16718c5-1f3c-45c4-8795-7cbc0d414d98"}},{"id":"ecf1ec7a-eba4-4fa9-8288-81286fa3ab3d","eClass":"sysml:FeatureMembership","data":{"elementId":"28dd7ef5-cd80-4a8f-a3f4-9c524a64de63","ownedRelatedElement":[{"id":"1f9ce461-74c7-4d98-b00c-bb6a31fac862","eClass":"sysml:PortUsage","data":{"declaredName":"enough capacity","elementId":"9e5843b9-95ec-45fd-9b58-a4bd5a7ea4d9","ownedRelationship":[{"id":"3e739727-0b3e-48d8-a0ab-c99437c20374","eClass":"sysml:ConjugatedPortTyping","data":{"elementId":"a6aea3fb-0592-4f7f-a3b9-abd0a2bdd129","typedFeature":"9e5843b9-95ec-45fd-9b58-a4bd5a7ea4d9"}}],"isComposite":true}}],"memberElement":"9e5843b9-95ec-45fd-9b58-a4bd5a7ea4d9"}},{"id":"582bda8e-15b2-49fc-8626-4876f997b4de","eClass":"sysml:OwningMembership","data":{"elementId":"6374085a-061a-4f61-a7c9-a1dfd1721ed7","ownedRelatedElement":[{"id":"f968e94e-b79a-4899-8989-587cff204bbe","eClass":"sysml:Documentation","data":{"elementId":"7ffdae7f-80ef-4478-bdaa-75b473dffac5","body":"* This is documentation of the owning part Battery.\n                * The Battery part stores energy generated by the solar panel and provides a power \n                * source for heating chairlift seats in cold weather. It connects to the displays for \n                * showing power levels and operational statuses."}}],"memberElement":"7ffdae7f-80ef-4478-bdaa-75b473dffac5"}}]}}],"memberElement":"0b589fcd-96d5-4a94-a9d4-bbeac2127f98"}},{"id":"fc0fb729-2258-4f75-8021-2519b44c525a","eClass":"sysml:OwningMembership","data":{"elementId":"bc205229-96b3-4073-ad09-1122d24c432b","ownedRelatedElement":[{"id":"a2ac6b8d-a137-42d8-8fb8-0a6d21daaf41","eClass":"sysml:PortDefinition","data":{"declaredName":"PassengerFlow","elementId":"ec7b7ce2-b295-42f7-ba2d-56e9517aba40","ownedRelationship":[{"id":"f1799cf8-9032-4d3b-8ceb-f7bf89b117f3","eClass":"sysml:FeatureMembership","data":{"elementId":"7df28d38-9e62-442d-bda0-1e5246b5edf1","ownedRelatedElement":[{"id":"ddf1d27b-5d62-49c9-88b7-d470aa075148","eClass":"sysml:ReferenceUsage","data":{"declaredName":"passenger","elementId":"00f3fd1d-529b-45b2-abc6-18da5f45c1e4","ownedRelationship":[{"id":"7d81d34f-724d-4f37-9263-77288230a767","eClass":"sysml:FeatureTyping","data":{"elementId":"6a2e66bb-8f90-4c8f-8a71-cf15d1fcf90b","type":"sysml:Type syson-import:qualifiedName#Passenger","typedFeature":"00f3fd1d-529b-45b2-abc6-18da5f45c1e4"}}],"isComposite":true}}],"memberElement":"00f3fd1d-529b-45b2-abc6-18da5f45c1e4"}},{"id":"f7174bc8-1306-40b8-b68e-f71de4a09063","eClass":"sysml:OwningMembership","data":{"elementId":"f1057044-1fc3-4670-ae6a-85a71b85621a","ownedRelatedElement":[{"id":"87b90c07-8dc8-4b37-aa5a-4914393c08cf","eClass":"sysml:Documentation","data":{"elementId":"a21557aa-d88a-4ac7-ade8-a32ca06a9f3e","body":"* This is documentation of the owning port PassengerFlow.\n                * PassengerFlow represents the flow of passengers between stations and chairs, \n                * connecting loading/unloading processes to the chairs seating area."}}],"memberElement":"a21557aa-d88a-4ac7-ade8-a32ca06a9f3e"}}]}}],"memberElement":"ec7b7ce2-b295-42f7-ba2d-56e9517aba40"}},{"id":"3df02efd-6d4c-460c-ba2b-732e1fba5e28","eClass":"sysml:OwningMembership","data":{"elementId":"82efd798-e76c-45c3-aca9-488c3190e56f","ownedRelatedElement":[{"id":"c9603842-40fc-44ab-a2b5-6133e10de48a","eClass":"sysml:PortDefinition","data":{"declaredName":"PowerFlow","elementId":"4ca66ae9-f3b2-474b-a275-96bf05ce8df4","ownedRelationship":[{"id":"4c1b2fdc-126d-46b7-b80b-5fd95b1058ae","eClass":"sysml:FeatureMembership","data":{"elementId":"46586c5a-3fd4-4113-8172-5a6630aed9fc","ownedRelatedElement":[{"id":"bc21ef19-8331-4202-bf69-9fae894a6d72","eClass":"sysml:ReferenceUsage","data":{"declaredName":"power","elementId":"07b2f774-46f1-481e-aa8d-5de814c002b2","ownedRelationship":[{"id":"1dca2d0b-4a7d-433c-a28e-86d922aacf5b","eClass":"sysml:FeatureTyping","data":{"elementId":"b7d080d1-db40-4f11-8a49-2649b67840fe","type":"sysml:Type syson-import:qualifiedName#PowerValue","typedFeature":"07b2f774-46f1-481e-aa8d-5de814c002b2"}}],"isComposite":true}}],"memberElement":"07b2f774-46f1-481e-aa8d-5de814c002b2"}},{"id":"1ee82c4f-b28e-44de-b3a1-9d7e061c35f8","eClass":"sysml:OwningMembership","data":{"elementId":"083d440e-8fcb-4639-a4b7-93195a60088d","ownedRelatedElement":[{"id":"8f27f8dc-9dbd-4368-a98f-d094b53e737f","eClass":"sysml:Documentation","data":{"elementId":"feab3bfd-2730-4420-8b08-b7eb80b060f5","body":"* This is documentation of the owning port PowerFlow.\n                * PowerFlow represents the flow of electrical power between components like the \n                * battery, solar panel, and displays, essential for system operation and seat heating."}}],"memberElement":"feab3bfd-2730-4420-8b08-b7eb80b060f5"}}]}}],"memberElement":"4ca66ae9-f3b2-474b-a275-96bf05ce8df4"}},{"id":"612c1c00-3a93-4a3b-ba88-35eaeec0b5b0","eClass":"sysml:OwningMembership","data":{"elementId":"7401518f-9959-4256-b794-d79c37b36073","ownedRelatedElement":[{"id":"388e3e3d-a273-4379-90c8-2aa1de5e3742","eClass":"sysml:Package","data":{"declaredName":"ChairliftBehavior","elementId":"49d40aa1-7009-417d-a654-f9a8d4a2da30","ownedRelationship":[{"id":"74f8884b-df04-4c66-8051-efaba6f9d9d6","eClass":"sysml:OwningMembership","data":{"elementId":"06d6b8f9-687b-42d6-9ef6-6837b2a67969","ownedRelatedElement":[{"id":"20689039-858d-4347-86b1-3e69608b6ac0","eClass":"sysml:StateDefinition","data":{"declaredName":"ChairliftStateMachine","elementId":"4683f957-4cda-4eb4-a590-ffa62009a779","ownedRelationship":[{"id":"d6a7c1c9-598e-432e-ace3-b0858ef69ce7","eClass":"sysml:FeatureMembership","data":{"elementId":"5e5a2cee-2a99-4fe6-ac58-6c3223aa6d5c","ownedRelatedElement":[{"id":"831acd24-480f-4bc0-b963-c0214ee423fe","eClass":"sysml:StateUsage","data":{"declaredName":"loading","elementId":"6c25e874-a0f9-4302-9a32-874a850cf67f","isComposite":true}}],"memberElement":"6c25e874-a0f9-4302-9a32-874a850cf67f"}},{"id":"60b64703-9de4-4c48-bbcc-95f35ad991bb","eClass":"sysml:FeatureMembership","data":{"elementId":"21a57344-2c1f-4f71-b1f7-df94fa716628","ownedRelatedElement":[{"id":"4a00b18d-01c0-4ba6-a63d-ab914ec9d88c","eClass":"sysml:StateUsage","data":{"declaredName":"inTransit","elementId":"00885b72-1764-4210-b093-9f900b6f3e7e","isComposite":true}}],"memberElement":"00885b72-1764-4210-b093-9f900b6f3e7e"}},{"id":"7ddd6ae6-02b5-4f35-94ea-ddef90af3739","eClass":"sysml:FeatureMembership","data":{"elementId":"95a7102e-44ab-46df-a0dd-eb14907ba6f7","ownedRelatedElement":[{"id":"900d2e3d-c073-4418-879a-d4f13dbc4a3b","eClass":"sysml:StateUsage","data":{"declaredName":"unloading","elementId":"132d6573-a5e6-4bed-92aa-678661668d25","isComposite":true}}],"memberElement":"132d6573-a5e6-4bed-92aa-678661668d25"}}]}}],"memberElement":"4683f957-4cda-4eb4-a590-ffa62009a779"}}]}}],"memberElement":"49d40aa1-7009-417d-a654-f9a8d4a2da30"}}]}}]}}]}}]}}]}}]}