{"id":"ba214791-ca7d-430c-bb23-0e08370565a3","projectId":"abbcd295-d243-4fa7-ae6e-c62f8a8c6197","descriptionId":"siriusComponents://representationDescription?kind=diagramDescription&sourceKind=view&sourceId=8dcd14b0-6259-3193-ad2c-743f394c68e4&sourceElementId=db495705-e917-319b-af55-a32ad63f4089","targetObjectId":"1feb2361-8019-4c22-bdea-7450fdf4639a","label":"GV 2 POC","kind":"siriusComponents://representation?type=Diagram","representation":{"id":"ba214791-ca7d-430c-bb23-0e08370565a3","kind":"siriusComponents://representation?type=Diagram","targetObjectId":"1feb2361-8019-4c22-bdea-7450fdf4639a","descriptionId":"siriusComponents://representationDescription?kind=diagramDescription&sourceKind=view&sourceId=8dcd14b0-6259-3193-ad2c-743f394c68e4&sourceElementId=db495705-e917-319b-af55-a32ad63f4089","label":"GV 2 POC","nodes":[{"id":"1db555e9-3e7b-3c2c-bafa-3db21cf9dd9c","type":"node:image","targetObjectId":"1feb2361-8019-4c22-bdea-7450fdf4639a","targetObjectKind":"siriusComponents://semantic?domain=sysml&entity=Package","targetObjectLabel":"ChairLiftSystem","descriptionId":"siriusComponents://nodeDescription?sourceKind=view&sourceId=8dcd14b0-6259-3193-ad2c-743f394c68e4&sourceElementId=024ab54f-ab81-3d02-8abd-f65af641e6c6","borderNode":false,"modifiers":[],"state":"Normal","collapsingState":"EXPANDED","insideLabel":{"id":"515f3119-be7a-370e-b655-9cf3f4babccf","text":"","insideLabelLocation":"TOP_CENTER","style":{"color":"#000000","fontSize":14,"bold":false,"italic":false,"underline":false,"strikeThrough":false,"iconURL":[],"background":"transparent","borderColor":"black","borderSize":0,"borderRadius":3,"borderStyle":"Solid","maxWidth":null},"isHeader":false,"headerSeparatorDisplayMode":"NEVER","overflowStrategy":"NONE","textAlign":"LEFT"},"outsideLabels":[],"style":{"imageURL":"images/add_your_first_element.svg","scalingFactor":1,"borderColor":"transparent","borderSize":1,"borderRadius":0,"borderStyle":"Solid","positionDependentRotation":false},"childrenLayoutStrategy":null,"borderNodes":[],"childNodes":[],"defaultWidth":1061,"defaultHeight":476,"labelEditable":false,"pinned":false}],"edges":[],"layoutData":{"nodeLayoutData":{},"edgeLayoutData":{},"labelLayoutData":{}}}}