{"id":"cb5e132b-3050-44e4-84a9-4f709458e9a8","projectId":"abbcd295-d243-4fa7-ae6e-c62f8a8c6197","descriptionId":"siriusComponents://representationDescription?kind=diagramDescription&sourceKind=view&sourceId=74c5d045-51d7-359f-9634-611d0f1bef3d&sourceElementId=e1bd3b6d-357b-3068-b2e9-e0c1e19d6856","targetObjectId":"159f70ab-b58a-465a-96a4-109e6c5ac6b5","label":"IV 2 POC","kind":"siriusComponents://representation?type=Diagram","representation":{"id":"cb5e132b-3050-44e4-84a9-4f709458e9a8","kind":"siriusComponents://representation?type=Diagram","targetObjectId":"159f70ab-b58a-465a-96a4-109e6c5ac6b5","descriptionId":"siriusComponents://representationDescription?kind=diagramDescription&sourceKind=view&sourceId=74c5d045-51d7-359f-9634-611d0f1bef3d&sourceElementId=e1bd3b6d-357b-3068-b2e9-e0c1e19d6856","label":"IV 2 POC","nodes":[{"id":"cec2b2aa-4fe9-33ad-aceb-7792896a401d","type":"node:rectangle","targetObjectId":"159f70ab-b58a-465a-96a4-109e6c5ac6b5","targetObjectKind":"siriusComponents://semantic?domain=sysml&entity=PartDefinition","targetObjectLabel":"Chair","descriptionId":"siriusComponents://nodeDescription?sourceKind=view&sourceId=74c5d045-51d7-359f-9634-611d0f1bef3d&sourceElementId=4055a909-560d-3db5-a777-ea29c14cc2c2","borderNode":false,"modifiers":[],"state":"Normal","collapsingState":"EXPANDED","insideLabel":{"id":"99d47cf1-d678-3769-b57b-b0d116796dde","text":"«part def»\nChair","insideLabelLocation":"TOP_CENTER","style":{"color":"#000000","fontSize":14,"bold":false,"italic":false,"underline":false,"strikeThrough":false,"iconURL":["/icons/full/obj16/PartDefinition.svg"],"background":"transparent","borderColor":"black","borderSize":0,"borderRadius":3,"borderStyle":"Solid","maxWidth":null},"isHeader":true,"headerSeparatorDisplayMode":"NEVER","overflowStrategy":"NONE","textAlign":"CENTER"},"outsideLabels":[],"style":{"background":"#ffffff","borderColor":"#000000","borderSize":1,"borderRadius":0,"borderStyle":"Solid"},"childrenLayoutStrategy":{"kind":"FreeForm"},"borderNodes":[],"childNodes":[],"defaultWidth":700,"defaultHeight":400,"labelEditable":true,"pinned":false}],"edges":[],"layoutData":{"nodeLayoutData":{},"edgeLayoutData":{},"labelLayoutData":{}}}}