{"id":"10af1082-f90f-4b5a-a5dc-d61cdf44ea6f","projectId":"6d1c97fb-a2c7-4dee-9b68-42a2f344cfeb","descriptionId":"siriusComponents://representationDescription?kind=diagramDescription&sourceKind=view&sourceId=74c5d045-51d7-359f-9634-611d0f1bef3d&sourceElementId=e1bd3b6d-357b-3068-b2e9-e0c1e19d6856","targetObjectId":"b8e861f6-f725-4f6c-bba8-e2349d1368b4","label":"Interconnection View","kind":"siriusComponents://representation?type=Diagram","representation":{"id":"10af1082-f90f-4b5a-a5dc-d61cdf44ea6f","kind":"siriusComponents://representation?type=Diagram","targetObjectId":"b8e861f6-f725-4f6c-bba8-e2349d1368b4","descriptionId":"siriusComponents://representationDescription?kind=diagramDescription&sourceKind=view&sourceId=74c5d045-51d7-359f-9634-611d0f1bef3d&sourceElementId=e1bd3b6d-357b-3068-b2e9-e0c1e19d6856","label":"ReptileCage_Interconnection View","nodes":[{"id":"8026ff36-fec0-3533-b986-9ed177818f0d","type":"node:rectangle","targetObjectId":"b8e861f6-f725-4f6c-bba8-e2349d1368b4","targetObjectKind":"siriusComponents://semantic?domain=sysml&entity=PartDefinition","targetObjectLabel":"ReptileCage","descriptionId":"siriusComponents://nodeDescription?sourceKind=view&sourceId=74c5d045-51d7-359f-9634-611d0f1bef3d&sourceElementId=4055a909-560d-3db5-a777-ea29c14cc2c2","borderNode":false,"modifiers":[],"state":"Normal","collapsingState":"EXPANDED","insideLabel":{"id":"403095dd-01cc-307f-a9f8-78b112272e33","text":"«part def»\nReptileCage","insideLabelLocation":"TOP_CENTER","style":{"color":"#000000","fontSize":14,"bold":false,"italic":false,"underline":false,"strikeThrough":false,"iconURL":["/icons/full/obj16/PartDefinition.svg"],"background":"transparent","borderColor":"black","borderSize":0,"borderRadius":3,"borderStyle":"Solid","maxWidth":null},"isHeader":true,"headerSeparatorDisplayMode":"NEVER","overflowStrategy":"NONE","textAlign":"CENTER"},"outsideLabels":[],"style":{"background":"#ffffff","borderColor":"#000000","borderSize":1,"borderRadius":0,"borderStyle":"Solid"},"childrenLayoutStrategy":{"kind":"FreeForm"},"borderNodes":[{"id":"90d6af58-d387-3ddf-a1a5-db014128cd0f","type":"node:image","targetObjectId":"38c373f4-7057-4906-b437-da563a8bb3ea","targetObjectKind":"siriusComponents://semantic?domain=sysml&entity=PortUsage","targetObjectLabel":"port","descriptionId":"siriusComponents://nodeDescription?sourceKind=view&sourceId=74c5d045-51d7-359f-9634-611d0f1bef3d&sourceElementId=9e813b81-da01-3300-8d02-c881f85ccadc","borderNode":true,"modifiers":[],"state":"Normal","collapsingState":"EXPANDED","insideLabel":null,"outsideLabels":[{"id":"cb5165ea-88c9-33f1-89ac-5a3051a2c9fc","text":"port : ConditionedAir_out","outsideLabelLocation":"BOTTOM_MIDDLE","style":{"color":"#000000","fontSize":12,"bold":false,"italic":false,"underline":false,"strikeThrough":false,"iconURL":[],"background":"transparent","borderColor":"black","borderSize":0,"borderRadius":3,"borderStyle":"Solid","maxWidth":null},"overflowStrategy":"NONE","textAlign":"LEFT"}],"style":{"imageURL":"/images/Feature_Out.svg","scalingFactor":1,"borderColor":"#000000","borderSize":1,"borderRadius":0,"borderStyle":"Solid","positionDependentRotation":true},"childrenLayoutStrategy":null,"borderNodes":[],"childNodes":[],"defaultWidth":10,"defaultHeight":10,"labelEditable":true,"pinned":false},{"id":"330d7ac6-00e9-3780-aac6-f564b4dfba53","type":"node:image","targetObjectId":"859633f5-cd53-4eab-a2bb-1c7b93bee012","targetObjectKind":"siriusComponents://semantic?domain=sysml&entity=PortUsage","targetObjectLabel":"port","descriptionId":"siriusComponents://nodeDescription?sourceKind=view&sourceId=74c5d045-51d7-359f-9634-611d0f1bef3d&sourceElementId=9e813b81-da01-3300-8d02-c881f85ccadc","borderNode":true,"modifiers":[],"state":"Normal","collapsingState":"EXPANDED","insideLabel":null,"outsideLabels":[{"id":"7b142ebb-e2b3-3a85-815a-a905363f6a1e","text":"port : Air_in","outsideLabelLocation":"BOTTOM_MIDDLE","style":{"color":"#000000","fontSize":12,"bold":false,"italic":false,"underline":false,"strikeThrough":false,"iconURL":[],"background":"transparent","borderColor":"black","borderSize":0,"borderRadius":3,"borderStyle":"Solid","maxWidth":null},"overflowStrategy":"NONE","textAlign":"LEFT"}],"style":{"imageURL":"/images/Feature_In.svg","scalingFactor":1,"borderColor":"#000000","borderSize":1,"borderRadius":0,"borderStyle":"Solid","positionDependentRotation":true},"childrenLayoutStrategy":null,"borderNodes":[],"childNodes":[],"defaultWidth":10,"defaultHeight":10,"labelEditable":true,"pinned":false},{"id":"f7c23834-f519-3b50-930d-06fc0da018e9","type":"node:image","targetObjectId":"54fae2ed-2435-4712-a71b-99247eceba9a","targetObjectKind":"siriusComponents://semantic?domain=sysml&entity=PortUsage","targetObjectLabel":"port","descriptionId":"siriusComponents://nodeDescription?sourceKind=view&sourceId=74c5d045-51d7-359f-9634-611d0f1bef3d&sourceElementId=9e813b81-da01-3300-8d02-c881f85ccadc","borderNode":true,"modifiers":[],"state":"Normal","collapsingState":"EXPANDED","insideLabel":null,"outsideLabels":[{"id":"37975f89-0bee-30d7-9d74-01c2a72a7440","text":"port : Electric Power_in","outsideLabelLocation":"BOTTOM_MIDDLE","style":{"color":"#000000","fontSize":12,"bold":false,"italic":false,"underline":false,"strikeThrough":false,"iconURL":[],"background":"transparent","borderColor":"black","borderSize":0,"borderRadius":3,"borderStyle":"Solid","maxWidth":null},"overflowStrategy":"NONE","textAlign":"LEFT"}],"style":{"imageURL":"/images/Feature_In.svg","scalingFactor":1,"borderColor":"#000000","borderSize":1,"borderRadius":0,"borderStyle":"Solid","positionDependentRotation":true},"childrenLayoutStrategy":null,"borderNodes":[],"childNodes":[],"defaultWidth":10,"defaultHeight":10,"labelEditable":true,"pinned":false}],"childNodes":[{"id":"1102e73e-7983-33df-9e8e-3181e7e88c55","type":"node:rectangle","targetObjectId":"14c8d439-90bd-4956-b279-4117d63c8ea7","targetObjectKind":"siriusComponents://semantic?domain=sysml&entity=PartUsage","targetObjectLabel":"cageBody","descriptionId":"siriusComponents://nodeDescription?sourceKind=view&sourceId=74c5d045-51d7-359f-9634-611d0f1bef3d&sourceElementId=700133eb-7806-3dce-98d2-9ec37d212aaa","borderNode":false,"modifiers":[],"state":"Normal","collapsingState":"EXPANDED","insideLabel":{"id":"5e073274-0e71-37a4-9e2e-286b85d7b514","text":"«part»\ncageBody : CageStructure","insideLabelLocation":"TOP_CENTER","style":{"color":"#000000","fontSize":14,"bold":false,"italic":false,"underline":false,"strikeThrough":false,"iconURL":["/icons/full/obj16/PartUsage.svg"],"background":"transparent","borderColor":"black","borderSize":0,"borderRadius":3,"borderStyle":"Solid","maxWidth":null},"isHeader":true,"headerSeparatorDisplayMode":"IF_CHILDREN","overflowStrategy":"NONE","textAlign":"CENTER"},"outsideLabels":[],"style":{"background":"#ffffff","borderColor":"#000000","borderSize":1,"borderRadius":10,"borderStyle":"Solid"},"childrenLayoutStrategy":{"areChildNodesDraggable":false,"topGap":0,"bottomGap":0,"growableNodeIds":["siriusComponents://nodeDescription?sourceKind=view&sourceId=74c5d045-51d7-359f-9634-611d0f1bef3d&sourceElementId=a77b4c6c-526d-3fe4-822b-de505f743123"],"kind":"List"},"borderNodes":[{"id":"0f93781d-7e84-390b-8502-9542e581103e","type":"node:image","targetObjectId":"5bc318fc-1291-4df3-b045-822d4e6fc355","targetObjectKind":"siriusComponents://semantic?domain=sysml&entity=PortUsage","targetObjectLabel":"Interfacial Force_inout","descriptionId":"siriusComponents://nodeDescription?sourceKind=view&sourceId=74c5d045-51d7-359f-9634-611d0f1bef3d&sourceElementId=de70405c-a973-3bca-88a6-c6829548952d","borderNode":true,"modifiers":[],"state":"Normal","collapsingState":"EXPANDED","insideLabel":null,"outsideLabels":[{"id":"d1d0f863-8877-3c56-8445-71da39c92a57","text":"Interfacial Force_inout","outsideLabelLocation":"BOTTOM_MIDDLE","style":{"color":"#000000","fontSize":12,"bold":false,"italic":false,"underline":false,"strikeThrough":false,"iconURL":[],"background":"transparent","borderColor":"black","borderSize":0,"borderRadius":3,"borderStyle":"Solid","maxWidth":null},"overflowStrategy":"NONE","textAlign":"LEFT"}],"style":{"imageURL":"/images/Feature_Inout.svg","scalingFactor":1,"borderColor":"#000000","borderSize":1,"borderRadius":0,"borderStyle":"Solid","positionDependentRotation":true},"childrenLayoutStrategy":null,"borderNodes":[],"childNodes":[],"defaultWidth":10,"defaultHeight":10,"labelEditable":true,"pinned":false},{"id":"a201807a-6dc7-36a1-9a8e-31d9183d9c42","type":"node:image","targetObjectId":"59064bc6-f286-4418-ba6a-4f67203ed223","targetObjectKind":"siriusComponents://semantic?domain=sysml&entity=PortUsage","targetObjectLabel":"Interfacial Force_inout","descriptionId":"siriusComponents://nodeDescription?sourceKind=view&sourceId=74c5d045-51d7-359f-9634-611d0f1bef3d&sourceElementId=de70405c-a973-3bca-88a6-c6829548952d","borderNode":true,"modifiers":[],"state":"Normal","collapsingState":"EXPANDED","insideLabel":null,"outsideLabels":[{"id":"b65adbfa-7174-3601-a181-2dda9598fe93","text":"Interfacial Force_inout","outsideLabelLocation":"BOTTOM_MIDDLE","style":{"color":"#000000","fontSize":12,"bold":false,"italic":false,"underline":false,"strikeThrough":false,"iconURL":[],"background":"transparent","borderColor":"black","borderSize":0,"borderRadius":3,"borderStyle":"Solid","maxWidth":null},"overflowStrategy":"NONE","textAlign":"LEFT"}],"style":{"imageURL":"/images/Feature_Inout.svg","scalingFactor":1,"borderColor":"#000000","borderSize":1,"borderRadius":0,"borderStyle":"Solid","positionDependentRotation":true},"childrenLayoutStrategy":null,"borderNodes":[],"childNodes":[],"defaultWidth":10,"defaultHeight":10,"labelEditable":true,"pinned":false}],"childNodes":[{"id":"659e9d0b-7fe9-3efe-a02a-05bf0987eaeb","type":"node:rectangle","targetObjectId":"14c8d439-90bd-4956-b279-4117d63c8ea7","targetObjectKind":"siriusComponents://semantic?domain=sysml&entity=PartUsage","targetObjectLabel":"cageBody","descriptionId":"siriusComponents://nodeDescription?sourceKind=view&sourceId=74c5d045-51d7-359f-9634-611d0f1bef3d&sourceElementId=9f871f18-dbda-3798-8e28-094acfae6a2d","borderNode":false,"modifiers":["Hidden"],"state":"Hidden","collapsingState":"EXPANDED","insideLabel":{"id":"caecfacc-cd6b-38f2-a861-503ba2ed3e0a","text":"doc","insideLabelLocation":"TOP_CENTER","style":{"color":"#000000","fontSize":12,"bold":false,"italic":true,"underline":false,"strikeThrough":false,"iconURL":[],"background":"transparent","borderColor":"black","borderSize":0,"borderRadius":3,"borderStyle":"Solid","maxWidth":null},"isHeader":true,"headerSeparatorDisplayMode":"NEVER","overflowStrategy":"NONE","textAlign":"CENTER"},"outsideLabels":[],"style":{"background":"transparent","borderColor":"#000000","borderSize":1,"borderRadius":0,"borderStyle":"Solid"},"childrenLayoutStrategy":{"areChildNodesDraggable":true,"topGap":0,"bottomGap":10,"growableNodeIds":[],"kind":"List"},"borderNodes":[],"childNodes":[],"defaultWidth":125,"defaultHeight":60,"labelEditable":false,"pinned":false},{"id":"f0fd23a7-a61e-3a6b-865a-0023472fea01","type":"node:rectangle","targetObjectId":"14c8d439-90bd-4956-b279-4117d63c8ea7","targetObjectKind":"siriusComponents://semantic?domain=sysml&entity=PartUsage","targetObjectLabel":"cageBody","descriptionId":"siriusComponents://nodeDescription?sourceKind=view&sourceId=74c5d045-51d7-359f-9634-611d0f1bef3d&sourceElementId=85d2283f-c727-34f0-ba1b-695e544d15a7","borderNode":false,"modifiers":["Hidden"],"state":"Hidden","collapsingState":"EXPANDED","insideLabel":{"id":"95f487d3-7483-3c6e-9995-10f392a8050d","text":"attributes","insideLabelLocation":"TOP_CENTER","style":{"color":"#000000","fontSize":12,"bold":false,"italic":true,"underline":false,"strikeThrough":false,"iconURL":[],"background":"transparent","borderColor":"black","borderSize":0,"borderRadius":3,"borderStyle":"Solid","maxWidth":null},"isHeader":true,"headerSeparatorDisplayMode":"NEVER","overflowStrategy":"NONE","textAlign":"CENTER"},"outsideLabels":[],"style":{"background":"transparent","borderColor":"#000000","borderSize":1,"borderRadius":0,"borderStyle":"Solid"},"childrenLayoutStrategy":{"areChildNodesDraggable":true,"topGap":0,"bottomGap":10,"growableNodeIds":[],"kind":"List"},"borderNodes":[],"childNodes":[],"defaultWidth":125,"defaultHeight":60,"labelEditable":false,"pinned":false},{"id":"25519074-2346-3ffa-b007-8b746b094dc0","type":"node:rectangle","targetObjectId":"14c8d439-90bd-4956-b279-4117d63c8ea7","targetObjectKind":"siriusComponents://semantic?domain=sysml&entity=PartUsage","targetObjectLabel":"cageBody","descriptionId":"siriusComponents://nodeDescription?sourceKind=view&sourceId=74c5d045-51d7-359f-9634-611d0f1bef3d&sourceElementId=a77b4c6c-526d-3fe4-822b-de505f743123","borderNode":false,"modifiers":["Hidden"],"state":"Hidden","collapsingState":"EXPANDED","insideLabel":{"id":"d0cb2dad-bd7f-3ad4-a11b-f3e0be46daf1","text":"parts","insideLabelLocation":"TOP_CENTER","style":{"color":"#000000","fontSize":12,"bold":false,"italic":true,"underline":false,"strikeThrough":false,"iconURL":[],"background":"transparent","borderColor":"black","borderSize":0,"borderRadius":3,"borderStyle":"Solid","maxWidth":null},"isHeader":true,"headerSeparatorDisplayMode":"NEVER","overflowStrategy":"NONE","textAlign":"CENTER"},"outsideLabels":[],"style":{"background":"transparent","borderColor":"#000000","borderSize":1,"borderRadius":0,"borderStyle":"Solid"},"childrenLayoutStrategy":{"kind":"FreeForm"},"borderNodes":[],"childNodes":[],"defaultWidth":125,"defaultHeight":150,"labelEditable":false,"pinned":false}],"defaultWidth":150,"defaultHeight":60,"labelEditable":true,"pinned":false},{"id":"6657e4f1-939b-35fd-8c76-90c5c7e60fb4","type":"node:rectangle","targetObjectId":"fc5c6cbc-19fd-4dbe-ad2f-03412c1a9c32","targetObjectKind":"siriusComponents://semantic?domain=sysml&entity=PartUsage","targetObjectLabel":"controlSystem","descriptionId":"siriusComponents://nodeDescription?sourceKind=view&sourceId=74c5d045-51d7-359f-9634-611d0f1bef3d&sourceElementId=700133eb-7806-3dce-98d2-9ec37d212aaa","borderNode":false,"modifiers":[],"state":"Normal","collapsingState":"EXPANDED","insideLabel":{"id":"5fb22e8a-0447-3141-8c3b-8c4e864852b3","text":"«part»\ncontrolSystem : IntegratedControlSystem","insideLabelLocation":"TOP_CENTER","style":{"color":"#000000","fontSize":14,"bold":false,"italic":false,"underline":false,"strikeThrough":false,"iconURL":["/icons/full/obj16/PartUsage.svg"],"background":"transparent","borderColor":"black","borderSize":0,"borderRadius":3,"borderStyle":"Solid","maxWidth":null},"isHeader":true,"headerSeparatorDisplayMode":"IF_CHILDREN","overflowStrategy":"NONE","textAlign":"CENTER"},"outsideLabels":[],"style":{"background":"#ffffff","borderColor":"#000000","borderSize":1,"borderRadius":10,"borderStyle":"Solid"},"childrenLayoutStrategy":{"areChildNodesDraggable":false,"topGap":0,"bottomGap":0,"growableNodeIds":["siriusComponents://nodeDescription?sourceKind=view&sourceId=74c5d045-51d7-359f-9634-611d0f1bef3d&sourceElementId=a77b4c6c-526d-3fe4-822b-de505f743123"],"kind":"List"},"borderNodes":[{"id":"9f5f366e-3ed2-3044-8a6a-dc76fcd4832d","type":"node:image","targetObjectId":"fba22cd6-4334-4e19-8853-a59830cfbb7d","targetObjectKind":"siriusComponents://semantic?domain=sysml&entity=PortUsage","targetObjectLabel":"Interfacial Force_inout","descriptionId":"siriusComponents://nodeDescription?sourceKind=view&sourceId=74c5d045-51d7-359f-9634-611d0f1bef3d&sourceElementId=de70405c-a973-3bca-88a6-c6829548952d","borderNode":true,"modifiers":[],"state":"Normal","collapsingState":"EXPANDED","insideLabel":null,"outsideLabels":[{"id":"6b268012-87f4-335c-83d2-89d95ca1ac1c","text":"Interfacial Force_inout","outsideLabelLocation":"BOTTOM_MIDDLE","style":{"color":"#000000","fontSize":12,"bold":false,"italic":false,"underline":false,"strikeThrough":false,"iconURL":[],"background":"transparent","borderColor":"black","borderSize":0,"borderRadius":3,"borderStyle":"Solid","maxWidth":null},"overflowStrategy":"NONE","textAlign":"LEFT"}],"style":{"imageURL":"/images/Feature_Inout.svg","scalingFactor":1,"borderColor":"#000000","borderSize":1,"borderRadius":0,"borderStyle":"Solid","positionDependentRotation":true},"childrenLayoutStrategy":null,"borderNodes":[],"childNodes":[],"defaultWidth":10,"defaultHeight":10,"labelEditable":true,"pinned":false},{"id":"bbe9128f-9af4-3762-813a-2d513b89b22b","type":"node:image","targetObjectId":"f9038a40-a9ad-4259-80c6-7afb7e56968c","targetObjectKind":"siriusComponents://semantic?domain=sysml&entity=PortUsage","targetObjectLabel":"Control Command_in","descriptionId":"siriusComponents://nodeDescription?sourceKind=view&sourceId=74c5d045-51d7-359f-9634-611d0f1bef3d&sourceElementId=de70405c-a973-3bca-88a6-c6829548952d","borderNode":true,"modifiers":[],"state":"Normal","collapsingState":"EXPANDED","insideLabel":null,"outsideLabels":[{"id":"cce2ed52-4a64-33eb-bdc4-5c618183a683","text":"Control Command_in","outsideLabelLocation":"BOTTOM_MIDDLE","style":{"color":"#000000","fontSize":12,"bold":false,"italic":false,"underline":false,"strikeThrough":false,"iconURL":[],"background":"transparent","borderColor":"black","borderSize":0,"borderRadius":3,"borderStyle":"Solid","maxWidth":null},"overflowStrategy":"NONE","textAlign":"LEFT"}],"style":{"imageURL":"/images/Feature_In.svg","scalingFactor":1,"borderColor":"#000000","borderSize":1,"borderRadius":0,"borderStyle":"Solid","positionDependentRotation":true},"childrenLayoutStrategy":null,"borderNodes":[],"childNodes":[],"defaultWidth":10,"defaultHeight":10,"labelEditable":true,"pinned":false},{"id":"a0b0bbf0-5a1a-3ec0-aa49-83cc8150bd46","type":"node:image","targetObjectId":"f61a1276-168d-461f-b180-cc506239f30a","targetObjectKind":"siriusComponents://semantic?domain=sysml&entity=PortUsage","targetObjectLabel":"ConditionedAir_out","descriptionId":"siriusComponents://nodeDescription?sourceKind=view&sourceId=74c5d045-51d7-359f-9634-611d0f1bef3d&sourceElementId=de70405c-a973-3bca-88a6-c6829548952d","borderNode":true,"modifiers":[],"state":"Normal","collapsingState":"EXPANDED","insideLabel":null,"outsideLabels":[{"id":"dc0ecff7-c640-3616-b1a1-106af5e92a06","text":"ConditionedAir_out","outsideLabelLocation":"BOTTOM_MIDDLE","style":{"color":"#000000","fontSize":12,"bold":false,"italic":false,"underline":false,"strikeThrough":false,"iconURL":[],"background":"transparent","borderColor":"black","borderSize":0,"borderRadius":3,"borderStyle":"Solid","maxWidth":null},"overflowStrategy":"NONE","textAlign":"LEFT"}],"style":{"imageURL":"/images/Feature_Out.svg","scalingFactor":1,"borderColor":"#000000","borderSize":1,"borderRadius":0,"borderStyle":"Solid","positionDependentRotation":true},"childrenLayoutStrategy":null,"borderNodes":[],"childNodes":[],"defaultWidth":10,"defaultHeight":10,"labelEditable":true,"pinned":false},{"id":"1778c56c-4400-3367-ace8-5d616b22867d","type":"node:image","targetObjectId":"cf91a873-4a17-4881-97fb-6af29fecde2d","targetObjectKind":"siriusComponents://semantic?domain=sysml&entity=PortUsage","targetObjectLabel":"Air_in","descriptionId":"siriusComponents://nodeDescription?sourceKind=view&sourceId=74c5d045-51d7-359f-9634-611d0f1bef3d&sourceElementId=de70405c-a973-3bca-88a6-c6829548952d","borderNode":true,"modifiers":[],"state":"Normal","collapsingState":"EXPANDED","insideLabel":null,"outsideLabels":[{"id":"7875c653-a2b2-3ae6-aafa-b519963a49c6","text":"Air_in","outsideLabelLocation":"BOTTOM_MIDDLE","style":{"color":"#000000","fontSize":12,"bold":false,"italic":false,"underline":false,"strikeThrough":false,"iconURL":[],"background":"transparent","borderColor":"black","borderSize":0,"borderRadius":3,"borderStyle":"Solid","maxWidth":null},"overflowStrategy":"NONE","textAlign":"LEFT"}],"style":{"imageURL":"/images/Feature_In.svg","scalingFactor":1,"borderColor":"#000000","borderSize":1,"borderRadius":0,"borderStyle":"Solid","positionDependentRotation":true},"childrenLayoutStrategy":null,"borderNodes":[],"childNodes":[],"defaultWidth":10,"defaultHeight":10,"labelEditable":true,"pinned":false},{"id":"85aa35b7-8511-3450-a0b6-7f3680d5c53d","type":"node:image","targetObjectId":"1a4a5846-9321-4e64-ae4a-61ff16896c65","targetObjectKind":"siriusComponents://semantic?domain=sysml&entity=PortUsage","targetObjectLabel":"Electric Power_in","descriptionId":"siriusComponents://nodeDescription?sourceKind=view&sourceId=74c5d045-51d7-359f-9634-611d0f1bef3d&sourceElementId=de70405c-a973-3bca-88a6-c6829548952d","borderNode":true,"modifiers":[],"state":"Normal","collapsingState":"EXPANDED","insideLabel":null,"outsideLabels":[{"id":"70f949d1-fdc1-3aa0-adac-48a691d14c89","text":"Electric Power_in","outsideLabelLocation":"BOTTOM_MIDDLE","style":{"color":"#000000","fontSize":12,"bold":false,"italic":false,"underline":false,"strikeThrough":false,"iconURL":[],"background":"transparent","borderColor":"black","borderSize":0,"borderRadius":3,"borderStyle":"Solid","maxWidth":null},"overflowStrategy":"NONE","textAlign":"LEFT"}],"style":{"imageURL":"/images/Feature_In.svg","scalingFactor":1,"borderColor":"#000000","borderSize":1,"borderRadius":0,"borderStyle":"Solid","positionDependentRotation":true},"childrenLayoutStrategy":null,"borderNodes":[],"childNodes":[],"defaultWidth":10,"defaultHeight":10,"labelEditable":true,"pinned":false}],"childNodes":[{"id":"95f6844f-b250-3554-bff8-ae53be1825ed","type":"node:rectangle","targetObjectId":"fc5c6cbc-19fd-4dbe-ad2f-03412c1a9c32","targetObjectKind":"siriusComponents://semantic?domain=sysml&entity=PartUsage","targetObjectLabel":"controlSystem","descriptionId":"siriusComponents://nodeDescription?sourceKind=view&sourceId=74c5d045-51d7-359f-9634-611d0f1bef3d&sourceElementId=9f871f18-dbda-3798-8e28-094acfae6a2d","borderNode":false,"modifiers":["Hidden"],"state":"Hidden","collapsingState":"EXPANDED","insideLabel":{"id":"a587f4e7-092b-39c1-a930-c6662ec4226a","text":"doc","insideLabelLocation":"TOP_CENTER","style":{"color":"#000000","fontSize":12,"bold":false,"italic":true,"underline":false,"strikeThrough":false,"iconURL":[],"background":"transparent","borderColor":"black","borderSize":0,"borderRadius":3,"borderStyle":"Solid","maxWidth":null},"isHeader":true,"headerSeparatorDisplayMode":"NEVER","overflowStrategy":"NONE","textAlign":"CENTER"},"outsideLabels":[],"style":{"background":"transparent","borderColor":"#000000","borderSize":1,"borderRadius":0,"borderStyle":"Solid"},"childrenLayoutStrategy":{"areChildNodesDraggable":true,"topGap":0,"bottomGap":10,"growableNodeIds":[],"kind":"List"},"borderNodes":[],"childNodes":[],"defaultWidth":125,"defaultHeight":60,"labelEditable":false,"pinned":false},{"id":"f8acc766-1f9d-3295-863d-7b00dded5fe0","type":"node:rectangle","targetObjectId":"fc5c6cbc-19fd-4dbe-ad2f-03412c1a9c32","targetObjectKind":"siriusComponents://semantic?domain=sysml&entity=PartUsage","targetObjectLabel":"controlSystem","descriptionId":"siriusComponents://nodeDescription?sourceKind=view&sourceId=74c5d045-51d7-359f-9634-611d0f1bef3d&sourceElementId=85d2283f-c727-34f0-ba1b-695e544d15a7","borderNode":false,"modifiers":["Hidden"],"state":"Hidden","collapsingState":"EXPANDED","insideLabel":{"id":"dc9b46a3-a0c4-3a23-bb1b-acf3f06e5462","text":"attributes","insideLabelLocation":"TOP_CENTER","style":{"color":"#000000","fontSize":12,"bold":false,"italic":true,"underline":false,"strikeThrough":false,"iconURL":[],"background":"transparent","borderColor":"black","borderSize":0,"borderRadius":3,"borderStyle":"Solid","maxWidth":null},"isHeader":true,"headerSeparatorDisplayMode":"NEVER","overflowStrategy":"NONE","textAlign":"CENTER"},"outsideLabels":[],"style":{"background":"transparent","borderColor":"#000000","borderSize":1,"borderRadius":0,"borderStyle":"Solid"},"childrenLayoutStrategy":{"areChildNodesDraggable":true,"topGap":0,"bottomGap":10,"growableNodeIds":[],"kind":"List"},"borderNodes":[],"childNodes":[],"defaultWidth":125,"defaultHeight":60,"labelEditable":false,"pinned":false},{"id":"5bc04892-fb25-358a-8d54-ba3e187c3e79","type":"node:rectangle","targetObjectId":"fc5c6cbc-19fd-4dbe-ad2f-03412c1a9c32","targetObjectKind":"siriusComponents://semantic?domain=sysml&entity=PartUsage","targetObjectLabel":"controlSystem","descriptionId":"siriusComponents://nodeDescription?sourceKind=view&sourceId=74c5d045-51d7-359f-9634-611d0f1bef3d&sourceElementId=a77b4c6c-526d-3fe4-822b-de505f743123","borderNode":false,"modifiers":["Hidden"],"state":"Hidden","collapsingState":"EXPANDED","insideLabel":{"id":"6a9919ef-348f-38f7-8211-b7c3865497e2","text":"parts","insideLabelLocation":"TOP_CENTER","style":{"color":"#000000","fontSize":12,"bold":false,"italic":true,"underline":false,"strikeThrough":false,"iconURL":[],"background":"transparent","borderColor":"black","borderSize":0,"borderRadius":3,"borderStyle":"Solid","maxWidth":null},"isHeader":true,"headerSeparatorDisplayMode":"NEVER","overflowStrategy":"NONE","textAlign":"CENTER"},"outsideLabels":[],"style":{"background":"transparent","borderColor":"#000000","borderSize":1,"borderRadius":0,"borderStyle":"Solid"},"childrenLayoutStrategy":{"kind":"FreeForm"},"borderNodes":[],"childNodes":[],"defaultWidth":125,"defaultHeight":150,"labelEditable":false,"pinned":false}],"defaultWidth":150,"defaultHeight":60,"labelEditable":true,"pinned":false},{"id":"cdbabfab-85de-3a99-bada-76d9abca53c3","type":"node:rectangle","targetObjectId":"ea6bb418-898e-4dea-a643-c2ede6abf140","targetObjectKind":"siriusComponents://semantic?domain=sysml&entity=PartUsage","targetObjectLabel":"sensor","descriptionId":"siriusComponents://nodeDescription?sourceKind=view&sourceId=74c5d045-51d7-359f-9634-611d0f1bef3d&sourceElementId=700133eb-7806-3dce-98d2-9ec37d212aaa","borderNode":false,"modifiers":[],"state":"Normal","collapsingState":"EXPANDED","insideLabel":{"id":"cd5365a2-863a-3e3f-a0ea-f9e41ebf90b0","text":"«part»\nsensor : TempHumiditySensor","insideLabelLocation":"TOP_CENTER","style":{"color":"#000000","fontSize":14,"bold":false,"italic":false,"underline":false,"strikeThrough":false,"iconURL":["/icons/full/obj16/PartUsage.svg"],"background":"transparent","borderColor":"black","borderSize":0,"borderRadius":3,"borderStyle":"Solid","maxWidth":null},"isHeader":true,"headerSeparatorDisplayMode":"IF_CHILDREN","overflowStrategy":"NONE","textAlign":"CENTER"},"outsideLabels":[],"style":{"background":"#ffffff","borderColor":"#000000","borderSize":1,"borderRadius":10,"borderStyle":"Solid"},"childrenLayoutStrategy":{"areChildNodesDraggable":false,"topGap":0,"bottomGap":0,"growableNodeIds":["siriusComponents://nodeDescription?sourceKind=view&sourceId=74c5d045-51d7-359f-9634-611d0f1bef3d&sourceElementId=a77b4c6c-526d-3fe4-822b-de505f743123"],"kind":"List"},"borderNodes":[{"id":"02e01fe3-674e-313e-8a3b-e02c6cb52ca4","type":"node:image","targetObjectId":"c52d2cdc-3bfa-4080-8e9d-3548a8c499f9","targetObjectKind":"siriusComponents://semantic?domain=sysml&entity=PortUsage","targetObjectLabel":"Air_in","descriptionId":"siriusComponents://nodeDescription?sourceKind=view&sourceId=74c5d045-51d7-359f-9634-611d0f1bef3d&sourceElementId=de70405c-a973-3bca-88a6-c6829548952d","borderNode":true,"modifiers":[],"state":"Normal","collapsingState":"EXPANDED","insideLabel":null,"outsideLabels":[{"id":"7815233d-01f6-3d81-9584-962870a15196","text":"Air_in","outsideLabelLocation":"BOTTOM_MIDDLE","style":{"color":"#000000","fontSize":12,"bold":false,"italic":false,"underline":false,"strikeThrough":false,"iconURL":[],"background":"transparent","borderColor":"black","borderSize":0,"borderRadius":3,"borderStyle":"Solid","maxWidth":null},"overflowStrategy":"NONE","textAlign":"LEFT"}],"style":{"imageURL":"/images/Feature_In.svg","scalingFactor":1,"borderColor":"#000000","borderSize":1,"borderRadius":0,"borderStyle":"Solid","positionDependentRotation":true},"childrenLayoutStrategy":null,"borderNodes":[],"childNodes":[],"defaultWidth":10,"defaultHeight":10,"labelEditable":true,"pinned":false},{"id":"04903409-90f4-38a4-b7f8-b2f0facb849a","type":"node:image","targetObjectId":"669b964c-e36e-4cd5-9998-40d9c9276058","targetObjectKind":"siriusComponents://semantic?domain=sysml&entity=PortUsage","targetObjectLabel":"Interfacial Force_inout","descriptionId":"siriusComponents://nodeDescription?sourceKind=view&sourceId=74c5d045-51d7-359f-9634-611d0f1bef3d&sourceElementId=de70405c-a973-3bca-88a6-c6829548952d","borderNode":true,"modifiers":[],"state":"Normal","collapsingState":"EXPANDED","insideLabel":null,"outsideLabels":[{"id":"38cbebdf-8bdf-3406-a3ca-0f39b7dac900","text":"Interfacial Force_inout","outsideLabelLocation":"BOTTOM_MIDDLE","style":{"color":"#000000","fontSize":12,"bold":false,"italic":false,"underline":false,"strikeThrough":false,"iconURL":[],"background":"transparent","borderColor":"black","borderSize":0,"borderRadius":3,"borderStyle":"Solid","maxWidth":null},"overflowStrategy":"NONE","textAlign":"LEFT"}],"style":{"imageURL":"/images/Feature_Inout.svg","scalingFactor":1,"borderColor":"#000000","borderSize":1,"borderRadius":0,"borderStyle":"Solid","positionDependentRotation":true},"childrenLayoutStrategy":null,"borderNodes":[],"childNodes":[],"defaultWidth":10,"defaultHeight":10,"labelEditable":true,"pinned":false},{"id":"89360fe5-a855-38cf-a4a6-b6464adb8b0d","type":"node:image","targetObjectId":"f9606db4-d111-4b75-9590-2b17b5e2b5ac","targetObjectKind":"siriusComponents://semantic?domain=sysml&entity=PortUsage","targetObjectLabel":"Control Command_out","descriptionId":"siriusComponents://nodeDescription?sourceKind=view&sourceId=74c5d045-51d7-359f-9634-611d0f1bef3d&sourceElementId=de70405c-a973-3bca-88a6-c6829548952d","borderNode":true,"modifiers":[],"state":"Normal","collapsingState":"EXPANDED","insideLabel":null,"outsideLabels":[{"id":"32a27dc7-c94f-3687-bf43-7902b6d8b4f1","text":"Control Command_out","outsideLabelLocation":"BOTTOM_MIDDLE","style":{"color":"#000000","fontSize":12,"bold":false,"italic":false,"underline":false,"strikeThrough":false,"iconURL":[],"background":"transparent","borderColor":"black","borderSize":0,"borderRadius":3,"borderStyle":"Solid","maxWidth":null},"overflowStrategy":"NONE","textAlign":"LEFT"}],"style":{"imageURL":"/images/Feature_Out.svg","scalingFactor":1,"borderColor":"#000000","borderSize":1,"borderRadius":0,"borderStyle":"Solid","positionDependentRotation":true},"childrenLayoutStrategy":null,"borderNodes":[],"childNodes":[],"defaultWidth":10,"defaultHeight":10,"labelEditable":true,"pinned":false},{"id":"dcf735d9-e064-38ea-987b-dcc7164f41cb","type":"node:image","targetObjectId":"ba06ff67-becf-486e-8fac-081ff9736c95","targetObjectKind":"siriusComponents://semantic?domain=sysml&entity=PortUsage","targetObjectLabel":"Electric Power_in","descriptionId":"siriusComponents://nodeDescription?sourceKind=view&sourceId=74c5d045-51d7-359f-9634-611d0f1bef3d&sourceElementId=de70405c-a973-3bca-88a6-c6829548952d","borderNode":true,"modifiers":[],"state":"Normal","collapsingState":"EXPANDED","insideLabel":null,"outsideLabels":[{"id":"c3296e40-43ad-33f2-907a-42687eae3f01","text":"Electric Power_in","outsideLabelLocation":"BOTTOM_MIDDLE","style":{"color":"#000000","fontSize":12,"bold":false,"italic":false,"underline":false,"strikeThrough":false,"iconURL":[],"background":"transparent","borderColor":"black","borderSize":0,"borderRadius":3,"borderStyle":"Solid","maxWidth":null},"overflowStrategy":"NONE","textAlign":"LEFT"}],"style":{"imageURL":"/images/Feature_In.svg","scalingFactor":1,"borderColor":"#000000","borderSize":1,"borderRadius":0,"borderStyle":"Solid","positionDependentRotation":true},"childrenLayoutStrategy":null,"borderNodes":[],"childNodes":[],"defaultWidth":10,"defaultHeight":10,"labelEditable":true,"pinned":false}],"childNodes":[{"id":"8bb900ef-ae35-3f4e-874f-22c7cf563aac","type":"node:rectangle","targetObjectId":"ea6bb418-898e-4dea-a643-c2ede6abf140","targetObjectKind":"siriusComponents://semantic?domain=sysml&entity=PartUsage","targetObjectLabel":"sensor","descriptionId":"siriusComponents://nodeDescription?sourceKind=view&sourceId=74c5d045-51d7-359f-9634-611d0f1bef3d&sourceElementId=9f871f18-dbda-3798-8e28-094acfae6a2d","borderNode":false,"modifiers":["Hidden"],"state":"Hidden","collapsingState":"EXPANDED","insideLabel":{"id":"e34bbb2c-2e9e-3362-8db9-93dcc294f9d6","text":"doc","insideLabelLocation":"TOP_CENTER","style":{"color":"#000000","fontSize":12,"bold":false,"italic":true,"underline":false,"strikeThrough":false,"iconURL":[],"background":"transparent","borderColor":"black","borderSize":0,"borderRadius":3,"borderStyle":"Solid","maxWidth":null},"isHeader":true,"headerSeparatorDisplayMode":"NEVER","overflowStrategy":"NONE","textAlign":"CENTER"},"outsideLabels":[],"style":{"background":"transparent","borderColor":"#000000","borderSize":1,"borderRadius":0,"borderStyle":"Solid"},"childrenLayoutStrategy":{"areChildNodesDraggable":true,"topGap":0,"bottomGap":10,"growableNodeIds":[],"kind":"List"},"borderNodes":[],"childNodes":[],"defaultWidth":125,"defaultHeight":60,"labelEditable":false,"pinned":false},{"id":"cb21b05c-02a3-3570-a353-d1d7082a8e4a","type":"node:rectangle","targetObjectId":"ea6bb418-898e-4dea-a643-c2ede6abf140","targetObjectKind":"siriusComponents://semantic?domain=sysml&entity=PartUsage","targetObjectLabel":"sensor","descriptionId":"siriusComponents://nodeDescription?sourceKind=view&sourceId=74c5d045-51d7-359f-9634-611d0f1bef3d&sourceElementId=85d2283f-c727-34f0-ba1b-695e544d15a7","borderNode":false,"modifiers":["Hidden"],"state":"Hidden","collapsingState":"EXPANDED","insideLabel":{"id":"d2bcdb7a-a86f-3680-8c46-876514900392","text":"attributes","insideLabelLocation":"TOP_CENTER","style":{"color":"#000000","fontSize":12,"bold":false,"italic":true,"underline":false,"strikeThrough":false,"iconURL":[],"background":"transparent","borderColor":"black","borderSize":0,"borderRadius":3,"borderStyle":"Solid","maxWidth":null},"isHeader":true,"headerSeparatorDisplayMode":"NEVER","overflowStrategy":"NONE","textAlign":"CENTER"},"outsideLabels":[],"style":{"background":"transparent","borderColor":"#000000","borderSize":1,"borderRadius":0,"borderStyle":"Solid"},"childrenLayoutStrategy":{"areChildNodesDraggable":true,"topGap":0,"bottomGap":10,"growableNodeIds":[],"kind":"List"},"borderNodes":[],"childNodes":[],"defaultWidth":125,"defaultHeight":60,"labelEditable":false,"pinned":false},{"id":"118699d6-8fc6-3c90-9ecf-40c5bed8b1f1","type":"node:rectangle","targetObjectId":"ea6bb418-898e-4dea-a643-c2ede6abf140","targetObjectKind":"siriusComponents://semantic?domain=sysml&entity=PartUsage","targetObjectLabel":"sensor","descriptionId":"siriusComponents://nodeDescription?sourceKind=view&sourceId=74c5d045-51d7-359f-9634-611d0f1bef3d&sourceElementId=a77b4c6c-526d-3fe4-822b-de505f743123","borderNode":false,"modifiers":["Hidden"],"state":"Hidden","collapsingState":"EXPANDED","insideLabel":{"id":"f4ca0a1f-c52d-367c-97d3-c607b94f2629","text":"parts","insideLabelLocation":"TOP_CENTER","style":{"color":"#000000","fontSize":12,"bold":false,"italic":true,"underline":false,"strikeThrough":false,"iconURL":[],"background":"transparent","borderColor":"black","borderSize":0,"borderRadius":3,"borderStyle":"Solid","maxWidth":null},"isHeader":true,"headerSeparatorDisplayMode":"NEVER","overflowStrategy":"NONE","textAlign":"CENTER"},"outsideLabels":[],"style":{"background":"transparent","borderColor":"#000000","borderSize":1,"borderRadius":0,"borderStyle":"Solid"},"childrenLayoutStrategy":{"kind":"FreeForm"},"borderNodes":[],"childNodes":[],"defaultWidth":125,"defaultHeight":150,"labelEditable":false,"pinned":false}],"defaultWidth":150,"defaultHeight":60,"labelEditable":true,"pinned":false}],"defaultWidth":700,"defaultHeight":400,"labelEditable":true,"pinned":false}],"edges":[{"id":"cb5be7f8-038b-38a8-bde5-6b6f64b60f31","type":"edge:straight","targetObjectId":"b8968efd-4d3d-4fd4-a789-43ebbc8c366b","targetObjectKind":"siriusComponents://semantic?domain=sysml&entity=BindingConnectorAsUsage","targetObjectLabel":"bind","descriptionId":"siriusComponents://edgeDescription?sourceKind=view&sourceId=74c5d045-51d7-359f-9634-611d0f1bef3d&sourceElementId=3d1c5a31-5567-3e8a-8cd5-011bc74140f3","beginLabel":null,"centerLabel":null,"endLabel":null,"sourceId":"330d7ac6-00e9-3780-aac6-f564b4dfba53","targetId":"1778c56c-4400-3367-ace8-5d616b22867d","modifiers":[],"state":"Normal","style":{"size":1,"lineStyle":"Solid","sourceArrow":"None","targetArrow":"None","color":"#000000"},"centerLabelEditable":false},{"id":"e2f8b7d9-fa22-33e6-83e3-fc5b361f0b43","type":"edge:straight","targetObjectId":"42de2528-e315-448d-bd6d-f5d9f0f859c0","targetObjectKind":"siriusComponents://semantic?domain=sysml&entity=BindingConnectorAsUsage","targetObjectLabel":"bind","descriptionId":"siriusComponents://edgeDescription?sourceKind=view&sourceId=74c5d045-51d7-359f-9634-611d0f1bef3d&sourceElementId=3d1c5a31-5567-3e8a-8cd5-011bc74140f3","beginLabel":null,"centerLabel":null,"endLabel":null,"sourceId":"89360fe5-a855-38cf-a4a6-b6464adb8b0d","targetId":"bbe9128f-9af4-3762-813a-2d513b89b22b","modifiers":[],"state":"Normal","style":{"size":1,"lineStyle":"Solid","sourceArrow":"None","targetArrow":"None","color":"#000000"},"centerLabelEditable":false},{"id":"0874e026-c944-3b85-b260-dd78581f4117","type":"edge:straight","targetObjectId":"1659ce23-0048-4dd2-a6df-5d51a24a5bb9","targetObjectKind":"siriusComponents://semantic?domain=sysml&entity=BindingConnectorAsUsage","targetObjectLabel":"Interfacial Force","descriptionId":"siriusComponents://edgeDescription?sourceKind=view&sourceId=74c5d045-51d7-359f-9634-611d0f1bef3d&sourceElementId=3d1c5a31-5567-3e8a-8cd5-011bc74140f3","beginLabel":null,"centerLabel":null,"endLabel":null,"sourceId":"0f93781d-7e84-390b-8502-9542e581103e","targetId":"04903409-90f4-38a4-b7f8-b2f0facb849a","modifiers":[],"state":"Normal","style":{"size":1,"lineStyle":"Solid","sourceArrow":"None","targetArrow":"None","color":"#000000"},"centerLabelEditable":false},{"id":"a963445a-0dd4-3227-9955-d6d14ba44708","type":"edge:straight","targetObjectId":"b1426fef-7acc-46ba-b207-6a89c58f6d37","targetObjectKind":"siriusComponents://semantic?domain=sysml&entity=BindingConnectorAsUsage","targetObjectLabel":"Interfacial Force","descriptionId":"siriusComponents://edgeDescription?sourceKind=view&sourceId=74c5d045-51d7-359f-9634-611d0f1bef3d&sourceElementId=3d1c5a31-5567-3e8a-8cd5-011bc74140f3","beginLabel":null,"centerLabel":null,"endLabel":null,"sourceId":"a201807a-6dc7-36a1-9a8e-31d9183d9c42","targetId":"9f5f366e-3ed2-3044-8a6a-dc76fcd4832d","modifiers":[],"state":"Normal","style":{"size":1,"lineStyle":"Solid","sourceArrow":"None","targetArrow":"None","color":"#000000"},"centerLabelEditable":false},{"id":"4b836092-f83a-3053-b904-c40e1a248460","type":"edge:straight","targetObjectId":"4234bb89-9ca5-4aba-84f9-81f7cce92de7","targetObjectKind":"siriusComponents://semantic?domain=sysml&entity=BindingConnectorAsUsage","targetObjectLabel":"bind","descriptionId":"siriusComponents://edgeDescription?sourceKind=view&sourceId=74c5d045-51d7-359f-9634-611d0f1bef3d&sourceElementId=3d1c5a31-5567-3e8a-8cd5-011bc74140f3","beginLabel":null,"centerLabel":null,"endLabel":null,"sourceId":"a0b0bbf0-5a1a-3ec0-aa49-83cc8150bd46","targetId":"90d6af58-d387-3ddf-a1a5-db014128cd0f","modifiers":[],"state":"Normal","style":{"size":1,"lineStyle":"Solid","sourceArrow":"None","targetArrow":"None","color":"#000000"},"centerLabelEditable":false},{"id":"50187ec4-b573-3944-9c68-c8d71515cf94","type":"edge:straight","targetObjectId":"725247e3-3efa-41d9-99fb-d58910a6c1a2","targetObjectKind":"siriusComponents://semantic?domain=sysml&entity=BindingConnectorAsUsage","targetObjectLabel":"bind","descriptionId":"siriusComponents://edgeDescription?sourceKind=view&sourceId=74c5d045-51d7-359f-9634-611d0f1bef3d&sourceElementId=3d1c5a31-5567-3e8a-8cd5-011bc74140f3","beginLabel":null,"centerLabel":null,"endLabel":null,"sourceId":"330d7ac6-00e9-3780-aac6-f564b4dfba53","targetId":"02e01fe3-674e-313e-8a3b-e02c6cb52ca4","modifiers":[],"state":"Normal","style":{"size":1,"lineStyle":"Solid","sourceArrow":"None","targetArrow":"None","color":"#000000"},"centerLabelEditable":false},{"id":"6e06a6ab-d7ac-341e-88f2-6c45bdf05516","type":"edge:straight","targetObjectId":"dae14ae0-90f2-43d1-b7b5-8d6c8ca5eb3a","targetObjectKind":"siriusComponents://semantic?domain=sysml&entity=BindingConnectorAsUsage","targetObjectLabel":"bind","descriptionId":"siriusComponents://edgeDescription?sourceKind=view&sourceId=74c5d045-51d7-359f-9634-611d0f1bef3d&sourceElementId=3d1c5a31-5567-3e8a-8cd5-011bc74140f3","beginLabel":null,"centerLabel":null,"endLabel":null,"sourceId":"f7c23834-f519-3b50-930d-06fc0da018e9","targetId":"85aa35b7-8511-3450-a0b6-7f3680d5c53d","modifiers":[],"state":"Normal","style":{"size":1,"lineStyle":"Solid","sourceArrow":"None","targetArrow":"None","color":"#000000"},"centerLabelEditable":false},{"id":"5772e2d9-b4f2-3994-9168-18cd6da88b11","type":"edge:straight","targetObjectId":"c950aeaf-b5a2-4ad6-a866-777e2094d708","targetObjectKind":"siriusComponents://semantic?domain=sysml&entity=BindingConnectorAsUsage","targetObjectLabel":"bind","descriptionId":"siriusComponents://edgeDescription?sourceKind=view&sourceId=74c5d045-51d7-359f-9634-611d0f1bef3d&sourceElementId=3d1c5a31-5567-3e8a-8cd5-011bc74140f3","beginLabel":null,"centerLabel":null,"endLabel":null,"sourceId":"f7c23834-f519-3b50-930d-06fc0da018e9","targetId":"dcf735d9-e064-38ea-987b-dcc7164f41cb","modifiers":[],"state":"Normal","style":{"size":1,"lineStyle":"Solid","sourceArrow":"None","targetArrow":"None","color":"#000000"},"centerLabelEditable":false}],"layoutData":{"nodeLayoutData":{"1102e73e-7983-33df-9e8e-3181e7e88c55":{"id":"1102e73e-7983-33df-9e8e-3181e7e88c55","position":{"x":440.46574908487014,"y":172.6434509944241},"size":{"width":227.296875,"height":60.0},"resizedByUser":false},"90d6af58-d387-3ddf-a1a5-db014128cd0f":{"id":"90d6af58-d387-3ddf-a1a5-db014128cd0f","position":{"x":695.0,"y":326.67489429339315},"size":{"width":16.0,"height":16.0},"resizedByUser":false},"659e9d0b-7fe9-3efe-a02a-05bf0987eaeb":{"id":"659e9d0b-7fe9-3efe-a02a-05bf0987eaeb","position":{"x":0.0,"y":0.0},"size":{"width":125.0,"height":60.0},"resizedByUser":false},"85aa35b7-8511-3450-a0b6-7f3680d5c53d":{"id":"85aa35b7-8511-3450-a0b6-7f3680d5c53d","position":{"x":-11.0,"y":60.0},"size":{"width":16.0,"height":16.0},"resizedByUser":false},"8026ff36-fec0-3533-b986-9ed177818f0d":{"id":"8026ff36-fec0-3533-b986-9ed177818f0d","position":{"x":0.0,"y":0.0},"size":{"width":700.0,"height":400.0},"resizedByUser":true},"f0fd23a7-a61e-3a6b-865a-0023472fea01":{"id":"f0fd23a7-a61e-3a6b-865a-0023472fea01","position":{"x":0.0,"y":0.0},"size":{"width":125.0,"height":60.0},"resizedByUser":false},"bbe9128f-9af4-3762-813a-2d513b89b22b":{"id":"bbe9128f-9af4-3762-813a-2d513b89b22b","position":{"x":201.5905189050867,"y":-11.0},"size":{"width":16.0,"height":16.0},"resizedByUser":false},"f7c23834-f519-3b50-930d-06fc0da018e9":{"id":"f7c23834-f519-3b50-930d-06fc0da018e9","position":{"x":-11.0,"y":322.6434509944241},"size":{"width":16.0,"height":16.0},"resizedByUser":false},"f8acc766-1f9d-3295-863d-7b00dded5fe0":{"id":"f8acc766-1f9d-3295-863d-7b00dded5fe0","position":{"x":0.0,"y":0.0},"size":{"width":125.0,"height":60.0},"resizedByUser":false},"a201807a-6dc7-36a1-9a8e-31d9183d9c42":{"id":"a201807a-6dc7-36a1-9a8e-31d9183d9c42","position":{"x":68.03230912086474,"y":55.0},"size":{"width":16.0,"height":16.0},"resizedByUser":false},"89360fe5-a855-38cf-a4a6-b6464adb8b0d":{"id":"89360fe5-a855-38cf-a4a6-b6464adb8b0d","position":{"x":142.3170814050867,"y":77.0},"size":{"width":16.0,"height":16.0},"resizedByUser":false},"8bb900ef-ae35-3f4e-874f-22c7cf563aac":{"id":"8bb900ef-ae35-3f4e-874f-22c7cf563aac","position":{"x":0.0,"y":0.0},"size":{"width":125.0,"height":60.0},"resizedByUser":false},"6657e4f1-939b-35fd-8c76-90c5c7e60fb4":{"id":"6657e4f1-939b-35fd-8c76-90c5c7e60fb4","position":{"x":98.03752393995785,"y":266.67489429339315},"size":{"width":320.2421875,"height":84.0},"resizedByUser":false},"cdbabfab-85de-3a99-bada-76d9abca53c3":{"id":"cdbabfab-85de-3a99-bada-76d9abca53c3","position":{"x":190.49699908487014,"y":71.64345099442409},"size":{"width":249.96875,"height":82.0},"resizedByUser":false},"cb21b05c-02a3-3570-a353-d1d7082a8e4a":{"id":"cb21b05c-02a3-3570-a353-d1d7082a8e4a","position":{"x":0.0,"y":0.0},"size":{"width":125.0,"height":60.0},"resizedByUser":false},"5bc04892-fb25-358a-8d54-ba3e187c3e79":{"id":"5bc04892-fb25-358a-8d54-ba3e187c3e79","position":{"x":0.0,"y":0.0},"size":{"width":125.0,"height":150.0},"resizedByUser":false},"02e01fe3-674e-313e-8a3b-e02c6cb52ca4":{"id":"02e01fe3-674e-313e-8a3b-e02c6cb52ca4","position":{"x":-11.0,"y":22.0},"size":{"width":16.0,"height":16.0},"resizedByUser":false},"95f6844f-b250-3554-bff8-ae53be1825ed":{"id":"95f6844f-b250-3554-bff8-ae53be1825ed","position":{"x":0.0,"y":0.0},"size":{"width":125.0,"height":60.0},"resizedByUser":false},"9f5f366e-3ed2-3044-8a6a-dc76fcd4832d":{"id":"9f5f366e-3ed2-3044-8a6a-dc76fcd4832d","position":{"x":315.2421875,"y":26.661647620307974},"size":{"width":16.0,"height":16.0},"resizedByUser":false},"04903409-90f4-38a4-b7f8-b2f0facb849a":{"id":"04903409-90f4-38a4-b7f8-b2f0facb849a","position":{"x":244.96875,"y":22.0},"size":{"width":16.0,"height":16.0},"resizedByUser":false},"25519074-2346-3ffa-b007-8b746b094dc0":{"id":"25519074-2346-3ffa-b007-8b746b094dc0","position":{"x":0.0,"y":0.0},"size":{"width":125.0,"height":150.0},"resizedByUser":false},"0f93781d-7e84-390b-8502-9542e581103e":{"id":"0f93781d-7e84-390b-8502-9542e581103e","position":{"x":68.03230912086474,"y":-11.0},"size":{"width":16.0,"height":16.0},"resizedByUser":false},"a0b0bbf0-5a1a-3ec0-aa49-83cc8150bd46":{"id":"a0b0bbf0-5a1a-3ec0-aa49-83cc8150bd46","position":{"x":315.2421875,"y":60.0},"size":{"width":16.0,"height":16.0},"resizedByUser":false},"118699d6-8fc6-3c90-9ecf-40c5bed8b1f1":{"id":"118699d6-8fc6-3c90-9ecf-40c5bed8b1f1","position":{"x":0.0,"y":0.0},"size":{"width":125.0,"height":150.0},"resizedByUser":false},"dcf735d9-e064-38ea-987b-dcc7164f41cb":{"id":"dcf735d9-e064-38ea-987b-dcc7164f41cb","position":{"x":-11.0,"y":58.0},"size":{"width":16.0,"height":16.0},"resizedByUser":false},"1778c56c-4400-3367-ace8-5d616b22867d":{"id":"1778c56c-4400-3367-ace8-5d616b22867d","position":{"x":-11.0,"y":22.0},"size":{"width":16.0,"height":16.0},"resizedByUser":false},"330d7ac6-00e9-3780-aac6-f564b4dfba53":{"id":"330d7ac6-00e9-3780-aac6-f564b4dfba53","position":{"x":-11.0,"y":104.64345099442409},"size":{"width":16.0,"height":16.0},"resizedByUser":false}},"edgeLayoutData":{},"labelLayoutData":{}}}}