{"id":"620e9059-2775-43c9-b533-6e6af3545ff9","projectId":"6d1c97fb-a2c7-4dee-9b68-42a2f344cfeb","descriptionId":"siriusComponents://representationDescription?kind=diagramDescription&sourceKind=view&sourceId=74c5d045-51d7-359f-9634-611d0f1bef3d&sourceElementId=e1bd3b6d-357b-3068-b2e9-e0c1e19d6856","targetObjectId":"d68fcf5b-7753-4220-9d5b-dc72aaac946c","label":"Interconnection View","kind":"siriusComponents://representation?type=Diagram","representation":{"id":"620e9059-2775-43c9-b533-6e6af3545ff9","kind":"siriusComponents://representation?type=Diagram","targetObjectId":"d68fcf5b-7753-4220-9d5b-dc72aaac946c","descriptionId":"siriusComponents://representationDescription?kind=diagramDescription&sourceKind=view&sourceId=74c5d045-51d7-359f-9634-611d0f1bef3d&sourceElementId=e1bd3b6d-357b-3068-b2e9-e0c1e19d6856","label":"Interconnection View","nodes":[{"id":"371f9187-88eb-350e-a9f2-5ad063c97060","type":"node:rectangle","targetObjectId":"d68fcf5b-7753-4220-9d5b-dc72aaac946c","targetObjectKind":"siriusComponents://semantic?domain=sysml&entity=PartDefinition","targetObjectLabel":"ControlSystem","descriptionId":"siriusComponents://nodeDescription?sourceKind=view&sourceId=74c5d045-51d7-359f-9634-611d0f1bef3d&sourceElementId=4055a909-560d-3db5-a777-ea29c14cc2c2","borderNode":false,"modifiers":[],"state":"Normal","collapsingState":"EXPANDED","insideLabel":{"id":"69682323-32eb-3c63-a1a0-226c099320e1","text":"«part def»\nControlSystem","insideLabelLocation":"TOP_CENTER","style":{"color":"#000000","fontSize":14,"bold":false,"italic":false,"underline":false,"strikeThrough":false,"iconURL":["/icons/full/obj16/PartDefinition.svg"],"background":"transparent","borderColor":"black","borderSize":0,"borderRadius":3,"borderStyle":"Solid","maxWidth":null},"isHeader":true,"headerSeparatorDisplayMode":"NEVER","overflowStrategy":"NONE","textAlign":"CENTER"},"outsideLabels":[],"style":{"background":"#ffffff","borderColor":"#000000","borderSize":1,"borderRadius":0,"borderStyle":"Solid"},"childrenLayoutStrategy":{"kind":"FreeForm"},"borderNodes":[],"childNodes":[{"id":"b54c030b-8ce5-3daf-9832-abbd6a3571df","type":"node:rectangle","targetObjectId":"174507cb-289c-4a74-adc5-00ddbf493988","targetObjectKind":"siriusComponents://semantic?domain=sysml&entity=PerformActionUsage","targetObjectLabel":"","descriptionId":"siriusComponents://nodeDescription?sourceKind=view&sourceId=74c5d045-51d7-359f-9634-611d0f1bef3d&sourceElementId=f19c2b1a-9494-3c07-b567-6a58b215e647","borderNode":false,"modifiers":[],"state":"Normal","collapsingState":"EXPANDED","insideLabel":{"id":"c4524913-2755-3dd0-81aa-5c556e21b928","text":"«perform action»\n","insideLabelLocation":"TOP_CENTER","style":{"color":"#000000","fontSize":14,"bold":false,"italic":false,"underline":false,"strikeThrough":false,"iconURL":["/icons/full/obj16/PerformActionUsage.svg"],"background":"transparent","borderColor":"black","borderSize":0,"borderRadius":3,"borderStyle":"Solid","maxWidth":null},"isHeader":true,"headerSeparatorDisplayMode":"IF_CHILDREN","overflowStrategy":"NONE","textAlign":"CENTER"},"outsideLabels":[],"style":{"background":"#ffffff","borderColor":"#000000","borderSize":1,"borderRadius":10,"borderStyle":"Solid"},"childrenLayoutStrategy":{"areChildNodesDraggable":false,"topGap":0,"bottomGap":0,"growableNodeIds":["siriusComponents://nodeDescription?sourceKind=view&sourceId=74c5d045-51d7-359f-9634-611d0f1bef3d&sourceElementId=09bac8f5-e6f0-3fb0-a612-a7242d9a256c"],"kind":"List"},"borderNodes":[],"childNodes":[{"id":"e4d075ef-b229-3d93-8ea5-9f118b284a52","type":"node:rectangle","targetObjectId":"174507cb-289c-4a74-adc5-00ddbf493988","targetObjectKind":"siriusComponents://semantic?domain=sysml&entity=PerformActionUsage","targetObjectLabel":"","descriptionId":"siriusComponents://nodeDescription?sourceKind=view&sourceId=74c5d045-51d7-359f-9634-611d0f1bef3d&sourceElementId=0cbcdebe-c87d-3e4d-ab50-fe886f65cee6","borderNode":false,"modifiers":["Hidden"],"state":"Hidden","collapsingState":"EXPANDED","insideLabel":{"id":"151a6fc3-cd94-38d7-859e-0bc060c829ae","text":"doc","insideLabelLocation":"TOP_CENTER","style":{"color":"#000000","fontSize":12,"bold":false,"italic":true,"underline":false,"strikeThrough":false,"iconURL":[],"background":"transparent","borderColor":"black","borderSize":0,"borderRadius":3,"borderStyle":"Solid","maxWidth":null},"isHeader":true,"headerSeparatorDisplayMode":"NEVER","overflowStrategy":"NONE","textAlign":"CENTER"},"outsideLabels":[],"style":{"background":"transparent","borderColor":"#000000","borderSize":1,"borderRadius":0,"borderStyle":"Solid"},"childrenLayoutStrategy":{"areChildNodesDraggable":true,"topGap":0,"bottomGap":10,"growableNodeIds":[],"kind":"List"},"borderNodes":[],"childNodes":[],"defaultWidth":125,"defaultHeight":60,"labelEditable":false,"pinned":false},{"id":"dd41088e-6bc6-3938-91fd-8b7060a8ba18","type":"node:rectangle","targetObjectId":"174507cb-289c-4a74-adc5-00ddbf493988","targetObjectKind":"siriusComponents://semantic?domain=sysml&entity=PerformActionUsage","targetObjectLabel":"","descriptionId":"siriusComponents://nodeDescription?sourceKind=view&sourceId=74c5d045-51d7-359f-9634-611d0f1bef3d&sourceElementId=09bac8f5-e6f0-3fb0-a612-a7242d9a256c","borderNode":false,"modifiers":["Hidden"],"state":"Hidden","collapsingState":"EXPANDED","insideLabel":{"id":"722d5124-674b-32ac-be4a-a940d776ce03","text":"action flow","insideLabelLocation":"TOP_CENTER","style":{"color":"#000000","fontSize":12,"bold":false,"italic":true,"underline":false,"strikeThrough":false,"iconURL":[],"background":"transparent","borderColor":"black","borderSize":0,"borderRadius":3,"borderStyle":"Solid","maxWidth":null},"isHeader":true,"headerSeparatorDisplayMode":"NEVER","overflowStrategy":"NONE","textAlign":"CENTER"},"outsideLabels":[],"style":{"background":"transparent","borderColor":"#000000","borderSize":1,"borderRadius":0,"borderStyle":"Solid"},"childrenLayoutStrategy":{"kind":"FreeForm"},"borderNodes":[],"childNodes":[],"defaultWidth":125,"defaultHeight":150,"labelEditable":false,"pinned":false}],"defaultWidth":150,"defaultHeight":60,"labelEditable":true,"pinned":false},{"id":"dc5374df-da1d-311c-b890-b1f5f0023712","type":"node:rectangle","targetObjectId":"e6658802-1c5e-432a-b3a4-e7477f552dd2","targetObjectKind":"siriusComponents://semantic?domain=sysml&entity=PerformActionUsage","targetObjectLabel":"","descriptionId":"siriusComponents://nodeDescription?sourceKind=view&sourceId=74c5d045-51d7-359f-9634-611d0f1bef3d&sourceElementId=f19c2b1a-9494-3c07-b567-6a58b215e647","borderNode":false,"modifiers":[],"state":"Normal","collapsingState":"EXPANDED","insideLabel":{"id":"7d0d3b14-2e1e-37fb-8c46-f2ff14de4975","text":"«perform action»\n","insideLabelLocation":"TOP_CENTER","style":{"color":"#000000","fontSize":14,"bold":false,"italic":false,"underline":false,"strikeThrough":false,"iconURL":["/icons/full/obj16/PerformActionUsage.svg"],"background":"transparent","borderColor":"black","borderSize":0,"borderRadius":3,"borderStyle":"Solid","maxWidth":null},"isHeader":true,"headerSeparatorDisplayMode":"IF_CHILDREN","overflowStrategy":"NONE","textAlign":"CENTER"},"outsideLabels":[],"style":{"background":"#ffffff","borderColor":"#000000","borderSize":1,"borderRadius":10,"borderStyle":"Solid"},"childrenLayoutStrategy":{"areChildNodesDraggable":false,"topGap":0,"bottomGap":0,"growableNodeIds":["siriusComponents://nodeDescription?sourceKind=view&sourceId=74c5d045-51d7-359f-9634-611d0f1bef3d&sourceElementId=09bac8f5-e6f0-3fb0-a612-a7242d9a256c"],"kind":"List"},"borderNodes":[],"childNodes":[{"id":"799c3970-d08e-3de8-8637-742e36541f71","type":"node:rectangle","targetObjectId":"e6658802-1c5e-432a-b3a4-e7477f552dd2","targetObjectKind":"siriusComponents://semantic?domain=sysml&entity=PerformActionUsage","targetObjectLabel":"","descriptionId":"siriusComponents://nodeDescription?sourceKind=view&sourceId=74c5d045-51d7-359f-9634-611d0f1bef3d&sourceElementId=0cbcdebe-c87d-3e4d-ab50-fe886f65cee6","borderNode":false,"modifiers":["Hidden"],"state":"Hidden","collapsingState":"EXPANDED","insideLabel":{"id":"b4b8f084-fb5b-367b-95ed-75a04d724f4a","text":"doc","insideLabelLocation":"TOP_CENTER","style":{"color":"#000000","fontSize":12,"bold":false,"italic":true,"underline":false,"strikeThrough":false,"iconURL":[],"background":"transparent","borderColor":"black","borderSize":0,"borderRadius":3,"borderStyle":"Solid","maxWidth":null},"isHeader":true,"headerSeparatorDisplayMode":"NEVER","overflowStrategy":"NONE","textAlign":"CENTER"},"outsideLabels":[],"style":{"background":"transparent","borderColor":"#000000","borderSize":1,"borderRadius":0,"borderStyle":"Solid"},"childrenLayoutStrategy":{"areChildNodesDraggable":true,"topGap":0,"bottomGap":10,"growableNodeIds":[],"kind":"List"},"borderNodes":[],"childNodes":[],"defaultWidth":125,"defaultHeight":60,"labelEditable":false,"pinned":false},{"id":"f0cc7c72-32e9-3272-9f5c-87b4766c9ef3","type":"node:rectangle","targetObjectId":"e6658802-1c5e-432a-b3a4-e7477f552dd2","targetObjectKind":"siriusComponents://semantic?domain=sysml&entity=PerformActionUsage","targetObjectLabel":"","descriptionId":"siriusComponents://nodeDescription?sourceKind=view&sourceId=74c5d045-51d7-359f-9634-611d0f1bef3d&sourceElementId=09bac8f5-e6f0-3fb0-a612-a7242d9a256c","borderNode":false,"modifiers":["Hidden"],"state":"Hidden","collapsingState":"EXPANDED","insideLabel":{"id":"fea2a1e9-26f9-3ed3-82f1-30b50903008e","text":"action flow","insideLabelLocation":"TOP_CENTER","style":{"color":"#000000","fontSize":12,"bold":false,"italic":true,"underline":false,"strikeThrough":false,"iconURL":[],"background":"transparent","borderColor":"black","borderSize":0,"borderRadius":3,"borderStyle":"Solid","maxWidth":null},"isHeader":true,"headerSeparatorDisplayMode":"NEVER","overflowStrategy":"NONE","textAlign":"CENTER"},"outsideLabels":[],"style":{"background":"transparent","borderColor":"#000000","borderSize":1,"borderRadius":0,"borderStyle":"Solid"},"childrenLayoutStrategy":{"kind":"FreeForm"},"borderNodes":[],"childNodes":[],"defaultWidth":125,"defaultHeight":150,"labelEditable":false,"pinned":false}],"defaultWidth":150,"defaultHeight":60,"labelEditable":true,"pinned":false}],"defaultWidth":700,"defaultHeight":400,"labelEditable":true,"pinned":false}],"edges":[],"layoutData":{"nodeLayoutData":{"371f9187-88eb-350e-a9f2-5ad063c97060":{"id":"371f9187-88eb-350e-a9f2-5ad063c97060","position":{"x":0.0,"y":0.0},"size":{"width":741.340904209622,"height":400.0},"resizedByUser":false},"dd41088e-6bc6-3938-91fd-8b7060a8ba18":{"id":"dd41088e-6bc6-3938-91fd-8b7060a8ba18","position":{"x":0.0,"y":0.0},"size":{"width":125.0,"height":150.0},"resizedByUser":false},"b54c030b-8ce5-3daf-9832-abbd6a3571df":{"id":"b54c030b-8ce5-3daf-9832-abbd6a3571df","position":{"x":379.10652920962195,"y":50.0},"size":{"width":167.1171875,"height":60.0},"resizedByUser":false},"dc5374df-da1d-311c-b890-b1f5f0023712":{"id":"dc5374df-da1d-311c-b890-b1f5f0023712","position":{"x":566.223716709622,"y":50.0},"size":{"width":167.1171875,"height":60.0},"resizedByUser":false},"799c3970-d08e-3de8-8637-742e36541f71":{"id":"799c3970-d08e-3de8-8637-742e36541f71","position":{"x":0.0,"y":0.0},"size":{"width":125.0,"height":60.0},"resizedByUser":false},"f0cc7c72-32e9-3272-9f5c-87b4766c9ef3":{"id":"f0cc7c72-32e9-3272-9f5c-87b4766c9ef3","position":{"x":0.0,"y":0.0},"size":{"width":125.0,"height":150.0},"resizedByUser":false},"e4d075ef-b229-3d93-8ea5-9f118b284a52":{"id":"e4d075ef-b229-3d93-8ea5-9f118b284a52","position":{"x":0.0,"y":0.0},"size":{"width":125.0,"height":60.0},"resizedByUser":false}},"edgeLayoutData":{},"labelLayoutData":{}}}}