{"id":"77ef4c1e-b894-48f5-a40a-dfa8ef6ed377","projectId":"6d1c97fb-a2c7-4dee-9b68-42a2f344cfeb","descriptionId":"siriusComponents://representationDescription?kind=diagramDescription&sourceKind=view&sourceId=74c5d045-51d7-359f-9634-611d0f1bef3d&sourceElementId=e1bd3b6d-357b-3068-b2e9-e0c1e19d6856","targetObjectId":"befad066-14a4-4678-af9d-9222545cb1cc","label":"Interconnection View","kind":"siriusComponents://representation?type=Diagram","representation":{"id":"77ef4c1e-b894-48f5-a40a-dfa8ef6ed377","kind":"siriusComponents://representation?type=Diagram","targetObjectId":"befad066-14a4-4678-af9d-9222545cb1cc","descriptionId":"siriusComponents://representationDescription?kind=diagramDescription&sourceKind=view&sourceId=74c5d045-51d7-359f-9634-611d0f1bef3d&sourceElementId=e1bd3b6d-357b-3068-b2e9-e0c1e19d6856","label":"Interconnection View","nodes":[{"id":"6f2e5d8c-04d5-39ff-b3a5-db13b93b9ad7","type":"node:rectangle","targetObjectId":"befad066-14a4-4678-af9d-9222545cb1cc","targetObjectKind":"siriusComponents://semantic?domain=sysml&entity=PartUsage","targetObjectLabel":"context","descriptionId":"siriusComponents://nodeDescription?sourceKind=view&sourceId=74c5d045-51d7-359f-9634-611d0f1bef3d&sourceElementId=4055a909-560d-3db5-a777-ea29c14cc2c2","borderNode":false,"modifiers":[],"state":"Normal","collapsingState":"EXPANDED","insideLabel":{"id":"48d1dcd6-29c8-3901-b476-d15f71b88f89","text":"«part»\ncontext : InternalAir","insideLabelLocation":"TOP_CENTER","style":{"color":"#000000","fontSize":14,"bold":false,"italic":false,"underline":false,"strikeThrough":false,"iconURL":["/icons/full/obj16/PartUsage.svg"],"background":"transparent","borderColor":"black","borderSize":0,"borderRadius":3,"borderStyle":"Solid","maxWidth":null},"isHeader":true,"headerSeparatorDisplayMode":"NEVER","overflowStrategy":"NONE","textAlign":"CENTER"},"outsideLabels":[],"style":{"background":"#ffffff","borderColor":"#000000","borderSize":1,"borderRadius":10,"borderStyle":"Solid"},"childrenLayoutStrategy":{"kind":"FreeForm"},"borderNodes":[],"childNodes":[{"id":"0c990d45-e315-3525-bb1a-7f80dd4d650d","type":"node:rectangle","targetObjectId":"814e7d55-ab2b-47d1-876a-6d9538bb68b3","targetObjectKind":"siriusComponents://semantic?domain=sysml&entity=PartUsage","targetObjectLabel":"externalAir","descriptionId":"siriusComponents://nodeDescription?sourceKind=view&sourceId=74c5d045-51d7-359f-9634-611d0f1bef3d&sourceElementId=700133eb-7806-3dce-98d2-9ec37d212aaa","borderNode":false,"modifiers":[],"state":"Normal","collapsingState":"EXPANDED","insideLabel":{"id":"c7f9d2a3-7d29-3d2f-b268-21e47c135547","text":"«part»\nexternalAir : ExternalAir","insideLabelLocation":"TOP_CENTER","style":{"color":"#000000","fontSize":14,"bold":false,"italic":false,"underline":false,"strikeThrough":false,"iconURL":["/icons/full/obj16/PartUsage.svg"],"background":"transparent","borderColor":"black","borderSize":0,"borderRadius":3,"borderStyle":"Solid","maxWidth":null},"isHeader":true,"headerSeparatorDisplayMode":"IF_CHILDREN","overflowStrategy":"NONE","textAlign":"CENTER"},"outsideLabels":[],"style":{"background":"#ffffff","borderColor":"#000000","borderSize":1,"borderRadius":10,"borderStyle":"Solid"},"childrenLayoutStrategy":{"areChildNodesDraggable":false,"topGap":0,"bottomGap":0,"growableNodeIds":["siriusComponents://nodeDescription?sourceKind=view&sourceId=74c5d045-51d7-359f-9634-611d0f1bef3d&sourceElementId=a77b4c6c-526d-3fe4-822b-de505f743123"],"kind":"List"},"borderNodes":[{"id":"58701b90-8e22-3a9f-a108-f27005c554b7","type":"node:image","targetObjectId":"99ee9e7f-b24b-4d0a-a4ee-1cdabff570b9","targetObjectKind":"siriusComponents://semantic?domain=sysml&entity=PortUsage","targetObjectLabel":"Air_inout","descriptionId":"siriusComponents://nodeDescription?sourceKind=view&sourceId=74c5d045-51d7-359f-9634-611d0f1bef3d&sourceElementId=de70405c-a973-3bca-88a6-c6829548952d","borderNode":true,"modifiers":[],"state":"Normal","collapsingState":"EXPANDED","insideLabel":null,"outsideLabels":[{"id":"69a787b3-63f5-393f-b193-fb0ef13a1f8b","text":"Air_inout","outsideLabelLocation":"BOTTOM_MIDDLE","style":{"color":"#000000","fontSize":12,"bold":false,"italic":false,"underline":false,"strikeThrough":false,"iconURL":[],"background":"transparent","borderColor":"black","borderSize":0,"borderRadius":3,"borderStyle":"Solid","maxWidth":null},"overflowStrategy":"NONE","textAlign":"LEFT"}],"style":{"imageURL":"/images/Feature_Inout.svg","scalingFactor":1,"borderColor":"#000000","borderSize":1,"borderRadius":0,"borderStyle":"Solid","positionDependentRotation":true},"childrenLayoutStrategy":null,"borderNodes":[],"childNodes":[],"defaultWidth":10,"defaultHeight":10,"labelEditable":true,"pinned":false},{"id":"883b8a1d-0d12-3ea6-9609-06db7a9601ca","type":"node:image","targetObjectId":"3bdf27b9-5b20-4e11-913b-b6588f4d5927","targetObjectKind":"siriusComponents://semantic?domain=sysml&entity=PortUsage","targetObjectLabel":"Air_out","descriptionId":"siriusComponents://nodeDescription?sourceKind=view&sourceId=74c5d045-51d7-359f-9634-611d0f1bef3d&sourceElementId=de70405c-a973-3bca-88a6-c6829548952d","borderNode":true,"modifiers":[],"state":"Normal","collapsingState":"EXPANDED","insideLabel":null,"outsideLabels":[{"id":"60030ca9-4116-3cd7-9226-e520bb54c7f3","text":"Air_out","outsideLabelLocation":"BOTTOM_MIDDLE","style":{"color":"#000000","fontSize":12,"bold":false,"italic":false,"underline":false,"strikeThrough":false,"iconURL":[],"background":"transparent","borderColor":"black","borderSize":0,"borderRadius":3,"borderStyle":"Solid","maxWidth":null},"overflowStrategy":"NONE","textAlign":"LEFT"}],"style":{"imageURL":"/images/Feature_Out.svg","scalingFactor":1,"borderColor":"#000000","borderSize":1,"borderRadius":0,"borderStyle":"Solid","positionDependentRotation":true},"childrenLayoutStrategy":null,"borderNodes":[],"childNodes":[],"defaultWidth":10,"defaultHeight":10,"labelEditable":true,"pinned":false}],"childNodes":[{"id":"f5e9ff37-cbfd-391e-a376-a3f89268d874","type":"node:rectangle","targetObjectId":"814e7d55-ab2b-47d1-876a-6d9538bb68b3","targetObjectKind":"siriusComponents://semantic?domain=sysml&entity=PartUsage","targetObjectLabel":"externalAir","descriptionId":"siriusComponents://nodeDescription?sourceKind=view&sourceId=74c5d045-51d7-359f-9634-611d0f1bef3d&sourceElementId=9f871f18-dbda-3798-8e28-094acfae6a2d","borderNode":false,"modifiers":["Hidden"],"state":"Hidden","collapsingState":"EXPANDED","insideLabel":{"id":"5d396bf3-e344-3cd8-a0f2-99498087ed27","text":"doc","insideLabelLocation":"TOP_CENTER","style":{"color":"#000000","fontSize":12,"bold":false,"italic":true,"underline":false,"strikeThrough":false,"iconURL":[],"background":"transparent","borderColor":"black","borderSize":0,"borderRadius":3,"borderStyle":"Solid","maxWidth":null},"isHeader":true,"headerSeparatorDisplayMode":"NEVER","overflowStrategy":"NONE","textAlign":"CENTER"},"outsideLabels":[],"style":{"background":"transparent","borderColor":"#000000","borderSize":1,"borderRadius":0,"borderStyle":"Solid"},"childrenLayoutStrategy":{"areChildNodesDraggable":true,"topGap":0,"bottomGap":10,"growableNodeIds":[],"kind":"List"},"borderNodes":[],"childNodes":[],"defaultWidth":125,"defaultHeight":60,"labelEditable":false,"pinned":false},{"id":"f7d525ed-1159-3d9a-bebc-36f3d89ad3bc","type":"node:rectangle","targetObjectId":"814e7d55-ab2b-47d1-876a-6d9538bb68b3","targetObjectKind":"siriusComponents://semantic?domain=sysml&entity=PartUsage","targetObjectLabel":"externalAir","descriptionId":"siriusComponents://nodeDescription?sourceKind=view&sourceId=74c5d045-51d7-359f-9634-611d0f1bef3d&sourceElementId=85d2283f-c727-34f0-ba1b-695e544d15a7","borderNode":false,"modifiers":["Hidden"],"state":"Hidden","collapsingState":"EXPANDED","insideLabel":{"id":"75814f9c-a751-3b48-9182-3c12f2ba012c","text":"attributes","insideLabelLocation":"TOP_CENTER","style":{"color":"#000000","fontSize":12,"bold":false,"italic":true,"underline":false,"strikeThrough":false,"iconURL":[],"background":"transparent","borderColor":"black","borderSize":0,"borderRadius":3,"borderStyle":"Solid","maxWidth":null},"isHeader":true,"headerSeparatorDisplayMode":"NEVER","overflowStrategy":"NONE","textAlign":"CENTER"},"outsideLabels":[],"style":{"background":"transparent","borderColor":"#000000","borderSize":1,"borderRadius":0,"borderStyle":"Solid"},"childrenLayoutStrategy":{"areChildNodesDraggable":true,"topGap":0,"bottomGap":10,"growableNodeIds":[],"kind":"List"},"borderNodes":[],"childNodes":[{"id":"69988b99-c2d6-37ef-9910-ccfec22158f1","type":"node:icon-label","targetObjectId":"82f04846-bd3a-43cf-b6c7-87f513b83b7f","targetObjectKind":"siriusComponents://semantic?domain=sysml&entity=AttributeUsage","targetObjectLabel":"temperature","descriptionId":"siriusComponents://nodeDescription?sourceKind=view&sourceId=74c5d045-51d7-359f-9634-611d0f1bef3d&sourceElementId=476c2177-8dca-3dfc-a55d-d5ab09e6eaf2","borderNode":false,"modifiers":[],"state":"Hidden","collapsingState":"EXPANDED","insideLabel":{"id":"9bb18c3c-6cc7-3802-a14f-8c1e53315806","text":"^temperature : ScalarValues::Real","insideLabelLocation":"TOP_LEFT","style":{"color":"#000000","fontSize":14,"bold":false,"italic":true,"underline":false,"strikeThrough":false,"iconURL":["/icons/full/obj16/AttributeUsage.svg"],"background":"transparent","borderColor":"black","borderSize":0,"borderRadius":3,"borderStyle":"Solid","maxWidth":null},"isHeader":false,"headerSeparatorDisplayMode":"NEVER","overflowStrategy":"WRAP","textAlign":"LEFT"},"outsideLabels":[],"style":{"background":"transparent"},"childrenLayoutStrategy":null,"borderNodes":[],"childNodes":[],"defaultWidth":125,"defaultHeight":15,"labelEditable":false,"pinned":false},{"id":"d7e3a6fe-5e69-3a2d-b76f-8f0f0de72899","type":"node:icon-label","targetObjectId":"824da604-97bc-4f7e-bb68-48af7b2c51c2","targetObjectKind":"siriusComponents://semantic?domain=sysml&entity=AttributeUsage","targetObjectLabel":"humidity","descriptionId":"siriusComponents://nodeDescription?sourceKind=view&sourceId=74c5d045-51d7-359f-9634-611d0f1bef3d&sourceElementId=476c2177-8dca-3dfc-a55d-d5ab09e6eaf2","borderNode":false,"modifiers":[],"state":"Hidden","collapsingState":"EXPANDED","insideLabel":{"id":"868e6e35-1201-32ac-9832-a81461365771","text":"^humidity : ScalarValues::Real","insideLabelLocation":"TOP_LEFT","style":{"color":"#000000","fontSize":14,"bold":false,"italic":true,"underline":false,"strikeThrough":false,"iconURL":["/icons/full/obj16/AttributeUsage.svg"],"background":"transparent","borderColor":"black","borderSize":0,"borderRadius":3,"borderStyle":"Solid","maxWidth":null},"isHeader":false,"headerSeparatorDisplayMode":"NEVER","overflowStrategy":"WRAP","textAlign":"LEFT"},"outsideLabels":[],"style":{"background":"transparent"},"childrenLayoutStrategy":null,"borderNodes":[],"childNodes":[],"defaultWidth":125,"defaultHeight":15,"labelEditable":false,"pinned":false}],"defaultWidth":125,"defaultHeight":60,"labelEditable":false,"pinned":false},{"id":"a3c714af-ffe5-396b-a081-bd9a4a543058","type":"node:rectangle","targetObjectId":"814e7d55-ab2b-47d1-876a-6d9538bb68b3","targetObjectKind":"siriusComponents://semantic?domain=sysml&entity=PartUsage","targetObjectLabel":"externalAir","descriptionId":"siriusComponents://nodeDescription?sourceKind=view&sourceId=74c5d045-51d7-359f-9634-611d0f1bef3d&sourceElementId=a77b4c6c-526d-3fe4-822b-de505f743123","borderNode":false,"modifiers":["Hidden"],"state":"Hidden","collapsingState":"EXPANDED","insideLabel":{"id":"10bae287-1490-30b7-ac92-6316228dcdc5","text":"parts","insideLabelLocation":"TOP_CENTER","style":{"color":"#000000","fontSize":12,"bold":false,"italic":true,"underline":false,"strikeThrough":false,"iconURL":[],"background":"transparent","borderColor":"black","borderSize":0,"borderRadius":3,"borderStyle":"Solid","maxWidth":null},"isHeader":true,"headerSeparatorDisplayMode":"NEVER","overflowStrategy":"NONE","textAlign":"CENTER"},"outsideLabels":[],"style":{"background":"transparent","borderColor":"#000000","borderSize":1,"borderRadius":0,"borderStyle":"Solid"},"childrenLayoutStrategy":{"kind":"FreeForm"},"borderNodes":[],"childNodes":[],"defaultWidth":125,"defaultHeight":150,"labelEditable":false,"pinned":false}],"defaultWidth":150,"defaultHeight":60,"labelEditable":true,"pinned":false},{"id":"01a6dedf-9a8f-309b-8306-389d3be8525a","type":"node:rectangle","targetObjectId":"ac57f151-989b-409e-9d00-fb0ff0bbd790","targetObjectKind":"siriusComponents://semantic?domain=sysml&entity=PartUsage","targetObjectLabel":"internalAir","descriptionId":"siriusComponents://nodeDescription?sourceKind=view&sourceId=74c5d045-51d7-359f-9634-611d0f1bef3d&sourceElementId=700133eb-7806-3dce-98d2-9ec37d212aaa","borderNode":false,"modifiers":[],"state":"Normal","collapsingState":"EXPANDED","insideLabel":{"id":"dfce83e4-8425-35e1-bc1e-cbb9118f65a1","text":"«part»\ninternalAir : InternalAir","insideLabelLocation":"TOP_CENTER","style":{"color":"#000000","fontSize":14,"bold":false,"italic":false,"underline":false,"strikeThrough":false,"iconURL":["/icons/full/obj16/PartUsage.svg"],"background":"transparent","borderColor":"black","borderSize":0,"borderRadius":3,"borderStyle":"Solid","maxWidth":null},"isHeader":true,"headerSeparatorDisplayMode":"IF_CHILDREN","overflowStrategy":"NONE","textAlign":"CENTER"},"outsideLabels":[],"style":{"background":"#ffffff","borderColor":"#000000","borderSize":1,"borderRadius":10,"borderStyle":"Solid"},"childrenLayoutStrategy":{"areChildNodesDraggable":false,"topGap":0,"bottomGap":0,"growableNodeIds":["siriusComponents://nodeDescription?sourceKind=view&sourceId=74c5d045-51d7-359f-9634-611d0f1bef3d&sourceElementId=a77b4c6c-526d-3fe4-822b-de505f743123"],"kind":"List"},"borderNodes":[{"id":"b321edeb-d2da-320e-be03-0ed221b51826","type":"node:image","targetObjectId":"544c89f1-341e-4610-8022-bc8252e9d698","targetObjectKind":"siriusComponents://semantic?domain=sysml&entity=PortUsage","targetObjectLabel":"Air_inout","descriptionId":"siriusComponents://nodeDescription?sourceKind=view&sourceId=74c5d045-51d7-359f-9634-611d0f1bef3d&sourceElementId=de70405c-a973-3bca-88a6-c6829548952d","borderNode":true,"modifiers":[],"state":"Normal","collapsingState":"EXPANDED","insideLabel":null,"outsideLabels":[{"id":"dc70de39-1a61-3975-86fd-040a3781979b","text":"Air_inout","outsideLabelLocation":"BOTTOM_MIDDLE","style":{"color":"#000000","fontSize":12,"bold":false,"italic":false,"underline":false,"strikeThrough":false,"iconURL":[],"background":"transparent","borderColor":"black","borderSize":0,"borderRadius":3,"borderStyle":"Solid","maxWidth":null},"overflowStrategy":"NONE","textAlign":"LEFT"}],"style":{"imageURL":"/images/Feature_Inout.svg","scalingFactor":1,"borderColor":"#000000","borderSize":1,"borderRadius":0,"borderStyle":"Solid","positionDependentRotation":true},"childrenLayoutStrategy":null,"borderNodes":[],"childNodes":[],"defaultWidth":10,"defaultHeight":10,"labelEditable":true,"pinned":false},{"id":"92912f2d-4f95-3d0b-9836-edcf80e372f9","type":"node:image","targetObjectId":"875b4cc1-1c40-4df3-b305-769b2732f940","targetObjectKind":"siriusComponents://semantic?domain=sysml&entity=PortUsage","targetObjectLabel":"ConditionedAir_in","descriptionId":"siriusComponents://nodeDescription?sourceKind=view&sourceId=74c5d045-51d7-359f-9634-611d0f1bef3d&sourceElementId=de70405c-a973-3bca-88a6-c6829548952d","borderNode":true,"modifiers":[],"state":"Normal","collapsingState":"EXPANDED","insideLabel":null,"outsideLabels":[{"id":"2caf4b09-92df-365a-a790-d5a3cdba6d51","text":"ConditionedAir_in","outsideLabelLocation":"BOTTOM_MIDDLE","style":{"color":"#000000","fontSize":12,"bold":false,"italic":false,"underline":false,"strikeThrough":false,"iconURL":[],"background":"transparent","borderColor":"black","borderSize":0,"borderRadius":3,"borderStyle":"Solid","maxWidth":null},"overflowStrategy":"NONE","textAlign":"LEFT"}],"style":{"imageURL":"/images/Feature_In.svg","scalingFactor":1,"borderColor":"#000000","borderSize":1,"borderRadius":0,"borderStyle":"Solid","positionDependentRotation":true},"childrenLayoutStrategy":null,"borderNodes":[],"childNodes":[],"defaultWidth":10,"defaultHeight":10,"labelEditable":true,"pinned":false},{"id":"c61dda32-c12c-34ce-a803-c5d8ce0d263c","type":"node:image","targetObjectId":"a8f50a00-64d6-4154-bfac-44caa47480f3","targetObjectKind":"siriusComponents://semantic?domain=sysml&entity=PortUsage","targetObjectLabel":"port","descriptionId":"siriusComponents://nodeDescription?sourceKind=view&sourceId=74c5d045-51d7-359f-9634-611d0f1bef3d&sourceElementId=de70405c-a973-3bca-88a6-c6829548952d","borderNode":true,"modifiers":[],"state":"Normal","collapsingState":"EXPANDED","insideLabel":null,"outsideLabels":[{"id":"e3161342-133d-303d-aa2e-ed9c2e3e9467","text":"port","outsideLabelLocation":"BOTTOM_MIDDLE","style":{"color":"#000000","fontSize":12,"bold":false,"italic":false,"underline":false,"strikeThrough":false,"iconURL":[],"background":"transparent","borderColor":"black","borderSize":0,"borderRadius":3,"borderStyle":"Solid","maxWidth":null},"overflowStrategy":"NONE","textAlign":"LEFT"}],"style":{"imageURL":"/images/Feature_Out.svg","scalingFactor":1,"borderColor":"#000000","borderSize":1,"borderRadius":0,"borderStyle":"Solid","positionDependentRotation":true},"childrenLayoutStrategy":null,"borderNodes":[],"childNodes":[],"defaultWidth":10,"defaultHeight":10,"labelEditable":true,"pinned":false}],"childNodes":[{"id":"569b9213-bdcc-352d-9b5a-4f8353d38c69","type":"node:rectangle","targetObjectId":"ac57f151-989b-409e-9d00-fb0ff0bbd790","targetObjectKind":"siriusComponents://semantic?domain=sysml&entity=PartUsage","targetObjectLabel":"internalAir","descriptionId":"siriusComponents://nodeDescription?sourceKind=view&sourceId=74c5d045-51d7-359f-9634-611d0f1bef3d&sourceElementId=9f871f18-dbda-3798-8e28-094acfae6a2d","borderNode":false,"modifiers":["Hidden"],"state":"Hidden","collapsingState":"EXPANDED","insideLabel":{"id":"d5e2f9fa-5485-3b4c-8db8-bb03abbf7849","text":"doc","insideLabelLocation":"TOP_CENTER","style":{"color":"#000000","fontSize":12,"bold":false,"italic":true,"underline":false,"strikeThrough":false,"iconURL":[],"background":"transparent","borderColor":"black","borderSize":0,"borderRadius":3,"borderStyle":"Solid","maxWidth":null},"isHeader":true,"headerSeparatorDisplayMode":"NEVER","overflowStrategy":"NONE","textAlign":"CENTER"},"outsideLabels":[],"style":{"background":"transparent","borderColor":"#000000","borderSize":1,"borderRadius":0,"borderStyle":"Solid"},"childrenLayoutStrategy":{"areChildNodesDraggable":true,"topGap":0,"bottomGap":10,"growableNodeIds":[],"kind":"List"},"borderNodes":[],"childNodes":[],"defaultWidth":125,"defaultHeight":60,"labelEditable":false,"pinned":false},{"id":"88ebba91-a40a-32fa-8a8e-094f22ce9a2e","type":"node:rectangle","targetObjectId":"ac57f151-989b-409e-9d00-fb0ff0bbd790","targetObjectKind":"siriusComponents://semantic?domain=sysml&entity=PartUsage","targetObjectLabel":"internalAir","descriptionId":"siriusComponents://nodeDescription?sourceKind=view&sourceId=74c5d045-51d7-359f-9634-611d0f1bef3d&sourceElementId=85d2283f-c727-34f0-ba1b-695e544d15a7","borderNode":false,"modifiers":["Hidden"],"state":"Hidden","collapsingState":"EXPANDED","insideLabel":{"id":"c30ee839-8826-31fa-a59f-14b51d98b395","text":"attributes","insideLabelLocation":"TOP_CENTER","style":{"color":"#000000","fontSize":12,"bold":false,"italic":true,"underline":false,"strikeThrough":false,"iconURL":[],"background":"transparent","borderColor":"black","borderSize":0,"borderRadius":3,"borderStyle":"Solid","maxWidth":null},"isHeader":true,"headerSeparatorDisplayMode":"NEVER","overflowStrategy":"NONE","textAlign":"CENTER"},"outsideLabels":[],"style":{"background":"transparent","borderColor":"#000000","borderSize":1,"borderRadius":0,"borderStyle":"Solid"},"childrenLayoutStrategy":{"areChildNodesDraggable":true,"topGap":0,"bottomGap":10,"growableNodeIds":[],"kind":"List"},"borderNodes":[],"childNodes":[{"id":"9607f552-3f4e-3db5-8914-467305d7a8df","type":"node:icon-label","targetObjectId":"bca73cbc-3bb7-47fd-bd66-a5ee8e9d433b","targetObjectKind":"siriusComponents://semantic?domain=sysml&entity=AttributeUsage","targetObjectLabel":"temperature","descriptionId":"siriusComponents://nodeDescription?sourceKind=view&sourceId=74c5d045-51d7-359f-9634-611d0f1bef3d&sourceElementId=476c2177-8dca-3dfc-a55d-d5ab09e6eaf2","borderNode":false,"modifiers":[],"state":"Hidden","collapsingState":"EXPANDED","insideLabel":{"id":"2e2ffdbd-fcd3-3316-8b46-69c4ad6287d2","text":"^temperature : ScalarValues::Real","insideLabelLocation":"TOP_LEFT","style":{"color":"#000000","fontSize":14,"bold":false,"italic":true,"underline":false,"strikeThrough":false,"iconURL":["/icons/full/obj16/AttributeUsage.svg"],"background":"transparent","borderColor":"black","borderSize":0,"borderRadius":3,"borderStyle":"Solid","maxWidth":null},"isHeader":false,"headerSeparatorDisplayMode":"NEVER","overflowStrategy":"WRAP","textAlign":"LEFT"},"outsideLabels":[],"style":{"background":"transparent"},"childrenLayoutStrategy":null,"borderNodes":[],"childNodes":[],"defaultWidth":125,"defaultHeight":15,"labelEditable":false,"pinned":false},{"id":"eb2a7149-7208-3009-9917-0f46c30a382c","type":"node:icon-label","targetObjectId":"25916d3e-626b-4171-8b17-5b69ec8be55c","targetObjectKind":"siriusComponents://semantic?domain=sysml&entity=AttributeUsage","targetObjectLabel":"humidity","descriptionId":"siriusComponents://nodeDescription?sourceKind=view&sourceId=74c5d045-51d7-359f-9634-611d0f1bef3d&sourceElementId=476c2177-8dca-3dfc-a55d-d5ab09e6eaf2","borderNode":false,"modifiers":[],"state":"Hidden","collapsingState":"EXPANDED","insideLabel":{"id":"a58efee8-65a3-3f00-a071-92a48237f6f3","text":"^humidity : ScalarValues::Real","insideLabelLocation":"TOP_LEFT","style":{"color":"#000000","fontSize":14,"bold":false,"italic":true,"underline":false,"strikeThrough":false,"iconURL":["/icons/full/obj16/AttributeUsage.svg"],"background":"transparent","borderColor":"black","borderSize":0,"borderRadius":3,"borderStyle":"Solid","maxWidth":null},"isHeader":false,"headerSeparatorDisplayMode":"NEVER","overflowStrategy":"WRAP","textAlign":"LEFT"},"outsideLabels":[],"style":{"background":"transparent"},"childrenLayoutStrategy":null,"borderNodes":[],"childNodes":[],"defaultWidth":125,"defaultHeight":15,"labelEditable":false,"pinned":false}],"defaultWidth":125,"defaultHeight":60,"labelEditable":false,"pinned":false},{"id":"91d02e8e-1f31-3047-a4ca-52a57d9ea4bf","type":"node:rectangle","targetObjectId":"ac57f151-989b-409e-9d00-fb0ff0bbd790","targetObjectKind":"siriusComponents://semantic?domain=sysml&entity=PartUsage","targetObjectLabel":"internalAir","descriptionId":"siriusComponents://nodeDescription?sourceKind=view&sourceId=74c5d045-51d7-359f-9634-611d0f1bef3d&sourceElementId=a77b4c6c-526d-3fe4-822b-de505f743123","borderNode":false,"modifiers":["Hidden"],"state":"Hidden","collapsingState":"EXPANDED","insideLabel":{"id":"c4d18c3f-895d-3990-b7be-a9221ffba38e","text":"parts","insideLabelLocation":"TOP_CENTER","style":{"color":"#000000","fontSize":12,"bold":false,"italic":true,"underline":false,"strikeThrough":false,"iconURL":[],"background":"transparent","borderColor":"black","borderSize":0,"borderRadius":3,"borderStyle":"Solid","maxWidth":null},"isHeader":true,"headerSeparatorDisplayMode":"NEVER","overflowStrategy":"NONE","textAlign":"CENTER"},"outsideLabels":[],"style":{"background":"transparent","borderColor":"#000000","borderSize":1,"borderRadius":0,"borderStyle":"Solid"},"childrenLayoutStrategy":{"kind":"FreeForm"},"borderNodes":[],"childNodes":[],"defaultWidth":125,"defaultHeight":150,"labelEditable":false,"pinned":false}],"defaultWidth":150,"defaultHeight":60,"labelEditable":true,"pinned":false},{"id":"807ac38d-2ae7-36ad-a582-28238f73a0e9","type":"node:rectangle","targetObjectId":"4238646b-9163-4ee4-8972-afd96a2cb3be","targetObjectKind":"siriusComponents://semantic?domain=sysml&entity=PartUsage","targetObjectLabel":"cage","descriptionId":"siriusComponents://nodeDescription?sourceKind=view&sourceId=74c5d045-51d7-359f-9634-611d0f1bef3d&sourceElementId=700133eb-7806-3dce-98d2-9ec37d212aaa","borderNode":false,"modifiers":[],"state":"Normal","collapsingState":"EXPANDED","insideLabel":{"id":"1c5d6ba8-8ce7-3c80-a77c-7d5e6a77ba57","text":"«part»\ncage : ReptileCage","insideLabelLocation":"TOP_CENTER","style":{"color":"#000000","fontSize":14,"bold":false,"italic":false,"underline":false,"strikeThrough":false,"iconURL":["/icons/full/obj16/PartUsage.svg"],"background":"transparent","borderColor":"black","borderSize":0,"borderRadius":3,"borderStyle":"Solid","maxWidth":null},"isHeader":true,"headerSeparatorDisplayMode":"IF_CHILDREN","overflowStrategy":"NONE","textAlign":"CENTER"},"outsideLabels":[],"style":{"background":"#ffffff","borderColor":"#000000","borderSize":1,"borderRadius":10,"borderStyle":"Solid"},"childrenLayoutStrategy":{"areChildNodesDraggable":false,"topGap":0,"bottomGap":0,"growableNodeIds":["siriusComponents://nodeDescription?sourceKind=view&sourceId=74c5d045-51d7-359f-9634-611d0f1bef3d&sourceElementId=a77b4c6c-526d-3fe4-822b-de505f743123"],"kind":"List"},"borderNodes":[{"id":"3d21bd58-9433-30b0-b667-3d6d70d7ed36","type":"node:image","targetObjectId":"d75ed658-cf3c-496e-8f91-208862afb4c4","targetObjectKind":"siriusComponents://semantic?domain=sysml&entity=PortUsage","targetObjectLabel":"Electric Power_in","descriptionId":"siriusComponents://nodeDescription?sourceKind=view&sourceId=74c5d045-51d7-359f-9634-611d0f1bef3d&sourceElementId=de70405c-a973-3bca-88a6-c6829548952d","borderNode":true,"modifiers":[],"state":"Normal","collapsingState":"EXPANDED","insideLabel":null,"outsideLabels":[{"id":"e56a4366-7682-3379-aa8c-02aa7c31c6a4","text":"Electric Power_in","outsideLabelLocation":"BOTTOM_MIDDLE","style":{"color":"#000000","fontSize":12,"bold":false,"italic":false,"underline":false,"strikeThrough":false,"iconURL":[],"background":"transparent","borderColor":"black","borderSize":0,"borderRadius":3,"borderStyle":"Solid","maxWidth":null},"overflowStrategy":"NONE","textAlign":"LEFT"}],"style":{"imageURL":"/images/Feature_In.svg","scalingFactor":1,"borderColor":"#000000","borderSize":1,"borderRadius":0,"borderStyle":"Solid","positionDependentRotation":true},"childrenLayoutStrategy":null,"borderNodes":[],"childNodes":[],"defaultWidth":10,"defaultHeight":10,"labelEditable":true,"pinned":false},{"id":"e6e004c1-3600-382e-94a2-7f5fad1b711b","type":"node:image","targetObjectId":"6dcd159c-0d52-401f-9c5a-47cbdd24b0b0","targetObjectKind":"siriusComponents://semantic?domain=sysml&entity=PortUsage","targetObjectLabel":"ConditionedAir_out","descriptionId":"siriusComponents://nodeDescription?sourceKind=view&sourceId=74c5d045-51d7-359f-9634-611d0f1bef3d&sourceElementId=de70405c-a973-3bca-88a6-c6829548952d","borderNode":true,"modifiers":[],"state":"Normal","collapsingState":"EXPANDED","insideLabel":null,"outsideLabels":[{"id":"fbadf797-bca4-3f11-ad37-f96066f2e694","text":"ConditionedAir_out","outsideLabelLocation":"BOTTOM_MIDDLE","style":{"color":"#000000","fontSize":12,"bold":false,"italic":false,"underline":false,"strikeThrough":false,"iconURL":[],"background":"transparent","borderColor":"black","borderSize":0,"borderRadius":3,"borderStyle":"Solid","maxWidth":null},"overflowStrategy":"NONE","textAlign":"LEFT"}],"style":{"imageURL":"/images/Feature_Out.svg","scalingFactor":1,"borderColor":"#000000","borderSize":1,"borderRadius":0,"borderStyle":"Solid","positionDependentRotation":true},"childrenLayoutStrategy":null,"borderNodes":[],"childNodes":[],"defaultWidth":10,"defaultHeight":10,"labelEditable":true,"pinned":false},{"id":"7716df66-41eb-3cfc-a4a5-f9c2ff8bfcaa","type":"node:image","targetObjectId":"9027e4da-b372-474d-b719-aa3088ae1ca8","targetObjectKind":"siriusComponents://semantic?domain=sysml&entity=PortUsage","targetObjectLabel":"Air_in","descriptionId":"siriusComponents://nodeDescription?sourceKind=view&sourceId=74c5d045-51d7-359f-9634-611d0f1bef3d&sourceElementId=de70405c-a973-3bca-88a6-c6829548952d","borderNode":true,"modifiers":[],"state":"Normal","collapsingState":"EXPANDED","insideLabel":null,"outsideLabels":[{"id":"2d32e934-5c15-39ac-8753-38e529750094","text":"Air_in","outsideLabelLocation":"BOTTOM_MIDDLE","style":{"color":"#000000","fontSize":12,"bold":false,"italic":false,"underline":false,"strikeThrough":false,"iconURL":[],"background":"transparent","borderColor":"black","borderSize":0,"borderRadius":3,"borderStyle":"Solid","maxWidth":null},"overflowStrategy":"NONE","textAlign":"LEFT"}],"style":{"imageURL":"/images/Feature_In.svg","scalingFactor":1,"borderColor":"#000000","borderSize":1,"borderRadius":0,"borderStyle":"Solid","positionDependentRotation":true},"childrenLayoutStrategy":null,"borderNodes":[],"childNodes":[],"defaultWidth":10,"defaultHeight":10,"labelEditable":true,"pinned":false}],"childNodes":[{"id":"f9b45af3-7e74-3693-b472-b5f7e4ca28c7","type":"node:rectangle","targetObjectId":"4238646b-9163-4ee4-8972-afd96a2cb3be","targetObjectKind":"siriusComponents://semantic?domain=sysml&entity=PartUsage","targetObjectLabel":"cage","descriptionId":"siriusComponents://nodeDescription?sourceKind=view&sourceId=74c5d045-51d7-359f-9634-611d0f1bef3d&sourceElementId=9f871f18-dbda-3798-8e28-094acfae6a2d","borderNode":false,"modifiers":["Hidden"],"state":"Hidden","collapsingState":"EXPANDED","insideLabel":{"id":"2eb5301d-cf8c-3a34-b5b5-40cb5f7b46aa","text":"doc","insideLabelLocation":"TOP_CENTER","style":{"color":"#000000","fontSize":12,"bold":false,"italic":true,"underline":false,"strikeThrough":false,"iconURL":[],"background":"transparent","borderColor":"black","borderSize":0,"borderRadius":3,"borderStyle":"Solid","maxWidth":null},"isHeader":true,"headerSeparatorDisplayMode":"NEVER","overflowStrategy":"NONE","textAlign":"CENTER"},"outsideLabels":[],"style":{"background":"transparent","borderColor":"#000000","borderSize":1,"borderRadius":0,"borderStyle":"Solid"},"childrenLayoutStrategy":{"areChildNodesDraggable":true,"topGap":0,"bottomGap":10,"growableNodeIds":[],"kind":"List"},"borderNodes":[],"childNodes":[],"defaultWidth":125,"defaultHeight":60,"labelEditable":false,"pinned":false},{"id":"0de99fd1-18f4-3631-ab0c-0fc7e3006ef3","type":"node:rectangle","targetObjectId":"4238646b-9163-4ee4-8972-afd96a2cb3be","targetObjectKind":"siriusComponents://semantic?domain=sysml&entity=PartUsage","targetObjectLabel":"cage","descriptionId":"siriusComponents://nodeDescription?sourceKind=view&sourceId=74c5d045-51d7-359f-9634-611d0f1bef3d&sourceElementId=85d2283f-c727-34f0-ba1b-695e544d15a7","borderNode":false,"modifiers":["Hidden"],"state":"Hidden","collapsingState":"EXPANDED","insideLabel":{"id":"15e3e415-aa35-3d99-9818-b1224d60a135","text":"attributes","insideLabelLocation":"TOP_CENTER","style":{"color":"#000000","fontSize":12,"bold":false,"italic":true,"underline":false,"strikeThrough":false,"iconURL":[],"background":"transparent","borderColor":"black","borderSize":0,"borderRadius":3,"borderStyle":"Solid","maxWidth":null},"isHeader":true,"headerSeparatorDisplayMode":"NEVER","overflowStrategy":"NONE","textAlign":"CENTER"},"outsideLabels":[],"style":{"background":"transparent","borderColor":"#000000","borderSize":1,"borderRadius":0,"borderStyle":"Solid"},"childrenLayoutStrategy":{"areChildNodesDraggable":true,"topGap":0,"bottomGap":10,"growableNodeIds":[],"kind":"List"},"borderNodes":[],"childNodes":[{"id":"eba10886-f921-3b07-8604-1a49361ace05","type":"node:icon-label","targetObjectId":"55037fd4-58fd-4fe9-bbcf-353647ad26ac","targetObjectKind":"siriusComponents://semantic?domain=sysml&entity=AttributeUsage","targetObjectLabel":"temperature","descriptionId":"siriusComponents://nodeDescription?sourceKind=view&sourceId=74c5d045-51d7-359f-9634-611d0f1bef3d&sourceElementId=476c2177-8dca-3dfc-a55d-d5ab09e6eaf2","borderNode":false,"modifiers":[],"state":"Hidden","collapsingState":"EXPANDED","insideLabel":{"id":"eeddd610-76ce-3c4e-9fdc-f0e004e8b2d2","text":"^temperature : ScalarValues::Real","insideLabelLocation":"TOP_LEFT","style":{"color":"#000000","fontSize":14,"bold":false,"italic":true,"underline":false,"strikeThrough":false,"iconURL":["/icons/full/obj16/AttributeUsage.svg"],"background":"transparent","borderColor":"black","borderSize":0,"borderRadius":3,"borderStyle":"Solid","maxWidth":null},"isHeader":false,"headerSeparatorDisplayMode":"NEVER","overflowStrategy":"WRAP","textAlign":"LEFT"},"outsideLabels":[],"style":{"background":"transparent"},"childrenLayoutStrategy":null,"borderNodes":[],"childNodes":[],"defaultWidth":125,"defaultHeight":15,"labelEditable":false,"pinned":false},{"id":"16a0028b-0414-3373-9d38-dcea2bb5de4c","type":"node:icon-label","targetObjectId":"a56f9469-8dd0-4447-a08d-e9e4bf2a25f2","targetObjectKind":"siriusComponents://semantic?domain=sysml&entity=AttributeUsage","targetObjectLabel":"humidity","descriptionId":"siriusComponents://nodeDescription?sourceKind=view&sourceId=74c5d045-51d7-359f-9634-611d0f1bef3d&sourceElementId=476c2177-8dca-3dfc-a55d-d5ab09e6eaf2","borderNode":false,"modifiers":[],"state":"Hidden","collapsingState":"EXPANDED","insideLabel":{"id":"efa0ed3a-1792-35fc-8360-c12492d224a6","text":"^humidity : ScalarValues::Real","insideLabelLocation":"TOP_LEFT","style":{"color":"#000000","fontSize":14,"bold":false,"italic":true,"underline":false,"strikeThrough":false,"iconURL":["/icons/full/obj16/AttributeUsage.svg"],"background":"transparent","borderColor":"black","borderSize":0,"borderRadius":3,"borderStyle":"Solid","maxWidth":null},"isHeader":false,"headerSeparatorDisplayMode":"NEVER","overflowStrategy":"WRAP","textAlign":"LEFT"},"outsideLabels":[],"style":{"background":"transparent"},"childrenLayoutStrategy":null,"borderNodes":[],"childNodes":[],"defaultWidth":125,"defaultHeight":15,"labelEditable":false,"pinned":false}],"defaultWidth":125,"defaultHeight":60,"labelEditable":false,"pinned":false},{"id":"d1846d92-c4e7-30ec-a252-146873089012","type":"node:rectangle","targetObjectId":"4238646b-9163-4ee4-8972-afd96a2cb3be","targetObjectKind":"siriusComponents://semantic?domain=sysml&entity=PartUsage","targetObjectLabel":"cage","descriptionId":"siriusComponents://nodeDescription?sourceKind=view&sourceId=74c5d045-51d7-359f-9634-611d0f1bef3d&sourceElementId=a77b4c6c-526d-3fe4-822b-de505f743123","borderNode":false,"modifiers":["Hidden"],"state":"Hidden","collapsingState":"EXPANDED","insideLabel":{"id":"d9fef1a2-2170-34f8-8764-11ff346db075","text":"parts","insideLabelLocation":"TOP_CENTER","style":{"color":"#000000","fontSize":12,"bold":false,"italic":true,"underline":false,"strikeThrough":false,"iconURL":[],"background":"transparent","borderColor":"black","borderSize":0,"borderRadius":3,"borderStyle":"Solid","maxWidth":null},"isHeader":true,"headerSeparatorDisplayMode":"NEVER","overflowStrategy":"NONE","textAlign":"CENTER"},"outsideLabels":[],"style":{"background":"transparent","borderColor":"#000000","borderSize":1,"borderRadius":0,"borderStyle":"Solid"},"childrenLayoutStrategy":{"kind":"FreeForm"},"borderNodes":[],"childNodes":[],"defaultWidth":125,"defaultHeight":150,"labelEditable":false,"pinned":false}],"defaultWidth":150,"defaultHeight":60,"labelEditable":true,"pinned":false},{"id":"0be7cac0-9d3c-3bc8-b15e-4983ec73675d","type":"node:rectangle","targetObjectId":"65519a89-0d1a-41c3-b82e-d279944fe328","targetObjectKind":"siriusComponents://semantic?domain=sysml&entity=PartUsage","targetObjectLabel":"reptile","descriptionId":"siriusComponents://nodeDescription?sourceKind=view&sourceId=74c5d045-51d7-359f-9634-611d0f1bef3d&sourceElementId=700133eb-7806-3dce-98d2-9ec37d212aaa","borderNode":false,"modifiers":[],"state":"Normal","collapsingState":"EXPANDED","insideLabel":{"id":"3f95b014-21a1-399c-b3ee-3c74b5619470","text":"«part»\nreptile : Reptile","insideLabelLocation":"TOP_CENTER","style":{"color":"#000000","fontSize":14,"bold":false,"italic":false,"underline":false,"strikeThrough":false,"iconURL":["/icons/full/obj16/PartUsage.svg"],"background":"transparent","borderColor":"black","borderSize":0,"borderRadius":3,"borderStyle":"Solid","maxWidth":null},"isHeader":true,"headerSeparatorDisplayMode":"IF_CHILDREN","overflowStrategy":"NONE","textAlign":"CENTER"},"outsideLabels":[],"style":{"background":"#ffffff","borderColor":"#000000","borderSize":1,"borderRadius":10,"borderStyle":"Solid"},"childrenLayoutStrategy":{"areChildNodesDraggable":false,"topGap":0,"bottomGap":0,"growableNodeIds":["siriusComponents://nodeDescription?sourceKind=view&sourceId=74c5d045-51d7-359f-9634-611d0f1bef3d&sourceElementId=a77b4c6c-526d-3fe4-822b-de505f743123"],"kind":"List"},"borderNodes":[{"id":"45695135-6486-311a-98c4-3b56e8a8bb41","type":"node:image","targetObjectId":"1ae726dd-457d-4620-8d98-57b487c336fb","targetObjectKind":"siriusComponents://semantic?domain=sysml&entity=PortUsage","targetObjectLabel":"port","descriptionId":"siriusComponents://nodeDescription?sourceKind=view&sourceId=74c5d045-51d7-359f-9634-611d0f1bef3d&sourceElementId=de70405c-a973-3bca-88a6-c6829548952d","borderNode":true,"modifiers":[],"state":"Normal","collapsingState":"EXPANDED","insideLabel":null,"outsideLabels":[{"id":"5d37e7bf-837c-330d-a672-7a7239dee85e","text":"port","outsideLabelLocation":"BOTTOM_MIDDLE","style":{"color":"#000000","fontSize":12,"bold":false,"italic":false,"underline":false,"strikeThrough":false,"iconURL":[],"background":"transparent","borderColor":"black","borderSize":0,"borderRadius":3,"borderStyle":"Solid","maxWidth":null},"overflowStrategy":"NONE","textAlign":"LEFT"}],"style":{"imageURL":"/images/Feature_In.svg","scalingFactor":1,"borderColor":"#000000","borderSize":1,"borderRadius":0,"borderStyle":"Solid","positionDependentRotation":true},"childrenLayoutStrategy":null,"borderNodes":[],"childNodes":[],"defaultWidth":10,"defaultHeight":10,"labelEditable":true,"pinned":false}],"childNodes":[{"id":"142b0267-447a-3a98-bfcb-c85682865489","type":"node:rectangle","targetObjectId":"65519a89-0d1a-41c3-b82e-d279944fe328","targetObjectKind":"siriusComponents://semantic?domain=sysml&entity=PartUsage","targetObjectLabel":"reptile","descriptionId":"siriusComponents://nodeDescription?sourceKind=view&sourceId=74c5d045-51d7-359f-9634-611d0f1bef3d&sourceElementId=9f871f18-dbda-3798-8e28-094acfae6a2d","borderNode":false,"modifiers":["Hidden"],"state":"Hidden","collapsingState":"EXPANDED","insideLabel":{"id":"2f93d089-40d0-3308-82df-37ad363b4c41","text":"doc","insideLabelLocation":"TOP_CENTER","style":{"color":"#000000","fontSize":12,"bold":false,"italic":true,"underline":false,"strikeThrough":false,"iconURL":[],"background":"transparent","borderColor":"black","borderSize":0,"borderRadius":3,"borderStyle":"Solid","maxWidth":null},"isHeader":true,"headerSeparatorDisplayMode":"NEVER","overflowStrategy":"NONE","textAlign":"CENTER"},"outsideLabels":[],"style":{"background":"transparent","borderColor":"#000000","borderSize":1,"borderRadius":0,"borderStyle":"Solid"},"childrenLayoutStrategy":{"areChildNodesDraggable":true,"topGap":0,"bottomGap":10,"growableNodeIds":[],"kind":"List"},"borderNodes":[],"childNodes":[],"defaultWidth":125,"defaultHeight":60,"labelEditable":false,"pinned":false},{"id":"e9dbda66-20ed-3b0f-b68b-b5170580dd4f","type":"node:rectangle","targetObjectId":"65519a89-0d1a-41c3-b82e-d279944fe328","targetObjectKind":"siriusComponents://semantic?domain=sysml&entity=PartUsage","targetObjectLabel":"reptile","descriptionId":"siriusComponents://nodeDescription?sourceKind=view&sourceId=74c5d045-51d7-359f-9634-611d0f1bef3d&sourceElementId=85d2283f-c727-34f0-ba1b-695e544d15a7","borderNode":false,"modifiers":["Hidden"],"state":"Hidden","collapsingState":"EXPANDED","insideLabel":{"id":"18168353-2f89-3b2e-80e9-6c6b41a78657","text":"attributes","insideLabelLocation":"TOP_CENTER","style":{"color":"#000000","fontSize":12,"bold":false,"italic":true,"underline":false,"strikeThrough":false,"iconURL":[],"background":"transparent","borderColor":"black","borderSize":0,"borderRadius":3,"borderStyle":"Solid","maxWidth":null},"isHeader":true,"headerSeparatorDisplayMode":"NEVER","overflowStrategy":"NONE","textAlign":"CENTER"},"outsideLabels":[],"style":{"background":"transparent","borderColor":"#000000","borderSize":1,"borderRadius":0,"borderStyle":"Solid"},"childrenLayoutStrategy":{"areChildNodesDraggable":true,"topGap":0,"bottomGap":10,"growableNodeIds":[],"kind":"List"},"borderNodes":[],"childNodes":[],"defaultWidth":125,"defaultHeight":60,"labelEditable":false,"pinned":false},{"id":"22126728-4109-388a-a74a-2e8cfea9b495","type":"node:rectangle","targetObjectId":"65519a89-0d1a-41c3-b82e-d279944fe328","targetObjectKind":"siriusComponents://semantic?domain=sysml&entity=PartUsage","targetObjectLabel":"reptile","descriptionId":"siriusComponents://nodeDescription?sourceKind=view&sourceId=74c5d045-51d7-359f-9634-611d0f1bef3d&sourceElementId=a77b4c6c-526d-3fe4-822b-de505f743123","borderNode":false,"modifiers":["Hidden"],"state":"Hidden","collapsingState":"EXPANDED","insideLabel":{"id":"83162679-6610-3c90-85ca-f519d738c796","text":"parts","insideLabelLocation":"TOP_CENTER","style":{"color":"#000000","fontSize":12,"bold":false,"italic":true,"underline":false,"strikeThrough":false,"iconURL":[],"background":"transparent","borderColor":"black","borderSize":0,"borderRadius":3,"borderStyle":"Solid","maxWidth":null},"isHeader":true,"headerSeparatorDisplayMode":"NEVER","overflowStrategy":"NONE","textAlign":"CENTER"},"outsideLabels":[],"style":{"background":"transparent","borderColor":"#000000","borderSize":1,"borderRadius":0,"borderStyle":"Solid"},"childrenLayoutStrategy":{"kind":"FreeForm"},"borderNodes":[],"childNodes":[],"defaultWidth":125,"defaultHeight":150,"labelEditable":false,"pinned":false}],"defaultWidth":150,"defaultHeight":60,"labelEditable":true,"pinned":false},{"id":"05484e47-d322-398b-b2a0-edeb5408b625","type":"node:rectangle","targetObjectId":"c3709d3e-63d6-4230-88ad-a1c67de09360","targetObjectKind":"siriusComponents://semantic?domain=sysml&entity=PartUsage","targetObjectLabel":"powerSupply","descriptionId":"siriusComponents://nodeDescription?sourceKind=view&sourceId=74c5d045-51d7-359f-9634-611d0f1bef3d&sourceElementId=700133eb-7806-3dce-98d2-9ec37d212aaa","borderNode":false,"modifiers":[],"state":"Normal","collapsingState":"EXPANDED","insideLabel":{"id":"dba10918-c963-369c-81d8-492600b373a6","text":"«part»\npowerSupply : PowerSupply","insideLabelLocation":"TOP_CENTER","style":{"color":"#000000","fontSize":14,"bold":false,"italic":false,"underline":false,"strikeThrough":false,"iconURL":["/icons/full/obj16/PartUsage.svg"],"background":"transparent","borderColor":"black","borderSize":0,"borderRadius":3,"borderStyle":"Solid","maxWidth":null},"isHeader":true,"headerSeparatorDisplayMode":"IF_CHILDREN","overflowStrategy":"NONE","textAlign":"CENTER"},"outsideLabels":[],"style":{"background":"#ffffff","borderColor":"#000000","borderSize":1,"borderRadius":10,"borderStyle":"Solid"},"childrenLayoutStrategy":{"areChildNodesDraggable":false,"topGap":0,"bottomGap":0,"growableNodeIds":["siriusComponents://nodeDescription?sourceKind=view&sourceId=74c5d045-51d7-359f-9634-611d0f1bef3d&sourceElementId=a77b4c6c-526d-3fe4-822b-de505f743123"],"kind":"List"},"borderNodes":[{"id":"e136c144-fa3f-345e-9436-d9e536d3ce91","type":"node:image","targetObjectId":"928338f1-7e06-4c26-afe9-c10d92d22202","targetObjectKind":"siriusComponents://semantic?domain=sysml&entity=PortUsage","targetObjectLabel":"Electric Power_out","descriptionId":"siriusComponents://nodeDescription?sourceKind=view&sourceId=74c5d045-51d7-359f-9634-611d0f1bef3d&sourceElementId=de70405c-a973-3bca-88a6-c6829548952d","borderNode":true,"modifiers":[],"state":"Normal","collapsingState":"EXPANDED","insideLabel":null,"outsideLabels":[{"id":"fc47a674-2da2-3a3e-8205-0c9f1a605936","text":"Electric Power_out","outsideLabelLocation":"BOTTOM_MIDDLE","style":{"color":"#000000","fontSize":12,"bold":false,"italic":false,"underline":false,"strikeThrough":false,"iconURL":[],"background":"transparent","borderColor":"black","borderSize":0,"borderRadius":3,"borderStyle":"Solid","maxWidth":null},"overflowStrategy":"NONE","textAlign":"LEFT"}],"style":{"imageURL":"/images/Feature_Out.svg","scalingFactor":1,"borderColor":"#000000","borderSize":1,"borderRadius":0,"borderStyle":"Solid","positionDependentRotation":true},"childrenLayoutStrategy":null,"borderNodes":[],"childNodes":[],"defaultWidth":10,"defaultHeight":10,"labelEditable":true,"pinned":false}],"childNodes":[{"id":"7db7fcf6-7d64-355b-8caa-55a7bdd5d6cc","type":"node:rectangle","targetObjectId":"c3709d3e-63d6-4230-88ad-a1c67de09360","targetObjectKind":"siriusComponents://semantic?domain=sysml&entity=PartUsage","targetObjectLabel":"powerSupply","descriptionId":"siriusComponents://nodeDescription?sourceKind=view&sourceId=74c5d045-51d7-359f-9634-611d0f1bef3d&sourceElementId=9f871f18-dbda-3798-8e28-094acfae6a2d","borderNode":false,"modifiers":["Hidden"],"state":"Hidden","collapsingState":"EXPANDED","insideLabel":{"id":"5f293ace-fe55-3eeb-9b94-c73b1b94c6d9","text":"doc","insideLabelLocation":"TOP_CENTER","style":{"color":"#000000","fontSize":12,"bold":false,"italic":true,"underline":false,"strikeThrough":false,"iconURL":[],"background":"transparent","borderColor":"black","borderSize":0,"borderRadius":3,"borderStyle":"Solid","maxWidth":null},"isHeader":true,"headerSeparatorDisplayMode":"NEVER","overflowStrategy":"NONE","textAlign":"CENTER"},"outsideLabels":[],"style":{"background":"transparent","borderColor":"#000000","borderSize":1,"borderRadius":0,"borderStyle":"Solid"},"childrenLayoutStrategy":{"areChildNodesDraggable":true,"topGap":0,"bottomGap":10,"growableNodeIds":[],"kind":"List"},"borderNodes":[],"childNodes":[],"defaultWidth":125,"defaultHeight":60,"labelEditable":false,"pinned":false},{"id":"b34d8941-d464-3f20-824e-ab5b63a49558","type":"node:rectangle","targetObjectId":"c3709d3e-63d6-4230-88ad-a1c67de09360","targetObjectKind":"siriusComponents://semantic?domain=sysml&entity=PartUsage","targetObjectLabel":"powerSupply","descriptionId":"siriusComponents://nodeDescription?sourceKind=view&sourceId=74c5d045-51d7-359f-9634-611d0f1bef3d&sourceElementId=85d2283f-c727-34f0-ba1b-695e544d15a7","borderNode":false,"modifiers":["Hidden"],"state":"Hidden","collapsingState":"EXPANDED","insideLabel":{"id":"179076b8-f330-3799-914b-b07e3cc31f2f","text":"attributes","insideLabelLocation":"TOP_CENTER","style":{"color":"#000000","fontSize":12,"bold":false,"italic":true,"underline":false,"strikeThrough":false,"iconURL":[],"background":"transparent","borderColor":"black","borderSize":0,"borderRadius":3,"borderStyle":"Solid","maxWidth":null},"isHeader":true,"headerSeparatorDisplayMode":"NEVER","overflowStrategy":"NONE","textAlign":"CENTER"},"outsideLabels":[],"style":{"background":"transparent","borderColor":"#000000","borderSize":1,"borderRadius":0,"borderStyle":"Solid"},"childrenLayoutStrategy":{"areChildNodesDraggable":true,"topGap":0,"bottomGap":10,"growableNodeIds":[],"kind":"List"},"borderNodes":[],"childNodes":[],"defaultWidth":125,"defaultHeight":60,"labelEditable":false,"pinned":false},{"id":"db371416-85b8-3cdc-9e36-54ce58f3b2ac","type":"node:rectangle","targetObjectId":"c3709d3e-63d6-4230-88ad-a1c67de09360","targetObjectKind":"siriusComponents://semantic?domain=sysml&entity=PartUsage","targetObjectLabel":"powerSupply","descriptionId":"siriusComponents://nodeDescription?sourceKind=view&sourceId=74c5d045-51d7-359f-9634-611d0f1bef3d&sourceElementId=a77b4c6c-526d-3fe4-822b-de505f743123","borderNode":false,"modifiers":["Hidden"],"state":"Hidden","collapsingState":"EXPANDED","insideLabel":{"id":"57bb59aa-f926-36b8-a8f9-ab6bbdf6e923","text":"parts","insideLabelLocation":"TOP_CENTER","style":{"color":"#000000","fontSize":12,"bold":false,"italic":true,"underline":false,"strikeThrough":false,"iconURL":[],"background":"transparent","borderColor":"black","borderSize":0,"borderRadius":3,"borderStyle":"Solid","maxWidth":null},"isHeader":true,"headerSeparatorDisplayMode":"NEVER","overflowStrategy":"NONE","textAlign":"CENTER"},"outsideLabels":[],"style":{"background":"transparent","borderColor":"#000000","borderSize":1,"borderRadius":0,"borderStyle":"Solid"},"childrenLayoutStrategy":{"kind":"FreeForm"},"borderNodes":[],"childNodes":[],"defaultWidth":125,"defaultHeight":150,"labelEditable":false,"pinned":false}],"defaultWidth":150,"defaultHeight":60,"labelEditable":true,"pinned":false},{"id":"317a2a36-f46e-3737-b81a-1a7721af87d3","type":"node:rectangle","targetObjectId":"5beb6e89-e170-4b1d-a4cd-6529e471ad18","targetObjectKind":"siriusComponents://semantic?domain=sysml&entity=FlowConnectionUsage","targetObjectLabel":"powerFlow","descriptionId":"siriusComponents://nodeDescription?sourceKind=view&sourceId=74c5d045-51d7-359f-9634-611d0f1bef3d&sourceElementId=700133eb-7806-3dce-98d2-9ec37d212aaa","borderNode":false,"modifiers":["Hidden"],"state":"Hidden","collapsingState":"EXPANDED","insideLabel":{"id":"d794de18-1494-30ab-a009-95c1f7f8da88","text":"«action»\npowerFlow","insideLabelLocation":"TOP_CENTER","style":{"color":"#000000","fontSize":14,"bold":false,"italic":false,"underline":false,"strikeThrough":false,"iconURL":["/icons/full/obj16/FlowConnectionUsage.svg"],"background":"transparent","borderColor":"black","borderSize":0,"borderRadius":3,"borderStyle":"Solid","maxWidth":null},"isHeader":true,"headerSeparatorDisplayMode":"IF_CHILDREN","overflowStrategy":"NONE","textAlign":"CENTER"},"outsideLabels":[],"style":{"background":"#ffffff","borderColor":"#000000","borderSize":1,"borderRadius":10,"borderStyle":"Solid"},"childrenLayoutStrategy":{"areChildNodesDraggable":false,"topGap":0,"bottomGap":0,"growableNodeIds":["siriusComponents://nodeDescription?sourceKind=view&sourceId=74c5d045-51d7-359f-9634-611d0f1bef3d&sourceElementId=a77b4c6c-526d-3fe4-822b-de505f743123"],"kind":"List"},"borderNodes":[],"childNodes":[{"id":"87c3a412-b2fd-3b21-8ef1-e8ad604af3ac","type":"node:rectangle","targetObjectId":"5beb6e89-e170-4b1d-a4cd-6529e471ad18","targetObjectKind":"siriusComponents://semantic?domain=sysml&entity=FlowConnectionUsage","targetObjectLabel":"powerFlow","descriptionId":"siriusComponents://nodeDescription?sourceKind=view&sourceId=74c5d045-51d7-359f-9634-611d0f1bef3d&sourceElementId=9f871f18-dbda-3798-8e28-094acfae6a2d","borderNode":false,"modifiers":["Hidden"],"state":"Hidden","collapsingState":"EXPANDED","insideLabel":{"id":"826a1afd-c3c4-3717-8cf0-789b55d5f43f","text":"doc","insideLabelLocation":"TOP_CENTER","style":{"color":"#000000","fontSize":12,"bold":false,"italic":true,"underline":false,"strikeThrough":false,"iconURL":[],"background":"transparent","borderColor":"black","borderSize":0,"borderRadius":3,"borderStyle":"Solid","maxWidth":null},"isHeader":true,"headerSeparatorDisplayMode":"NEVER","overflowStrategy":"NONE","textAlign":"CENTER"},"outsideLabels":[],"style":{"background":"transparent","borderColor":"#000000","borderSize":1,"borderRadius":0,"borderStyle":"Solid"},"childrenLayoutStrategy":{"areChildNodesDraggable":true,"topGap":0,"bottomGap":10,"growableNodeIds":[],"kind":"List"},"borderNodes":[],"childNodes":[],"defaultWidth":125,"defaultHeight":60,"labelEditable":false,"pinned":false},{"id":"d8b66eb1-82b2-3a7c-9ad8-92827a9f2b63","type":"node:rectangle","targetObjectId":"5beb6e89-e170-4b1d-a4cd-6529e471ad18","targetObjectKind":"siriusComponents://semantic?domain=sysml&entity=FlowConnectionUsage","targetObjectLabel":"powerFlow","descriptionId":"siriusComponents://nodeDescription?sourceKind=view&sourceId=74c5d045-51d7-359f-9634-611d0f1bef3d&sourceElementId=85d2283f-c727-34f0-ba1b-695e544d15a7","borderNode":false,"modifiers":["Hidden"],"state":"Hidden","collapsingState":"EXPANDED","insideLabel":{"id":"7e2a8665-6306-3ff8-bd50-db1f582bb4c1","text":"attributes","insideLabelLocation":"TOP_CENTER","style":{"color":"#000000","fontSize":12,"bold":false,"italic":true,"underline":false,"strikeThrough":false,"iconURL":[],"background":"transparent","borderColor":"black","borderSize":0,"borderRadius":3,"borderStyle":"Solid","maxWidth":null},"isHeader":true,"headerSeparatorDisplayMode":"NEVER","overflowStrategy":"NONE","textAlign":"CENTER"},"outsideLabels":[],"style":{"background":"transparent","borderColor":"#000000","borderSize":1,"borderRadius":0,"borderStyle":"Solid"},"childrenLayoutStrategy":{"areChildNodesDraggable":true,"topGap":0,"bottomGap":10,"growableNodeIds":[],"kind":"List"},"borderNodes":[],"childNodes":[],"defaultWidth":125,"defaultHeight":60,"labelEditable":false,"pinned":false},{"id":"e2ed31c1-f28b-3f18-a7fe-c16cfec79c1f","type":"node:rectangle","targetObjectId":"5beb6e89-e170-4b1d-a4cd-6529e471ad18","targetObjectKind":"siriusComponents://semantic?domain=sysml&entity=FlowConnectionUsage","targetObjectLabel":"powerFlow","descriptionId":"siriusComponents://nodeDescription?sourceKind=view&sourceId=74c5d045-51d7-359f-9634-611d0f1bef3d&sourceElementId=a77b4c6c-526d-3fe4-822b-de505f743123","borderNode":false,"modifiers":["Hidden"],"state":"Hidden","collapsingState":"EXPANDED","insideLabel":{"id":"01bd048c-8c12-35cb-9169-548c05195802","text":"parts","insideLabelLocation":"TOP_CENTER","style":{"color":"#000000","fontSize":12,"bold":false,"italic":true,"underline":false,"strikeThrough":false,"iconURL":[],"background":"transparent","borderColor":"black","borderSize":0,"borderRadius":3,"borderStyle":"Solid","maxWidth":null},"isHeader":true,"headerSeparatorDisplayMode":"NEVER","overflowStrategy":"NONE","textAlign":"CENTER"},"outsideLabels":[],"style":{"background":"transparent","borderColor":"#000000","borderSize":1,"borderRadius":0,"borderStyle":"Solid"},"childrenLayoutStrategy":{"kind":"FreeForm"},"borderNodes":[],"childNodes":[],"defaultWidth":125,"defaultHeight":150,"labelEditable":false,"pinned":false}],"defaultWidth":150,"defaultHeight":60,"labelEditable":true,"pinned":false},{"id":"2a9158f6-8da3-3c49-87c2-6c8fa6c7d0dc","type":"node:rectangle","targetObjectId":"85452c9a-8c16-4933-b4bf-0c80a352ea6d","targetObjectKind":"siriusComponents://semantic?domain=sysml&entity=FlowConnectionUsage","targetObjectLabel":"externalToInternal_Heat","descriptionId":"siriusComponents://nodeDescription?sourceKind=view&sourceId=74c5d045-51d7-359f-9634-611d0f1bef3d&sourceElementId=700133eb-7806-3dce-98d2-9ec37d212aaa","borderNode":false,"modifiers":["Hidden"],"state":"Hidden","collapsingState":"EXPANDED","insideLabel":{"id":"de99b1a9-20ef-3bc9-bf2f-60a5bef9cd71","text":"«action»\nexternalToInternal_Heat","insideLabelLocation":"TOP_CENTER","style":{"color":"#000000","fontSize":14,"bold":false,"italic":false,"underline":false,"strikeThrough":false,"iconURL":["/icons/full/obj16/FlowConnectionUsage.svg"],"background":"transparent","borderColor":"black","borderSize":0,"borderRadius":3,"borderStyle":"Solid","maxWidth":null},"isHeader":true,"headerSeparatorDisplayMode":"IF_CHILDREN","overflowStrategy":"NONE","textAlign":"CENTER"},"outsideLabels":[],"style":{"background":"#ffffff","borderColor":"#000000","borderSize":1,"borderRadius":10,"borderStyle":"Solid"},"childrenLayoutStrategy":{"areChildNodesDraggable":false,"topGap":0,"bottomGap":0,"growableNodeIds":["siriusComponents://nodeDescription?sourceKind=view&sourceId=74c5d045-51d7-359f-9634-611d0f1bef3d&sourceElementId=a77b4c6c-526d-3fe4-822b-de505f743123"],"kind":"List"},"borderNodes":[],"childNodes":[{"id":"f07f5a38-2211-3379-8793-5b16a80b3ae9","type":"node:rectangle","targetObjectId":"85452c9a-8c16-4933-b4bf-0c80a352ea6d","targetObjectKind":"siriusComponents://semantic?domain=sysml&entity=FlowConnectionUsage","targetObjectLabel":"externalToInternal_Heat","descriptionId":"siriusComponents://nodeDescription?sourceKind=view&sourceId=74c5d045-51d7-359f-9634-611d0f1bef3d&sourceElementId=9f871f18-dbda-3798-8e28-094acfae6a2d","borderNode":false,"modifiers":["Hidden"],"state":"Hidden","collapsingState":"EXPANDED","insideLabel":{"id":"6d0d3dc3-bf55-3fd0-a59f-a6fa9f1f37d7","text":"doc","insideLabelLocation":"TOP_CENTER","style":{"color":"#000000","fontSize":12,"bold":false,"italic":true,"underline":false,"strikeThrough":false,"iconURL":[],"background":"transparent","borderColor":"black","borderSize":0,"borderRadius":3,"borderStyle":"Solid","maxWidth":null},"isHeader":true,"headerSeparatorDisplayMode":"NEVER","overflowStrategy":"NONE","textAlign":"CENTER"},"outsideLabels":[],"style":{"background":"transparent","borderColor":"#000000","borderSize":1,"borderRadius":0,"borderStyle":"Solid"},"childrenLayoutStrategy":{"areChildNodesDraggable":true,"topGap":0,"bottomGap":10,"growableNodeIds":[],"kind":"List"},"borderNodes":[],"childNodes":[],"defaultWidth":125,"defaultHeight":60,"labelEditable":false,"pinned":false},{"id":"0acd32b5-cadb-3592-a7bf-d7255dce3cb6","type":"node:rectangle","targetObjectId":"85452c9a-8c16-4933-b4bf-0c80a352ea6d","targetObjectKind":"siriusComponents://semantic?domain=sysml&entity=FlowConnectionUsage","targetObjectLabel":"externalToInternal_Heat","descriptionId":"siriusComponents://nodeDescription?sourceKind=view&sourceId=74c5d045-51d7-359f-9634-611d0f1bef3d&sourceElementId=85d2283f-c727-34f0-ba1b-695e544d15a7","borderNode":false,"modifiers":["Hidden"],"state":"Hidden","collapsingState":"EXPANDED","insideLabel":{"id":"3f54ddd6-ee47-3373-8a28-f940f040ccf3","text":"attributes","insideLabelLocation":"TOP_CENTER","style":{"color":"#000000","fontSize":12,"bold":false,"italic":true,"underline":false,"strikeThrough":false,"iconURL":[],"background":"transparent","borderColor":"black","borderSize":0,"borderRadius":3,"borderStyle":"Solid","maxWidth":null},"isHeader":true,"headerSeparatorDisplayMode":"NEVER","overflowStrategy":"NONE","textAlign":"CENTER"},"outsideLabels":[],"style":{"background":"transparent","borderColor":"#000000","borderSize":1,"borderRadius":0,"borderStyle":"Solid"},"childrenLayoutStrategy":{"areChildNodesDraggable":true,"topGap":0,"bottomGap":10,"growableNodeIds":[],"kind":"List"},"borderNodes":[],"childNodes":[],"defaultWidth":125,"defaultHeight":60,"labelEditable":false,"pinned":false},{"id":"9f587ae3-91b8-3cbf-b4f3-e450cf4f20aa","type":"node:rectangle","targetObjectId":"85452c9a-8c16-4933-b4bf-0c80a352ea6d","targetObjectKind":"siriusComponents://semantic?domain=sysml&entity=FlowConnectionUsage","targetObjectLabel":"externalToInternal_Heat","descriptionId":"siriusComponents://nodeDescription?sourceKind=view&sourceId=74c5d045-51d7-359f-9634-611d0f1bef3d&sourceElementId=a77b4c6c-526d-3fe4-822b-de505f743123","borderNode":false,"modifiers":["Hidden"],"state":"Hidden","collapsingState":"EXPANDED","insideLabel":{"id":"6ff13f26-425b-3fd8-b09f-0b4a7b256e13","text":"parts","insideLabelLocation":"TOP_CENTER","style":{"color":"#000000","fontSize":12,"bold":false,"italic":true,"underline":false,"strikeThrough":false,"iconURL":[],"background":"transparent","borderColor":"black","borderSize":0,"borderRadius":3,"borderStyle":"Solid","maxWidth":null},"isHeader":true,"headerSeparatorDisplayMode":"NEVER","overflowStrategy":"NONE","textAlign":"CENTER"},"outsideLabels":[],"style":{"background":"transparent","borderColor":"#000000","borderSize":1,"borderRadius":0,"borderStyle":"Solid"},"childrenLayoutStrategy":{"kind":"FreeForm"},"borderNodes":[],"childNodes":[],"defaultWidth":125,"defaultHeight":150,"labelEditable":false,"pinned":false}],"defaultWidth":150,"defaultHeight":60,"labelEditable":true,"pinned":false},{"id":"dbc6ff87-3b54-375d-ae7b-99ac0050e90d","type":"node:rectangle","targetObjectId":"4e1f438f-a11d-4149-a5b6-0f5c14f7ba5b","targetObjectKind":"siriusComponents://semantic?domain=sysml&entity=FlowConnectionUsage","targetObjectLabel":"externalToInternal_Humidity","descriptionId":"siriusComponents://nodeDescription?sourceKind=view&sourceId=74c5d045-51d7-359f-9634-611d0f1bef3d&sourceElementId=700133eb-7806-3dce-98d2-9ec37d212aaa","borderNode":false,"modifiers":["Hidden"],"state":"Hidden","collapsingState":"EXPANDED","insideLabel":{"id":"45165168-e31e-3599-a7b7-6fdf71e57408","text":"«action»\nexternalToInternal_Humidity","insideLabelLocation":"TOP_CENTER","style":{"color":"#000000","fontSize":14,"bold":false,"italic":false,"underline":false,"strikeThrough":false,"iconURL":["/icons/full/obj16/FlowConnectionUsage.svg"],"background":"transparent","borderColor":"black","borderSize":0,"borderRadius":3,"borderStyle":"Solid","maxWidth":null},"isHeader":true,"headerSeparatorDisplayMode":"IF_CHILDREN","overflowStrategy":"NONE","textAlign":"CENTER"},"outsideLabels":[],"style":{"background":"#ffffff","borderColor":"#000000","borderSize":1,"borderRadius":10,"borderStyle":"Solid"},"childrenLayoutStrategy":{"areChildNodesDraggable":false,"topGap":0,"bottomGap":0,"growableNodeIds":["siriusComponents://nodeDescription?sourceKind=view&sourceId=74c5d045-51d7-359f-9634-611d0f1bef3d&sourceElementId=a77b4c6c-526d-3fe4-822b-de505f743123"],"kind":"List"},"borderNodes":[],"childNodes":[{"id":"94c02d21-95fb-3b2b-8f41-81b37023350d","type":"node:rectangle","targetObjectId":"4e1f438f-a11d-4149-a5b6-0f5c14f7ba5b","targetObjectKind":"siriusComponents://semantic?domain=sysml&entity=FlowConnectionUsage","targetObjectLabel":"externalToInternal_Humidity","descriptionId":"siriusComponents://nodeDescription?sourceKind=view&sourceId=74c5d045-51d7-359f-9634-611d0f1bef3d&sourceElementId=9f871f18-dbda-3798-8e28-094acfae6a2d","borderNode":false,"modifiers":["Hidden"],"state":"Hidden","collapsingState":"EXPANDED","insideLabel":{"id":"f1170882-f4bd-3691-86e9-fe1ad2658c32","text":"doc","insideLabelLocation":"TOP_CENTER","style":{"color":"#000000","fontSize":12,"bold":false,"italic":true,"underline":false,"strikeThrough":false,"iconURL":[],"background":"transparent","borderColor":"black","borderSize":0,"borderRadius":3,"borderStyle":"Solid","maxWidth":null},"isHeader":true,"headerSeparatorDisplayMode":"NEVER","overflowStrategy":"NONE","textAlign":"CENTER"},"outsideLabels":[],"style":{"background":"transparent","borderColor":"#000000","borderSize":1,"borderRadius":0,"borderStyle":"Solid"},"childrenLayoutStrategy":{"areChildNodesDraggable":true,"topGap":0,"bottomGap":10,"growableNodeIds":[],"kind":"List"},"borderNodes":[],"childNodes":[],"defaultWidth":125,"defaultHeight":60,"labelEditable":false,"pinned":false},{"id":"02b9e269-0504-319e-a3de-2ef54cf10c72","type":"node:rectangle","targetObjectId":"4e1f438f-a11d-4149-a5b6-0f5c14f7ba5b","targetObjectKind":"siriusComponents://semantic?domain=sysml&entity=FlowConnectionUsage","targetObjectLabel":"externalToInternal_Humidity","descriptionId":"siriusComponents://nodeDescription?sourceKind=view&sourceId=74c5d045-51d7-359f-9634-611d0f1bef3d&sourceElementId=85d2283f-c727-34f0-ba1b-695e544d15a7","borderNode":false,"modifiers":["Hidden"],"state":"Hidden","collapsingState":"EXPANDED","insideLabel":{"id":"0dda4a39-57ae-3477-bbcc-0c4f0ca0f005","text":"attributes","insideLabelLocation":"TOP_CENTER","style":{"color":"#000000","fontSize":12,"bold":false,"italic":true,"underline":false,"strikeThrough":false,"iconURL":[],"background":"transparent","borderColor":"black","borderSize":0,"borderRadius":3,"borderStyle":"Solid","maxWidth":null},"isHeader":true,"headerSeparatorDisplayMode":"NEVER","overflowStrategy":"NONE","textAlign":"CENTER"},"outsideLabels":[],"style":{"background":"transparent","borderColor":"#000000","borderSize":1,"borderRadius":0,"borderStyle":"Solid"},"childrenLayoutStrategy":{"areChildNodesDraggable":true,"topGap":0,"bottomGap":10,"growableNodeIds":[],"kind":"List"},"borderNodes":[],"childNodes":[],"defaultWidth":125,"defaultHeight":60,"labelEditable":false,"pinned":false},{"id":"fa89604a-4582-3775-89bb-19d1977d4c29","type":"node:rectangle","targetObjectId":"4e1f438f-a11d-4149-a5b6-0f5c14f7ba5b","targetObjectKind":"siriusComponents://semantic?domain=sysml&entity=FlowConnectionUsage","targetObjectLabel":"externalToInternal_Humidity","descriptionId":"siriusComponents://nodeDescription?sourceKind=view&sourceId=74c5d045-51d7-359f-9634-611d0f1bef3d&sourceElementId=a77b4c6c-526d-3fe4-822b-de505f743123","borderNode":false,"modifiers":["Hidden"],"state":"Hidden","collapsingState":"EXPANDED","insideLabel":{"id":"a2615ab8-3bdd-3679-b306-29538837519b","text":"parts","insideLabelLocation":"TOP_CENTER","style":{"color":"#000000","fontSize":12,"bold":false,"italic":true,"underline":false,"strikeThrough":false,"iconURL":[],"background":"transparent","borderColor":"black","borderSize":0,"borderRadius":3,"borderStyle":"Solid","maxWidth":null},"isHeader":true,"headerSeparatorDisplayMode":"NEVER","overflowStrategy":"NONE","textAlign":"CENTER"},"outsideLabels":[],"style":{"background":"transparent","borderColor":"#000000","borderSize":1,"borderRadius":0,"borderStyle":"Solid"},"childrenLayoutStrategy":{"kind":"FreeForm"},"borderNodes":[],"childNodes":[],"defaultWidth":125,"defaultHeight":150,"labelEditable":false,"pinned":false}],"defaultWidth":150,"defaultHeight":60,"labelEditable":true,"pinned":false}],"defaultWidth":700,"defaultHeight":400,"labelEditable":true,"pinned":false}],"edges":[{"id":"e8300c1e-dc89-3a09-aa92-51109e5db33c","type":"edge:straight","targetObjectId":"1a02711c-cb1e-4588-b75e-3ae1a26d4c09","targetObjectKind":"siriusComponents://semantic?domain=sysml&entity=BindingConnectorAsUsage","targetObjectLabel":"Power Cable","descriptionId":"siriusComponents://edgeDescription?sourceKind=view&sourceId=74c5d045-51d7-359f-9634-611d0f1bef3d&sourceElementId=3d1c5a31-5567-3e8a-8cd5-011bc74140f3","beginLabel":null,"centerLabel":null,"endLabel":null,"sourceId":"e136c144-fa3f-345e-9436-d9e536d3ce91","targetId":"3d21bd58-9433-30b0-b667-3d6d70d7ed36","modifiers":[],"state":"Normal","style":{"size":1,"lineStyle":"Solid","sourceArrow":"None","targetArrow":"None","color":"#000000"},"centerLabelEditable":false},{"id":"45a04dd6-3b25-3939-98a2-859da8e2fbb7","type":"edge:straight","targetObjectId":"02e7279f-197b-4271-b497-0ee4a0d7c38d","targetObjectKind":"siriusComponents://semantic?domain=sysml&entity=BindingConnectorAsUsage","targetObjectLabel":"Air","descriptionId":"siriusComponents://edgeDescription?sourceKind=view&sourceId=74c5d045-51d7-359f-9634-611d0f1bef3d&sourceElementId=3d1c5a31-5567-3e8a-8cd5-011bc74140f3","beginLabel":null,"centerLabel":null,"endLabel":null,"sourceId":"e6e004c1-3600-382e-94a2-7f5fad1b711b","targetId":"92912f2d-4f95-3d0b-9836-edcf80e372f9","modifiers":[],"state":"Normal","style":{"size":1,"lineStyle":"Solid","sourceArrow":"None","targetArrow":"None","color":"#000000"},"centerLabelEditable":false},{"id":"994eee12-c22e-3f8f-aea1-e16dbfc39210","type":"edge:straight","targetObjectId":"8367e035-9cbe-4a1e-bf3f-33dd15941905","targetObjectKind":"siriusComponents://semantic?domain=sysml&entity=BindingConnectorAsUsage","targetObjectLabel":"Air","descriptionId":"siriusComponents://edgeDescription?sourceKind=view&sourceId=74c5d045-51d7-359f-9634-611d0f1bef3d&sourceElementId=3d1c5a31-5567-3e8a-8cd5-011bc74140f3","beginLabel":null,"centerLabel":null,"endLabel":null,"sourceId":"58701b90-8e22-3a9f-a108-f27005c554b7","targetId":"b321edeb-d2da-320e-be03-0ed221b51826","modifiers":[],"state":"Normal","style":{"size":1,"lineStyle":"Solid","sourceArrow":"None","targetArrow":"None","color":"#000000"},"centerLabelEditable":false},{"id":"1ea21876-4242-3048-a7e6-3fe736cffe34","type":"edge:straight","targetObjectId":"b59bdd97-d65d-4b03-92c5-7c844f9a4c62","targetObjectKind":"siriusComponents://semantic?domain=sysml&entity=BindingConnectorAsUsage","targetObjectLabel":"Air","descriptionId":"siriusComponents://edgeDescription?sourceKind=view&sourceId=74c5d045-51d7-359f-9634-611d0f1bef3d&sourceElementId=3d1c5a31-5567-3e8a-8cd5-011bc74140f3","beginLabel":null,"centerLabel":null,"endLabel":null,"sourceId":"c61dda32-c12c-34ce-a803-c5d8ce0d263c","targetId":"45695135-6486-311a-98c4-3b56e8a8bb41","modifiers":[],"state":"Normal","style":{"size":1,"lineStyle":"Solid","sourceArrow":"None","targetArrow":"None","color":"#000000"},"centerLabelEditable":false},{"id":"3cdd3ded-ba69-3d7b-b93b-daa0a432c270","type":"edge:straight","targetObjectId":"c97998f3-bce2-431a-ab92-2bdd98c057cd","targetObjectKind":"siriusComponents://semantic?domain=sysml&entity=BindingConnectorAsUsage","targetObjectLabel":"bind","descriptionId":"siriusComponents://edgeDescription?sourceKind=view&sourceId=74c5d045-51d7-359f-9634-611d0f1bef3d&sourceElementId=3d1c5a31-5567-3e8a-8cd5-011bc74140f3","beginLabel":null,"centerLabel":null,"endLabel":null,"sourceId":"883b8a1d-0d12-3ea6-9609-06db7a9601ca","targetId":"7716df66-41eb-3cfc-a4a5-f9c2ff8bfcaa","modifiers":[],"state":"Normal","style":{"size":1,"lineStyle":"Solid","sourceArrow":"None","targetArrow":"None","color":"#000000"},"centerLabelEditable":false}],"layoutData":{"nodeLayoutData":{"2a9158f6-8da3-3c49-87c2-6c8fa6c7d0dc":{"id":"2a9158f6-8da3-3c49-87c2-6c8fa6c7d0dc","position":{"x":340.8251819270174,"y":530.7148018408307},"size":{"width":211.609375,"height":60.0},"resizedByUser":false},"7716df66-41eb-3cfc-a4a5-f9c2ff8bfcaa":{"id":"7716df66-41eb-3cfc-a4a5-f9c2ff8bfcaa","position":{"x":136.95360824742272,"y":-11.0},"size":{"width":16.0,"height":16.0},"resizedByUser":false},"87c3a412-b2fd-3b21-8ef1-e8ad604af3ac":{"id":"87c3a412-b2fd-3b21-8ef1-e8ad604af3ac","position":{"x":0.0,"y":0.0},"size":{"width":125.0,"height":60.0},"resizedByUser":false},"7db7fcf6-7d64-355b-8caa-55a7bdd5d6cc":{"id":"7db7fcf6-7d64-355b-8caa-55a7bdd5d6cc","position":{"x":0.0,"y":0.0},"size":{"width":125.0,"height":60.0},"resizedByUser":false},"e9dbda66-20ed-3b0f-b68b-b5170580dd4f":{"id":"e9dbda66-20ed-3b0f-b68b-b5170580dd4f","position":{"x":0.0,"y":0.0},"size":{"width":125.0,"height":60.0},"resizedByUser":false},"317a2a36-f46e-3737-b81a-1a7721af87d3":{"id":"317a2a36-f46e-3737-b81a-1a7721af87d3","position":{"x":227.17048384084376,"y":444.59619546045064},"size":{"width":150.0,"height":60.0},"resizedByUser":false},"9607f552-3f4e-3db5-8914-467305d7a8df":{"id":"9607f552-3f4e-3db5-8914-467305d7a8df","position":{"x":0.0,"y":0.0},"size":{"width":125.0,"height":15.0},"resizedByUser":false},"58701b90-8e22-3a9f-a108-f27005c554b7":{"id":"58701b90-8e22-3a9f-a108-f27005c554b7","position":{"x":109.0,"y":55.0},"size":{"width":16.0,"height":16.0},"resizedByUser":false},"eba10886-f921-3b07-8604-1a49361ace05":{"id":"eba10886-f921-3b07-8604-1a49361ace05","position":{"x":0.0,"y":0.0},"size":{"width":125.0,"height":15.0},"resizedByUser":false},"3d21bd58-9433-30b0-b667-3d6d70d7ed36":{"id":"3d21bd58-9433-30b0-b667-3d6d70d7ed36","position":{"x":-11.0,"y":22.0},"size":{"width":16.0,"height":16.0},"resizedByUser":false},"16a0028b-0414-3373-9d38-dcea2bb5de4c":{"id":"16a0028b-0414-3373-9d38-dcea2bb5de4c","position":{"x":0.0,"y":0.0},"size":{"width":125.0,"height":15.0},"resizedByUser":false},"6f2e5d8c-04d5-39ff-b3a5-db13b93b9ad7":{"id":"6f2e5d8c-04d5-39ff-b3a5-db13b93b9ad7","position":{"x":-228.05034321678374,"y":-23.50040287008767},"size":{"width":1009.2666720360825,"height":724.0},"resizedByUser":true},"f9b45af3-7e74-3693-b472-b5f7e4ca28c7":{"id":"f9b45af3-7e74-3693-b472-b5f7e4ca28c7","position":{"x":0.0,"y":0.0},"size":{"width":125.0,"height":60.0},"resizedByUser":false},"f5e9ff37-cbfd-391e-a376-a3f89268d874":{"id":"f5e9ff37-cbfd-391e-a376-a3f89268d874","position":{"x":0.0,"y":0.0},"size":{"width":125.0,"height":60.0},"resizedByUser":false},"02b9e269-0504-319e-a3de-2ef54cf10c72":{"id":"02b9e269-0504-319e-a3de-2ef54cf10c72","position":{"x":0.0,"y":0.0},"size":{"width":125.0,"height":60.0},"resizedByUser":false},"91d02e8e-1f31-3047-a4ca-52a57d9ea4bf":{"id":"91d02e8e-1f31-3047-a4ca-52a57d9ea4bf","position":{"x":0.0,"y":0.0},"size":{"width":125.0,"height":150.0},"resizedByUser":false},"a3c714af-ffe5-396b-a081-bd9a4a543058":{"id":"a3c714af-ffe5-396b-a081-bd9a4a543058","position":{"x":0.0,"y":0.0},"size":{"width":125.0,"height":150.0},"resizedByUser":false},"d7e3a6fe-5e69-3a2d-b76f-8f0f0de72899":{"id":"d7e3a6fe-5e69-3a2d-b76f-8f0f0de72899","position":{"x":0.0,"y":0.0},"size":{"width":125.0,"height":15.0},"resizedByUser":false},"807ac38d-2ae7-36ad-a582-28238f73a0e9":{"id":"807ac38d-2ae7-36ad-a582-28238f73a0e9","position":{"x":240.21687559342104,"y":227.30944522308224},"size":{"width":181.3984375,"height":60.0},"resizedByUser":false},"b34d8941-d464-3f20-824e-ab5b63a49558":{"id":"b34d8941-d464-3f20-824e-ab5b63a49558","position":{"x":0.0,"y":0.0},"size":{"width":125.0,"height":60.0},"resizedByUser":false},"eb2a7149-7208-3009-9917-0f46c30a382c":{"id":"eb2a7149-7208-3009-9917-0f46c30a382c","position":{"x":0.0,"y":0.0},"size":{"width":125.0,"height":15.0},"resizedByUser":false},"e136c144-fa3f-345e-9436-d9e536d3ce91":{"id":"e136c144-fa3f-345e-9436-d9e536d3ce91","position":{"x":66.73761563084793,"y":-11.0},"size":{"width":16.0,"height":16.0},"resizedByUser":false},"9f587ae3-91b8-3cbf-b4f3-e450cf4f20aa":{"id":"9f587ae3-91b8-3cbf-b4f3-e450cf4f20aa","position":{"x":0.0,"y":0.0},"size":{"width":125.0,"height":150.0},"resizedByUser":false},"f7d525ed-1159-3d9a-bebc-36f3d89ad3bc":{"id":"f7d525ed-1159-3d9a-bebc-36f3d89ad3bc","position":{"x":0.0,"y":0.0},"size":{"width":125.0,"height":60.0},"resizedByUser":false},"142b0267-447a-3a98-bfcb-c85682865489":{"id":"142b0267-447a-3a98-bfcb-c85682865489","position":{"x":0.0,"y":0.0},"size":{"width":125.0,"height":60.0},"resizedByUser":false},"45695135-6486-311a-98c4-3b56e8a8bb41":{"id":"45695135-6486-311a-98c4-3b56e8a8bb41","position":{"x":69.78515625,"y":-11.0},"size":{"width":16.0,"height":16.0},"resizedByUser":false},"0be7cac0-9d3c-3bc8-b15e-4983ec73675d":{"id":"0be7cac0-9d3c-3bc8-b15e-4983ec73675d","position":{"x":628.2507752474643,"y":617.8634142706552},"size":{"width":155.5703125,"height":60.0},"resizedByUser":false},"0c990d45-e315-3525-bb1a-7f80dd4d650d":{"id":"0c990d45-e315-3525-bb1a-7f80dd4d650d","position":{"x":483.9812743130117,"y":50.0},"size":{"width":210.2734375,"height":60.0},"resizedByUser":false},"e2ed31c1-f28b-3f18-a7fe-c16cfec79c1f":{"id":"e2ed31c1-f28b-3f18-a7fe-c16cfec79c1f","position":{"x":0.0,"y":0.0},"size":{"width":125.0,"height":150.0},"resizedByUser":false},"22126728-4109-388a-a74a-2e8cfea9b495":{"id":"22126728-4109-388a-a74a-2e8cfea9b495","position":{"x":0.0,"y":0.0},"size":{"width":125.0,"height":150.0},"resizedByUser":false},"d8b66eb1-82b2-3a7c-9ad8-92827a9f2b63":{"id":"d8b66eb1-82b2-3a7c-9ad8-92827a9f2b63","position":{"x":0.0,"y":0.0},"size":{"width":125.0,"height":60.0},"resizedByUser":false},"e6e004c1-3600-382e-94a2-7f5fad1b711b":{"id":"e6e004c1-3600-382e-94a2-7f5fad1b711b","position":{"x":176.3984375,"y":22.0},"size":{"width":16.0,"height":16.0},"resizedByUser":false},"569b9213-bdcc-352d-9b5a-4f8353d38c69":{"id":"569b9213-bdcc-352d-9b5a-4f8353d38c69","position":{"x":0.0,"y":0.0},"size":{"width":125.0,"height":60.0},"resizedByUser":false},"88ebba91-a40a-32fa-8a8e-094f22ce9a2e":{"id":"88ebba91-a40a-32fa-8a8e-094f22ce9a2e","position":{"x":0.0,"y":0.0},"size":{"width":125.0,"height":60.0},"resizedByUser":false},"b321edeb-d2da-320e-be03-0ed221b51826":{"id":"b321edeb-d2da-320e-be03-0ed221b51826","position":{"x":45.54671738599427,"y":-11.0},"size":{"width":16.0,"height":16.0},"resizedByUser":false},"883b8a1d-0d12-3ea6-9609-06db7a9601ca":{"id":"883b8a1d-0d12-3ea6-9609-06db7a9601ca","position":{"x":-11.0,"y":22.0},"size":{"width":16.0,"height":16.0},"resizedByUser":false},"c61dda32-c12c-34ce-a803-c5d8ce0d263c":{"id":"c61dda32-c12c-34ce-a803-c5d8ce0d263c","position":{"x":150.60137457044686,"y":55.0},"size":{"width":16.0,"height":16.0},"resizedByUser":false},"01a6dedf-9a8f-309b-8306-389d3be8525a":{"id":"01a6dedf-9a8f-309b-8306-389d3be8525a","position":{"x":547.4345569270174,"y":389.59619546045064},"size":{"width":201.7265625,"height":60.0},"resizedByUser":false},"f07f5a38-2211-3379-8793-5b16a80b3ae9":{"id":"f07f5a38-2211-3379-8793-5b16a80b3ae9","position":{"x":0.0,"y":0.0},"size":{"width":125.0,"height":60.0},"resizedByUser":false},"05484e47-d322-398b-b2a0-edeb5408b625":{"id":"05484e47-d322-398b-b2a0-edeb5408b625","position":{"x":25.904375593421037,"y":590.7148018408308},"size":{"width":238.3125,"height":60.0},"resizedByUser":false},"fa89604a-4582-3775-89bb-19d1977d4c29":{"id":"fa89604a-4582-3775-89bb-19d1977d4c29","position":{"x":0.0,"y":0.0},"size":{"width":125.0,"height":150.0},"resizedByUser":false},"dbc6ff87-3b54-375d-ae7b-99ac0050e90d":{"id":"dbc6ff87-3b54-375d-ae7b-99ac0050e90d","position":{"x":764.2588595360825,"y":50.0},"size":{"width":237.0078125,"height":60.0},"resizedByUser":false},"d1846d92-c4e7-30ec-a252-146873089012":{"id":"d1846d92-c4e7-30ec-a252-146873089012","position":{"x":0.0,"y":0.0},"size":{"width":125.0,"height":150.0},"resizedByUser":false},"0acd32b5-cadb-3592-a7bf-d7255dce3cb6":{"id":"0acd32b5-cadb-3592-a7bf-d7255dce3cb6","position":{"x":0.0,"y":0.0},"size":{"width":125.0,"height":60.0},"resizedByUser":false},"db371416-85b8-3cdc-9e36-54ce58f3b2ac":{"id":"db371416-85b8-3cdc-9e36-54ce58f3b2ac","position":{"x":0.0,"y":0.0},"size":{"width":125.0,"height":150.0},"resizedByUser":false},"69988b99-c2d6-37ef-9910-ccfec22158f1":{"id":"69988b99-c2d6-37ef-9910-ccfec22158f1","position":{"x":0.0,"y":0.0},"size":{"width":125.0,"height":15.0},"resizedByUser":false},"0de99fd1-18f4-3631-ab0c-0fc7e3006ef3":{"id":"0de99fd1-18f4-3631-ab0c-0fc7e3006ef3","position":{"x":0.0,"y":0.0},"size":{"width":125.0,"height":60.0},"resizedByUser":false},"94c02d21-95fb-3b2b-8f41-81b37023350d":{"id":"94c02d21-95fb-3b2b-8f41-81b37023350d","position":{"x":0.0,"y":0.0},"size":{"width":125.0,"height":60.0},"resizedByUser":false},"92912f2d-4f95-3d0b-9836-edcf80e372f9":{"id":"92912f2d-4f95-3d0b-9836-edcf80e372f9","position":{"x":-11.0,"y":22.00000000000003},"size":{"width":16.0,"height":16.0},"resizedByUser":false}},"edgeLayoutData":{},"labelLayoutData":{}}}}