{"id":"b643ef02-6377-488d-a151-f7c1f435ca1e","projectId":"053d2e80-26ea-4004-9863-d618a03397f8","descriptionId":"siriusComponents://representationDescription?kind=diagramDescription&sourceKind=view&sourceId=8dcd14b0-6259-3193-ad2c-743f394c68e4&sourceElementId=db495705-e917-319b-af55-a32ad63f4089","targetObjectId":"00ec7951-c2d0-421f-8a2a-8e6b3619d930","label":"General View","kind":"siriusComponents://representation?type=Diagram","representation":{"id":"b643ef02-6377-488d-a151-f7c1f435ca1e","kind":"siriusComponents://representation?type=Diagram","targetObjectId":"00ec7951-c2d0-421f-8a2a-8e6b3619d930","descriptionId":"siriusComponents://representationDescription?kind=diagramDescription&sourceKind=view&sourceId=8dcd14b0-6259-3193-ad2c-743f394c68e4&sourceElementId=db495705-e917-319b-af55-a32ad63f4089","label":"General View","nodes":[{"id":"f5c30655-33ad-3e3b-99a5-a9aae8c8c8d7","type":"customnode:sysmlpackage","targetObjectId":"0ff3026e-78f6-4a4b-9b1f-6fd7485afe27","targetObjectKind":"siriusComponents://semantic?domain=sysml&entity=Package","targetObjectLabel":"BlockProgrammingLearningTool","descriptionId":"siriusComponents://nodeDescription?sourceKind=view&sourceId=8dcd14b0-6259-3193-ad2c-743f394c68e4&sourceElementId=c0ac286a-69c6-389a-9635-a559ec3e942d","borderNode":false,"modifiers":[],"state":"Normal","collapsingState":"EXPANDED","insideLabel":{"id":"64b5e8c0-476a-393e-a607-26eb235a514c","text":"BlockProgrammingLearningTool","insideLabelLocation":"TOP_CENTER","style":{"color":"#000000","fontSize":14,"bold":false,"italic":false,"underline":false,"strikeThrough":false,"iconURL":["/icons/full/obj16/Package.svg"],"background":"transparent","borderColor":"black","borderSize":0,"borderRadius":3,"borderStyle":"Solid","maxWidth":null},"isHeader":false,"headerSeparatorDisplayMode":"NEVER","overflowStrategy":"NONE","textAlign":"CENTER"},"outsideLabels":[],"style":{"background":"#ffffff","borderColor":"#000000","borderSize":1,"borderStyle":"Solid"},"childrenLayoutStrategy":{"kind":"FreeForm"},"borderNodes":[],"childNodes":[],"defaultWidth":300,"defaultHeight":101,"labelEditable":true,"pinned":false}],"edges":[],"layoutData":{"nodeLayoutData":{"f5c30655-33ad-3e3b-99a5-a9aae8c8c8d7":{"id":"f5c30655-33ad-3e3b-99a5-a9aae8c8c8d7","position":{"x":0.0,"y":0.0},"size":{"width":300.0,"height":101.0},"resizedByUser":false}},"edgeLayoutData":{},"labelLayoutData":{}}}}