{"id":"2113aa28-1534-4c6e-9176-13f3b476a54b","projectId":"dd03cbcf-f447-4676-ab8d-582611e7b98a","descriptionId":"siriusComponents://representationDescription?kind=diagramDescription&sourceKind=view&sourceId=74c5d045-51d7-359f-9634-611d0f1bef3d&sourceElementId=e1bd3b6d-357b-3068-b2e9-e0c1e19d6856","targetObjectId":"301ee842-d58f-4f94-9e83-9418c431a24e","label":"Interconnection View","kind":"siriusComponents://representation?type=Diagram","representation":{"id":"2113aa28-1534-4c6e-9176-13f3b476a54b","kind":"siriusComponents://representation?type=Diagram","targetObjectId":"301ee842-d58f-4f94-9e83-9418c431a24e","descriptionId":"siriusComponents://representationDescription?kind=diagramDescription&sourceKind=view&sourceId=74c5d045-51d7-359f-9634-611d0f1bef3d&sourceElementId=e1bd3b6d-357b-3068-b2e9-e0c1e19d6856","label":"Interconnection View","position":{"x":-1.0,"y":-1.0},"size":{"width":-1.0,"height":-1.0},"nodes":[{"id":"6033e94b-799e-3eaa-9e95-15f330fcfbf1","type":"node:rectangle","targetObjectId":"301ee842-d58f-4f94-9e83-9418c431a24e","targetObjectKind":"siriusComponents://semantic?domain=sysml&entity=PartDefinition","targetObjectLabel":"IdeaWallProduct","descriptionId":"siriusComponents://nodeDescription?sourceKind=view&sourceId=74c5d045-51d7-359f-9634-611d0f1bef3d&sourceElementId=4055a909-560d-3db5-a777-ea29c14cc2c2","borderNode":false,"modifiers":[],"state":"Normal","collapsingState":"EXPANDED","insideLabel":{"id":"8d3bd53e-ea97-3858-b2f8-223bafaa1fc3","text":"«part def»\nIdeaWallProduct","insideLabelLocation":"TOP_CENTER","style":{"color":"#000000","fontSize":14,"bold":false,"italic":false,"underline":false,"strikeThrough":false,"iconURL":["/icons/full/obj16/PartDefinition.svg"],"background":"transparent","borderColor":"black","borderSize":0,"borderRadius":3,"borderStyle":"Solid"},"isHeader":true,"displayHeaderSeparator":false,"overflowStrategy":"NONE","textAlign":"CENTER"},"outsideLabels":[],"style":{"background":"#ffffff","borderColor":"#000000","borderSize":1,"borderRadius":0,"borderStyle":"Solid"},"childrenLayoutStrategy":{"kind":"FreeForm"},"position":{"x":-1.0,"y":-1.0},"size":{"width":700.0,"height":400.0},"borderNodes":[],"childNodes":[{"id":"0053ce20-0710-3f78-bfce-a96c2695d3fd","type":"node:rectangle","targetObjectId":"fbda3325-afcc-450c-a343-df1eaff4a7d9","targetObjectKind":"siriusComponents://semantic?domain=sysml&entity=PartUsage","targetObjectLabel":"voiceCapture","descriptionId":"siriusComponents://nodeDescription?sourceKind=view&sourceId=74c5d045-51d7-359f-9634-611d0f1bef3d&sourceElementId=700133eb-7806-3dce-98d2-9ec37d212aaa","borderNode":false,"modifiers":[],"state":"Normal","collapsingState":"EXPANDED","insideLabel":{"id":"7740f7dd-40dc-3b99-bad2-8712a4dcb623","text":"«ref part»\nvoiceCapture : IdeaCaptureModule","insideLabelLocation":"TOP_CENTER","style":{"color":"#000000","fontSize":14,"bold":false,"italic":false,"underline":false,"strikeThrough":false,"iconURL":["/icons/full/obj16/PartUsage.svg"],"background":"transparent","borderColor":"black","borderSize":0,"borderRadius":3,"borderStyle":"Solid"},"isHeader":true,"displayHeaderSeparator":true,"overflowStrategy":"NONE","textAlign":"CENTER"},"outsideLabels":[],"style":{"background":"#ffffff","borderColor":"#000000","borderSize":1,"borderRadius":10,"borderStyle":"Solid"},"childrenLayoutStrategy":{"areChildNodesDraggable":false,"topGap":0,"bottomGap":0,"growableNodeIds":["siriusComponents://nodeDescription?sourceKind=view&sourceId=74c5d045-51d7-359f-9634-611d0f1bef3d&sourceElementId=a77b4c6c-526d-3fe4-822b-de505f743123"],"kind":"List"},"position":{"x":-1.0,"y":-1.0},"size":{"width":150.0,"height":60.0},"borderNodes":[{"id":"60d6ee81-14ac-30b5-bd5f-dba0881cd39d","type":"node:rectangle","targetObjectId":"f207aead-410a-4e34-8e95-a12f5aada26d","targetObjectKind":"siriusComponents://semantic?domain=sysml&entity=PortUsage","targetObjectLabel":"ideaPort","descriptionId":"siriusComponents://nodeDescription?sourceKind=view&sourceId=74c5d045-51d7-359f-9634-611d0f1bef3d&sourceElementId=de70405c-a973-3bca-88a6-c6829548952d","borderNode":true,"modifiers":[],"state":"Normal","collapsingState":"EXPANDED","insideLabel":null,"outsideLabels":[{"id":"06973c72-6e69-32ac-9c49-e7c9e37b94bf","text":"ideaPort : IdeaPort","outsideLabelLocation":"BOTTOM_MIDDLE","style":{"color":"#000000","fontSize":12,"bold":false,"italic":false,"underline":false,"strikeThrough":false,"iconURL":[],"background":"transparent","borderColor":"black","borderSize":0,"borderRadius":3,"borderStyle":"Solid"},"overflowStrategy":"NONE","textAlign":"LEFT"}],"style":{"background":"#ffffff","borderColor":"#000000","borderSize":1,"borderRadius":0,"borderStyle":"Solid"},"childrenLayoutStrategy":null,"position":{"x":-1.0,"y":-1.0},"size":{"width":10.0,"height":10.0},"borderNodes":[],"childNodes":[],"customizedProperties":[],"defaultWidth":10,"defaultHeight":10,"labelEditable":true,"pinned":false}],"childNodes":[{"id":"449265cf-72af-3161-ab7a-cc91984b0934","type":"node:rectangle","targetObjectId":"fbda3325-afcc-450c-a343-df1eaff4a7d9","targetObjectKind":"siriusComponents://semantic?domain=sysml&entity=PartUsage","targetObjectLabel":"voiceCapture","descriptionId":"siriusComponents://nodeDescription?sourceKind=view&sourceId=74c5d045-51d7-359f-9634-611d0f1bef3d&sourceElementId=9f871f18-dbda-3798-8e28-094acfae6a2d","borderNode":false,"modifiers":["Hidden"],"state":"Hidden","collapsingState":"EXPANDED","insideLabel":{"id":"002c7766-5f59-3c2c-b3fc-4a7ffc52313f","text":"doc","insideLabelLocation":"TOP_CENTER","style":{"color":"#000000","fontSize":12,"bold":false,"italic":true,"underline":false,"strikeThrough":false,"iconURL":[],"background":"transparent","borderColor":"black","borderSize":0,"borderRadius":3,"borderStyle":"Solid"},"isHeader":true,"displayHeaderSeparator":false,"overflowStrategy":"NONE","textAlign":"CENTER"},"outsideLabels":[],"style":{"background":"transparent","borderColor":"#000000","borderSize":1,"borderRadius":0,"borderStyle":"Solid"},"childrenLayoutStrategy":{"areChildNodesDraggable":true,"topGap":0,"bottomGap":10,"growableNodeIds":[],"kind":"List"},"position":{"x":-1.0,"y":-1.0},"size":{"width":125.0,"height":60.0},"borderNodes":[],"childNodes":[],"customizedProperties":[],"defaultWidth":125,"defaultHeight":60,"labelEditable":false,"pinned":false},{"id":"6f3bef7b-1271-3dde-955c-d195fa8a6208","type":"node:rectangle","targetObjectId":"fbda3325-afcc-450c-a343-df1eaff4a7d9","targetObjectKind":"siriusComponents://semantic?domain=sysml&entity=PartUsage","targetObjectLabel":"voiceCapture","descriptionId":"siriusComponents://nodeDescription?sourceKind=view&sourceId=74c5d045-51d7-359f-9634-611d0f1bef3d&sourceElementId=85d2283f-c727-34f0-ba1b-695e544d15a7","borderNode":false,"modifiers":["Hidden"],"state":"Hidden","collapsingState":"EXPANDED","insideLabel":{"id":"04450443-c8eb-3933-8b25-aa11f19827d9","text":"attributes","insideLabelLocation":"TOP_CENTER","style":{"color":"#000000","fontSize":12,"bold":false,"italic":true,"underline":false,"strikeThrough":false,"iconURL":[],"background":"transparent","borderColor":"black","borderSize":0,"borderRadius":3,"borderStyle":"Solid"},"isHeader":true,"displayHeaderSeparator":false,"overflowStrategy":"NONE","textAlign":"CENTER"},"outsideLabels":[],"style":{"background":"transparent","borderColor":"#000000","borderSize":1,"borderRadius":0,"borderStyle":"Solid"},"childrenLayoutStrategy":{"areChildNodesDraggable":true,"topGap":0,"bottomGap":10,"growableNodeIds":[],"kind":"List"},"position":{"x":-1.0,"y":-1.0},"size":{"width":125.0,"height":60.0},"borderNodes":[],"childNodes":[{"id":"85117487-b6e6-3df4-8119-1d48283164a7","type":"node:icon-label","targetObjectId":"8ed88795-c255-44f0-904c-2f0a826cafc4","targetObjectKind":"siriusComponents://semantic?domain=sysml&entity=AttributeUsage","targetObjectLabel":"captureType","descriptionId":"siriusComponents://nodeDescription?sourceKind=view&sourceId=74c5d045-51d7-359f-9634-611d0f1bef3d&sourceElementId=476c2177-8dca-3dfc-a55d-d5ab09e6eaf2","borderNode":false,"modifiers":[],"state":"Hidden","collapsingState":"EXPANDED","insideLabel":{"id":"5c3ebafb-2de1-3b89-8127-94b6e836db71","text":"^captureType : CaptureType","insideLabelLocation":"TOP_LEFT","style":{"color":"#000000","fontSize":14,"bold":false,"italic":true,"underline":false,"strikeThrough":false,"iconURL":["/icons/full/obj16/AttributeUsage.svg"],"background":"transparent","borderColor":"black","borderSize":0,"borderRadius":3,"borderStyle":"Solid"},"isHeader":false,"displayHeaderSeparator":false,"overflowStrategy":"WRAP","textAlign":"LEFT"},"outsideLabels":[],"style":{"background":"transparent"},"childrenLayoutStrategy":null,"position":{"x":-1.0,"y":-1.0},"size":{"width":125.0,"height":15.0},"borderNodes":[],"childNodes":[],"customizedProperties":[],"defaultWidth":125,"defaultHeight":15,"labelEditable":false,"pinned":false}],"customizedProperties":[],"defaultWidth":125,"defaultHeight":60,"labelEditable":false,"pinned":false},{"id":"574186da-5600-387d-8547-e9f2095178f9","type":"node:rectangle","targetObjectId":"fbda3325-afcc-450c-a343-df1eaff4a7d9","targetObjectKind":"siriusComponents://semantic?domain=sysml&entity=PartUsage","targetObjectLabel":"voiceCapture","descriptionId":"siriusComponents://nodeDescription?sourceKind=view&sourceId=74c5d045-51d7-359f-9634-611d0f1bef3d&sourceElementId=a77b4c6c-526d-3fe4-822b-de505f743123","borderNode":false,"modifiers":["Hidden"],"state":"Hidden","collapsingState":"EXPANDED","insideLabel":{"id":"a7e63a3a-670f-3c58-98d0-ac0eab902e4b","text":"parts","insideLabelLocation":"TOP_CENTER","style":{"color":"#000000","fontSize":12,"bold":false,"italic":true,"underline":false,"strikeThrough":false,"iconURL":[],"background":"transparent","borderColor":"black","borderSize":0,"borderRadius":3,"borderStyle":"Solid"},"isHeader":true,"displayHeaderSeparator":false,"overflowStrategy":"NONE","textAlign":"CENTER"},"outsideLabels":[],"style":{"background":"transparent","borderColor":"#000000","borderSize":1,"borderRadius":0,"borderStyle":"Solid"},"childrenLayoutStrategy":{"kind":"FreeForm"},"position":{"x":-1.0,"y":-1.0},"size":{"width":125.0,"height":150.0},"borderNodes":[],"childNodes":[],"customizedProperties":[],"defaultWidth":125,"defaultHeight":150,"labelEditable":false,"pinned":false}],"customizedProperties":[],"defaultWidth":150,"defaultHeight":60,"labelEditable":true,"pinned":false},{"id":"1d405324-e812-3c56-bc97-91ab4d0b6d28","type":"node:rectangle","targetObjectId":"00d833eb-8bd9-4596-86e9-1bfa3a76277e","targetObjectKind":"siriusComponents://semantic?domain=sysml&entity=PartUsage","targetObjectLabel":"deskDisplay","descriptionId":"siriusComponents://nodeDescription?sourceKind=view&sourceId=74c5d045-51d7-359f-9634-611d0f1bef3d&sourceElementId=700133eb-7806-3dce-98d2-9ec37d212aaa","borderNode":false,"modifiers":[],"state":"Normal","collapsingState":"EXPANDED","insideLabel":{"id":"c9f570f4-9255-3786-b2a3-b2149e9ffa65","text":"«ref part»\ndeskDisplay : DisplayModule","insideLabelLocation":"TOP_CENTER","style":{"color":"#000000","fontSize":14,"bold":false,"italic":false,"underline":false,"strikeThrough":false,"iconURL":["/icons/full/obj16/PartUsage.svg"],"background":"transparent","borderColor":"black","borderSize":0,"borderRadius":3,"borderStyle":"Solid"},"isHeader":true,"displayHeaderSeparator":true,"overflowStrategy":"NONE","textAlign":"CENTER"},"outsideLabels":[],"style":{"background":"#ffffff","borderColor":"#000000","borderSize":1,"borderRadius":10,"borderStyle":"Solid"},"childrenLayoutStrategy":{"areChildNodesDraggable":false,"topGap":0,"bottomGap":0,"growableNodeIds":["siriusComponents://nodeDescription?sourceKind=view&sourceId=74c5d045-51d7-359f-9634-611d0f1bef3d&sourceElementId=a77b4c6c-526d-3fe4-822b-de505f743123"],"kind":"List"},"position":{"x":-1.0,"y":-1.0},"size":{"width":150.0,"height":60.0},"borderNodes":[{"id":"c8bb9a9b-957b-3bfd-a20d-50d648666736","type":"node:rectangle","targetObjectId":"05f191f5-7617-4689-8f58-28d6fcff7fe3","targetObjectKind":"siriusComponents://semantic?domain=sysml&entity=PortUsage","targetObjectLabel":"displayPort","descriptionId":"siriusComponents://nodeDescription?sourceKind=view&sourceId=74c5d045-51d7-359f-9634-611d0f1bef3d&sourceElementId=de70405c-a973-3bca-88a6-c6829548952d","borderNode":true,"modifiers":[],"state":"Normal","collapsingState":"EXPANDED","insideLabel":null,"outsideLabels":[{"id":"7a6133e7-12bf-347e-a8c1-441640354f72","text":"displayPort : DisplayPort","outsideLabelLocation":"BOTTOM_MIDDLE","style":{"color":"#000000","fontSize":12,"bold":false,"italic":false,"underline":false,"strikeThrough":false,"iconURL":[],"background":"transparent","borderColor":"black","borderSize":0,"borderRadius":3,"borderStyle":"Solid"},"overflowStrategy":"NONE","textAlign":"LEFT"}],"style":{"background":"#ffffff","borderColor":"#000000","borderSize":1,"borderRadius":0,"borderStyle":"Solid"},"childrenLayoutStrategy":null,"position":{"x":-1.0,"y":-1.0},"size":{"width":10.0,"height":10.0},"borderNodes":[],"childNodes":[],"customizedProperties":[],"defaultWidth":10,"defaultHeight":10,"labelEditable":true,"pinned":false}],"childNodes":[{"id":"9e0d2fa3-4287-3c9a-a600-18b22107c470","type":"node:rectangle","targetObjectId":"00d833eb-8bd9-4596-86e9-1bfa3a76277e","targetObjectKind":"siriusComponents://semantic?domain=sysml&entity=PartUsage","targetObjectLabel":"deskDisplay","descriptionId":"siriusComponents://nodeDescription?sourceKind=view&sourceId=74c5d045-51d7-359f-9634-611d0f1bef3d&sourceElementId=9f871f18-dbda-3798-8e28-094acfae6a2d","borderNode":false,"modifiers":["Hidden"],"state":"Hidden","collapsingState":"EXPANDED","insideLabel":{"id":"d843d82c-bdb7-35d5-b477-471f5c5f3011","text":"doc","insideLabelLocation":"TOP_CENTER","style":{"color":"#000000","fontSize":12,"bold":false,"italic":true,"underline":false,"strikeThrough":false,"iconURL":[],"background":"transparent","borderColor":"black","borderSize":0,"borderRadius":3,"borderStyle":"Solid"},"isHeader":true,"displayHeaderSeparator":false,"overflowStrategy":"NONE","textAlign":"CENTER"},"outsideLabels":[],"style":{"background":"transparent","borderColor":"#000000","borderSize":1,"borderRadius":0,"borderStyle":"Solid"},"childrenLayoutStrategy":{"areChildNodesDraggable":true,"topGap":0,"bottomGap":10,"growableNodeIds":[],"kind":"List"},"position":{"x":-1.0,"y":-1.0},"size":{"width":125.0,"height":60.0},"borderNodes":[],"childNodes":[],"customizedProperties":[],"defaultWidth":125,"defaultHeight":60,"labelEditable":false,"pinned":false},{"id":"397b583a-1040-302d-92ac-fea9c515aace","type":"node:rectangle","targetObjectId":"00d833eb-8bd9-4596-86e9-1bfa3a76277e","targetObjectKind":"siriusComponents://semantic?domain=sysml&entity=PartUsage","targetObjectLabel":"deskDisplay","descriptionId":"siriusComponents://nodeDescription?sourceKind=view&sourceId=74c5d045-51d7-359f-9634-611d0f1bef3d&sourceElementId=85d2283f-c727-34f0-ba1b-695e544d15a7","borderNode":false,"modifiers":["Hidden"],"state":"Hidden","collapsingState":"EXPANDED","insideLabel":{"id":"87f27fba-e1bf-3eaf-80f5-64aa7cccaa07","text":"attributes","insideLabelLocation":"TOP_CENTER","style":{"color":"#000000","fontSize":12,"bold":false,"italic":true,"underline":false,"strikeThrough":false,"iconURL":[],"background":"transparent","borderColor":"black","borderSize":0,"borderRadius":3,"borderStyle":"Solid"},"isHeader":true,"displayHeaderSeparator":false,"overflowStrategy":"NONE","textAlign":"CENTER"},"outsideLabels":[],"style":{"background":"transparent","borderColor":"#000000","borderSize":1,"borderRadius":0,"borderStyle":"Solid"},"childrenLayoutStrategy":{"areChildNodesDraggable":true,"topGap":0,"bottomGap":10,"growableNodeIds":[],"kind":"List"},"position":{"x":-1.0,"y":-1.0},"size":{"width":125.0,"height":60.0},"borderNodes":[],"childNodes":[{"id":"e413c772-6419-35cb-9a87-ea72e4de7ede","type":"node:icon-label","targetObjectId":"687c1365-bba5-45db-8ed7-e43637f3c2b6","targetObjectKind":"siriusComponents://semantic?domain=sysml&entity=AttributeUsage","targetObjectLabel":"displayType","descriptionId":"siriusComponents://nodeDescription?sourceKind=view&sourceId=74c5d045-51d7-359f-9634-611d0f1bef3d&sourceElementId=476c2177-8dca-3dfc-a55d-d5ab09e6eaf2","borderNode":false,"modifiers":[],"state":"Hidden","collapsingState":"EXPANDED","insideLabel":{"id":"bb13632c-5d5d-3a48-9297-dba13634223b","text":"^displayType","insideLabelLocation":"TOP_LEFT","style":{"color":"#000000","fontSize":14,"bold":false,"italic":true,"underline":false,"strikeThrough":false,"iconURL":["/icons/full/obj16/AttributeUsage.svg"],"background":"transparent","borderColor":"black","borderSize":0,"borderRadius":3,"borderStyle":"Solid"},"isHeader":false,"displayHeaderSeparator":false,"overflowStrategy":"WRAP","textAlign":"LEFT"},"outsideLabels":[],"style":{"background":"transparent"},"childrenLayoutStrategy":null,"position":{"x":-1.0,"y":-1.0},"size":{"width":125.0,"height":15.0},"borderNodes":[],"childNodes":[],"customizedProperties":[],"defaultWidth":125,"defaultHeight":15,"labelEditable":false,"pinned":false}],"customizedProperties":[],"defaultWidth":125,"defaultHeight":60,"labelEditable":false,"pinned":false},{"id":"3963b9b6-b3e0-3a03-8341-654f9e9fe48d","type":"node:rectangle","targetObjectId":"00d833eb-8bd9-4596-86e9-1bfa3a76277e","targetObjectKind":"siriusComponents://semantic?domain=sysml&entity=PartUsage","targetObjectLabel":"deskDisplay","descriptionId":"siriusComponents://nodeDescription?sourceKind=view&sourceId=74c5d045-51d7-359f-9634-611d0f1bef3d&sourceElementId=a77b4c6c-526d-3fe4-822b-de505f743123","borderNode":false,"modifiers":["Hidden"],"state":"Hidden","collapsingState":"EXPANDED","insideLabel":{"id":"205a6b60-ffa8-3fb0-ade0-2b4dc2bb79f3","text":"parts","insideLabelLocation":"TOP_CENTER","style":{"color":"#000000","fontSize":12,"bold":false,"italic":true,"underline":false,"strikeThrough":false,"iconURL":[],"background":"transparent","borderColor":"black","borderSize":0,"borderRadius":3,"borderStyle":"Solid"},"isHeader":true,"displayHeaderSeparator":false,"overflowStrategy":"NONE","textAlign":"CENTER"},"outsideLabels":[],"style":{"background":"transparent","borderColor":"#000000","borderSize":1,"borderRadius":0,"borderStyle":"Solid"},"childrenLayoutStrategy":{"kind":"FreeForm"},"position":{"x":-1.0,"y":-1.0},"size":{"width":125.0,"height":150.0},"borderNodes":[],"childNodes":[],"customizedProperties":[],"defaultWidth":125,"defaultHeight":150,"labelEditable":false,"pinned":false}],"customizedProperties":[],"defaultWidth":150,"defaultHeight":60,"labelEditable":true,"pinned":false},{"id":"b204a1ff-1de4-3ce9-8a60-b3e60a69979d","type":"node:rectangle","targetObjectId":"ac32bd9e-533e-43c4-9334-87e519891127","targetObjectKind":"siriusComponents://semantic?domain=sysml&entity=PartUsage","targetObjectLabel":"connectionModule","descriptionId":"siriusComponents://nodeDescription?sourceKind=view&sourceId=74c5d045-51d7-359f-9634-611d0f1bef3d&sourceElementId=700133eb-7806-3dce-98d2-9ec37d212aaa","borderNode":false,"modifiers":[],"state":"Normal","collapsingState":"EXPANDED","insideLabel":{"id":"090dffaf-b0ec-3ee8-a0aa-989d454a4029","text":"«ref part»\nconnectionModule : ConnectivityModule","insideLabelLocation":"TOP_CENTER","style":{"color":"#000000","fontSize":14,"bold":false,"italic":false,"underline":false,"strikeThrough":false,"iconURL":["/icons/full/obj16/PartUsage.svg"],"background":"transparent","borderColor":"black","borderSize":0,"borderRadius":3,"borderStyle":"Solid"},"isHeader":true,"displayHeaderSeparator":true,"overflowStrategy":"NONE","textAlign":"CENTER"},"outsideLabels":[],"style":{"background":"#ffffff","borderColor":"#000000","borderSize":1,"borderRadius":10,"borderStyle":"Solid"},"childrenLayoutStrategy":{"areChildNodesDraggable":false,"topGap":0,"bottomGap":0,"growableNodeIds":["siriusComponents://nodeDescription?sourceKind=view&sourceId=74c5d045-51d7-359f-9634-611d0f1bef3d&sourceElementId=a77b4c6c-526d-3fe4-822b-de505f743123"],"kind":"List"},"position":{"x":-1.0,"y":-1.0},"size":{"width":150.0,"height":60.0},"borderNodes":[{"id":"0d692fe8-9e77-30e8-b7f0-1d9250a6e77f","type":"node:rectangle","targetObjectId":"36ec6d1c-4f84-4ecf-973d-1f91c760f367","targetObjectKind":"siriusComponents://semantic?domain=sysml&entity=PortUsage","targetObjectLabel":"connectionPort","descriptionId":"siriusComponents://nodeDescription?sourceKind=view&sourceId=74c5d045-51d7-359f-9634-611d0f1bef3d&sourceElementId=de70405c-a973-3bca-88a6-c6829548952d","borderNode":true,"modifiers":[],"state":"Normal","collapsingState":"EXPANDED","insideLabel":null,"outsideLabels":[{"id":"5d0dc7f4-3deb-3a1e-b724-77cd8e14ffaa","text":"connectionPort : ConnectionPort","outsideLabelLocation":"BOTTOM_MIDDLE","style":{"color":"#000000","fontSize":12,"bold":false,"italic":false,"underline":false,"strikeThrough":false,"iconURL":[],"background":"transparent","borderColor":"black","borderSize":0,"borderRadius":3,"borderStyle":"Solid"},"overflowStrategy":"NONE","textAlign":"LEFT"}],"style":{"background":"#ffffff","borderColor":"#000000","borderSize":1,"borderRadius":0,"borderStyle":"Solid"},"childrenLayoutStrategy":null,"position":{"x":-1.0,"y":-1.0},"size":{"width":10.0,"height":10.0},"borderNodes":[],"childNodes":[],"customizedProperties":[],"defaultWidth":10,"defaultHeight":10,"labelEditable":true,"pinned":false}],"childNodes":[{"id":"49ab6e3e-7bc8-3830-a247-3864769d79b7","type":"node:rectangle","targetObjectId":"ac32bd9e-533e-43c4-9334-87e519891127","targetObjectKind":"siriusComponents://semantic?domain=sysml&entity=PartUsage","targetObjectLabel":"connectionModule","descriptionId":"siriusComponents://nodeDescription?sourceKind=view&sourceId=74c5d045-51d7-359f-9634-611d0f1bef3d&sourceElementId=9f871f18-dbda-3798-8e28-094acfae6a2d","borderNode":false,"modifiers":["Hidden"],"state":"Hidden","collapsingState":"EXPANDED","insideLabel":{"id":"06754616-0da7-3fcd-acb1-8cc7625e309d","text":"doc","insideLabelLocation":"TOP_CENTER","style":{"color":"#000000","fontSize":12,"bold":false,"italic":true,"underline":false,"strikeThrough":false,"iconURL":[],"background":"transparent","borderColor":"black","borderSize":0,"borderRadius":3,"borderStyle":"Solid"},"isHeader":true,"displayHeaderSeparator":false,"overflowStrategy":"NONE","textAlign":"CENTER"},"outsideLabels":[],"style":{"background":"transparent","borderColor":"#000000","borderSize":1,"borderRadius":0,"borderStyle":"Solid"},"childrenLayoutStrategy":{"areChildNodesDraggable":true,"topGap":0,"bottomGap":10,"growableNodeIds":[],"kind":"List"},"position":{"x":-1.0,"y":-1.0},"size":{"width":125.0,"height":60.0},"borderNodes":[],"childNodes":[],"customizedProperties":[],"defaultWidth":125,"defaultHeight":60,"labelEditable":false,"pinned":false},{"id":"0c76d7d5-6a91-3c88-85ce-21a020dd0615","type":"node:rectangle","targetObjectId":"ac32bd9e-533e-43c4-9334-87e519891127","targetObjectKind":"siriusComponents://semantic?domain=sysml&entity=PartUsage","targetObjectLabel":"connectionModule","descriptionId":"siriusComponents://nodeDescription?sourceKind=view&sourceId=74c5d045-51d7-359f-9634-611d0f1bef3d&sourceElementId=85d2283f-c727-34f0-ba1b-695e544d15a7","borderNode":false,"modifiers":["Hidden"],"state":"Hidden","collapsingState":"EXPANDED","insideLabel":{"id":"54ca5ac8-8f08-364b-a077-91052065e995","text":"attributes","insideLabelLocation":"TOP_CENTER","style":{"color":"#000000","fontSize":12,"bold":false,"italic":true,"underline":false,"strikeThrough":false,"iconURL":[],"background":"transparent","borderColor":"black","borderSize":0,"borderRadius":3,"borderStyle":"Solid"},"isHeader":true,"displayHeaderSeparator":false,"overflowStrategy":"NONE","textAlign":"CENTER"},"outsideLabels":[],"style":{"background":"transparent","borderColor":"#000000","borderSize":1,"borderRadius":0,"borderStyle":"Solid"},"childrenLayoutStrategy":{"areChildNodesDraggable":true,"topGap":0,"bottomGap":10,"growableNodeIds":[],"kind":"List"},"position":{"x":-1.0,"y":-1.0},"size":{"width":125.0,"height":60.0},"borderNodes":[],"childNodes":[{"id":"52a7e287-5256-36b0-85e4-7d0d610184de","type":"node:icon-label","targetObjectId":"b081cc8f-6972-4806-bfa9-0d08089b944e","targetObjectKind":"siriusComponents://semantic?domain=sysml&entity=AttributeUsage","targetObjectLabel":"communicationProtocol","descriptionId":"siriusComponents://nodeDescription?sourceKind=view&sourceId=74c5d045-51d7-359f-9634-611d0f1bef3d&sourceElementId=476c2177-8dca-3dfc-a55d-d5ab09e6eaf2","borderNode":false,"modifiers":[],"state":"Hidden","collapsingState":"EXPANDED","insideLabel":{"id":"98f3432b-37ce-3edd-917b-ae8d5c5e196b","text":"^communicationProtocol","insideLabelLocation":"TOP_LEFT","style":{"color":"#000000","fontSize":14,"bold":false,"italic":true,"underline":false,"strikeThrough":false,"iconURL":["/icons/full/obj16/AttributeUsage.svg"],"background":"transparent","borderColor":"black","borderSize":0,"borderRadius":3,"borderStyle":"Solid"},"isHeader":false,"displayHeaderSeparator":false,"overflowStrategy":"WRAP","textAlign":"LEFT"},"outsideLabels":[],"style":{"background":"transparent"},"childrenLayoutStrategy":null,"position":{"x":-1.0,"y":-1.0},"size":{"width":125.0,"height":15.0},"borderNodes":[],"childNodes":[],"customizedProperties":[],"defaultWidth":125,"defaultHeight":15,"labelEditable":false,"pinned":false}],"customizedProperties":[],"defaultWidth":125,"defaultHeight":60,"labelEditable":false,"pinned":false},{"id":"88c515ea-d44c-3b62-9f32-9398f149935d","type":"node:rectangle","targetObjectId":"ac32bd9e-533e-43c4-9334-87e519891127","targetObjectKind":"siriusComponents://semantic?domain=sysml&entity=PartUsage","targetObjectLabel":"connectionModule","descriptionId":"siriusComponents://nodeDescription?sourceKind=view&sourceId=74c5d045-51d7-359f-9634-611d0f1bef3d&sourceElementId=a77b4c6c-526d-3fe4-822b-de505f743123","borderNode":false,"modifiers":["Hidden"],"state":"Hidden","collapsingState":"EXPANDED","insideLabel":{"id":"114a7f3e-401b-3523-bad9-294904dd9d88","text":"parts","insideLabelLocation":"TOP_CENTER","style":{"color":"#000000","fontSize":12,"bold":false,"italic":true,"underline":false,"strikeThrough":false,"iconURL":[],"background":"transparent","borderColor":"black","borderSize":0,"borderRadius":3,"borderStyle":"Solid"},"isHeader":true,"displayHeaderSeparator":false,"overflowStrategy":"NONE","textAlign":"CENTER"},"outsideLabels":[],"style":{"background":"transparent","borderColor":"#000000","borderSize":1,"borderRadius":0,"borderStyle":"Solid"},"childrenLayoutStrategy":{"kind":"FreeForm"},"position":{"x":-1.0,"y":-1.0},"size":{"width":125.0,"height":150.0},"borderNodes":[],"childNodes":[],"customizedProperties":[],"defaultWidth":125,"defaultHeight":150,"labelEditable":false,"pinned":false}],"customizedProperties":[],"defaultWidth":150,"defaultHeight":60,"labelEditable":true,"pinned":false},{"id":"63440a51-d53b-322f-8e1a-1e2f6d223b7f","type":"node:rectangle","targetObjectId":"ca97709e-742f-4b80-9018-18c85741a989","targetObjectKind":"siriusComponents://semantic?domain=sysml&entity=PartUsage","targetObjectLabel":"wallDisplay","descriptionId":"siriusComponents://nodeDescription?sourceKind=view&sourceId=74c5d045-51d7-359f-9634-611d0f1bef3d&sourceElementId=700133eb-7806-3dce-98d2-9ec37d212aaa","borderNode":false,"modifiers":[],"state":"Normal","collapsingState":"EXPANDED","insideLabel":{"id":"83828859-a08a-3f65-947a-0f655e483542","text":"«part»\nwallDisplay : DisplayModule","insideLabelLocation":"TOP_CENTER","style":{"color":"#000000","fontSize":14,"bold":false,"italic":false,"underline":false,"strikeThrough":false,"iconURL":["/icons/full/obj16/PartUsage.svg"],"background":"transparent","borderColor":"black","borderSize":0,"borderRadius":3,"borderStyle":"Solid"},"isHeader":true,"displayHeaderSeparator":true,"overflowStrategy":"NONE","textAlign":"CENTER"},"outsideLabels":[],"style":{"background":"#ffffff","borderColor":"#000000","borderSize":1,"borderRadius":10,"borderStyle":"Solid"},"childrenLayoutStrategy":{"areChildNodesDraggable":false,"topGap":0,"bottomGap":0,"growableNodeIds":["siriusComponents://nodeDescription?sourceKind=view&sourceId=74c5d045-51d7-359f-9634-611d0f1bef3d&sourceElementId=a77b4c6c-526d-3fe4-822b-de505f743123"],"kind":"List"},"position":{"x":-1.0,"y":-1.0},"size":{"width":150.0,"height":60.0},"borderNodes":[{"id":"8d1a35b0-c27b-34de-a759-47d9c114dcb5","type":"node:image","targetObjectId":"ca056a8f-38dd-4277-a8e4-456f72683210","targetObjectKind":"siriusComponents://semantic?domain=sysml&entity=PortUsage","targetObjectLabel":"port","descriptionId":"siriusComponents://nodeDescription?sourceKind=view&sourceId=74c5d045-51d7-359f-9634-611d0f1bef3d&sourceElementId=de70405c-a973-3bca-88a6-c6829548952d","borderNode":true,"modifiers":[],"state":"Normal","collapsingState":"EXPANDED","insideLabel":null,"outsideLabels":[{"id":"9e4994a8-d901-37f8-99ca-6b8418206338","text":"port","outsideLabelLocation":"BOTTOM_MIDDLE","style":{"color":"#000000","fontSize":12,"bold":false,"italic":false,"underline":false,"strikeThrough":false,"iconURL":[],"background":"transparent","borderColor":"black","borderSize":0,"borderRadius":3,"borderStyle":"Solid"},"overflowStrategy":"NONE","textAlign":"LEFT"}],"style":{"imageURL":"/images/Feature_Inout.svg","scalingFactor":1,"borderColor":"#000000","borderSize":1,"borderRadius":0,"borderStyle":"Solid","positionDependentRotation":true},"childrenLayoutStrategy":null,"position":{"x":-1.0,"y":-1.0},"size":{"width":10.0,"height":10.0},"borderNodes":[],"childNodes":[],"customizedProperties":[],"defaultWidth":10,"defaultHeight":10,"labelEditable":true,"pinned":false}],"childNodes":[{"id":"6a3569ea-12f5-3413-8867-da718b1bb800","type":"node:rectangle","targetObjectId":"ca97709e-742f-4b80-9018-18c85741a989","targetObjectKind":"siriusComponents://semantic?domain=sysml&entity=PartUsage","targetObjectLabel":"wallDisplay","descriptionId":"siriusComponents://nodeDescription?sourceKind=view&sourceId=74c5d045-51d7-359f-9634-611d0f1bef3d&sourceElementId=9f871f18-dbda-3798-8e28-094acfae6a2d","borderNode":false,"modifiers":["Hidden"],"state":"Hidden","collapsingState":"EXPANDED","insideLabel":{"id":"e7480ab3-1202-3ca7-ab19-486af3204405","text":"doc","insideLabelLocation":"TOP_CENTER","style":{"color":"#000000","fontSize":12,"bold":false,"italic":true,"underline":false,"strikeThrough":false,"iconURL":[],"background":"transparent","borderColor":"black","borderSize":0,"borderRadius":3,"borderStyle":"Solid"},"isHeader":true,"displayHeaderSeparator":false,"overflowStrategy":"NONE","textAlign":"CENTER"},"outsideLabels":[],"style":{"background":"transparent","borderColor":"#000000","borderSize":1,"borderRadius":0,"borderStyle":"Solid"},"childrenLayoutStrategy":{"areChildNodesDraggable":true,"topGap":0,"bottomGap":10,"growableNodeIds":[],"kind":"List"},"position":{"x":-1.0,"y":-1.0},"size":{"width":125.0,"height":60.0},"borderNodes":[],"childNodes":[],"customizedProperties":[],"defaultWidth":125,"defaultHeight":60,"labelEditable":false,"pinned":false},{"id":"1e8ee91f-aacd-3e52-88cb-2b2f78b8e8f9","type":"node:rectangle","targetObjectId":"ca97709e-742f-4b80-9018-18c85741a989","targetObjectKind":"siriusComponents://semantic?domain=sysml&entity=PartUsage","targetObjectLabel":"wallDisplay","descriptionId":"siriusComponents://nodeDescription?sourceKind=view&sourceId=74c5d045-51d7-359f-9634-611d0f1bef3d&sourceElementId=85d2283f-c727-34f0-ba1b-695e544d15a7","borderNode":false,"modifiers":["Hidden"],"state":"Hidden","collapsingState":"EXPANDED","insideLabel":{"id":"7a96a39f-e6bf-360a-97ec-a599942c29bb","text":"attributes","insideLabelLocation":"TOP_CENTER","style":{"color":"#000000","fontSize":12,"bold":false,"italic":true,"underline":false,"strikeThrough":false,"iconURL":[],"background":"transparent","borderColor":"black","borderSize":0,"borderRadius":3,"borderStyle":"Solid"},"isHeader":true,"displayHeaderSeparator":false,"overflowStrategy":"NONE","textAlign":"CENTER"},"outsideLabels":[],"style":{"background":"transparent","borderColor":"#000000","borderSize":1,"borderRadius":0,"borderStyle":"Solid"},"childrenLayoutStrategy":{"areChildNodesDraggable":true,"topGap":0,"bottomGap":10,"growableNodeIds":[],"kind":"List"},"position":{"x":-1.0,"y":-1.0},"size":{"width":125.0,"height":60.0},"borderNodes":[],"childNodes":[{"id":"5cde53bc-9ff7-3c3f-9421-f1cd2de7b035","type":"node:icon-label","targetObjectId":"687c1365-bba5-45db-8ed7-e43637f3c2b6","targetObjectKind":"siriusComponents://semantic?domain=sysml&entity=AttributeUsage","targetObjectLabel":"displayType","descriptionId":"siriusComponents://nodeDescription?sourceKind=view&sourceId=74c5d045-51d7-359f-9634-611d0f1bef3d&sourceElementId=476c2177-8dca-3dfc-a55d-d5ab09e6eaf2","borderNode":false,"modifiers":[],"state":"Hidden","collapsingState":"EXPANDED","insideLabel":{"id":"9287b6b0-ac3f-3c07-9868-e603eac831f7","text":"^displayType","insideLabelLocation":"TOP_LEFT","style":{"color":"#000000","fontSize":14,"bold":false,"italic":true,"underline":false,"strikeThrough":false,"iconURL":["/icons/full/obj16/AttributeUsage.svg"],"background":"transparent","borderColor":"black","borderSize":0,"borderRadius":3,"borderStyle":"Solid"},"isHeader":false,"displayHeaderSeparator":false,"overflowStrategy":"WRAP","textAlign":"LEFT"},"outsideLabels":[],"style":{"background":"transparent"},"childrenLayoutStrategy":null,"position":{"x":-1.0,"y":-1.0},"size":{"width":125.0,"height":15.0},"borderNodes":[],"childNodes":[],"customizedProperties":[],"defaultWidth":125,"defaultHeight":15,"labelEditable":false,"pinned":false}],"customizedProperties":[],"defaultWidth":125,"defaultHeight":60,"labelEditable":false,"pinned":false},{"id":"a3d2e708-c164-3171-954f-f42491e64d60","type":"node:rectangle","targetObjectId":"ca97709e-742f-4b80-9018-18c85741a989","targetObjectKind":"siriusComponents://semantic?domain=sysml&entity=PartUsage","targetObjectLabel":"wallDisplay","descriptionId":"siriusComponents://nodeDescription?sourceKind=view&sourceId=74c5d045-51d7-359f-9634-611d0f1bef3d&sourceElementId=a77b4c6c-526d-3fe4-822b-de505f743123","borderNode":false,"modifiers":["Hidden"],"state":"Hidden","collapsingState":"EXPANDED","insideLabel":{"id":"bfa44b14-c620-3351-a30d-4203d4c8075f","text":"parts","insideLabelLocation":"TOP_CENTER","style":{"color":"#000000","fontSize":12,"bold":false,"italic":true,"underline":false,"strikeThrough":false,"iconURL":[],"background":"transparent","borderColor":"black","borderSize":0,"borderRadius":3,"borderStyle":"Solid"},"isHeader":true,"displayHeaderSeparator":false,"overflowStrategy":"NONE","textAlign":"CENTER"},"outsideLabels":[],"style":{"background":"transparent","borderColor":"#000000","borderSize":1,"borderRadius":0,"borderStyle":"Solid"},"childrenLayoutStrategy":{"kind":"FreeForm"},"position":{"x":-1.0,"y":-1.0},"size":{"width":125.0,"height":150.0},"borderNodes":[],"childNodes":[],"customizedProperties":[],"defaultWidth":125,"defaultHeight":150,"labelEditable":false,"pinned":false}],"customizedProperties":[],"defaultWidth":150,"defaultHeight":60,"labelEditable":true,"pinned":false},{"id":"1f000564-113c-3296-9e57-debfdec0a461","type":"node:rectangle","targetObjectId":"cc52cc3f-d58c-468b-9910-c41dd05f28d4","targetObjectKind":"siriusComponents://semantic?domain=sysml&entity=PartUsage","targetObjectLabel":"textCapture","descriptionId":"siriusComponents://nodeDescription?sourceKind=view&sourceId=74c5d045-51d7-359f-9634-611d0f1bef3d&sourceElementId=700133eb-7806-3dce-98d2-9ec37d212aaa","borderNode":false,"modifiers":[],"state":"Normal","collapsingState":"EXPANDED","insideLabel":{"id":"907a66f2-18b8-336b-9346-b66fae87f8ec","text":"«part»\ntextCapture : IdeaCaptureModule","insideLabelLocation":"TOP_CENTER","style":{"color":"#000000","fontSize":14,"bold":false,"italic":false,"underline":false,"strikeThrough":false,"iconURL":["/icons/full/obj16/PartUsage.svg"],"background":"transparent","borderColor":"black","borderSize":0,"borderRadius":3,"borderStyle":"Solid"},"isHeader":true,"displayHeaderSeparator":true,"overflowStrategy":"NONE","textAlign":"CENTER"},"outsideLabels":[],"style":{"background":"#ffffff","borderColor":"#000000","borderSize":1,"borderRadius":10,"borderStyle":"Solid"},"childrenLayoutStrategy":{"areChildNodesDraggable":false,"topGap":0,"bottomGap":0,"growableNodeIds":["siriusComponents://nodeDescription?sourceKind=view&sourceId=74c5d045-51d7-359f-9634-611d0f1bef3d&sourceElementId=a77b4c6c-526d-3fe4-822b-de505f743123"],"kind":"List"},"position":{"x":-1.0,"y":-1.0},"size":{"width":150.0,"height":60.0},"borderNodes":[{"id":"61c400ed-eadb-3750-8a86-1e92a46dd4b5","type":"node:image","targetObjectId":"b4cbd30b-3b1a-4f40-bb8e-f62d3861da2f","targetObjectKind":"siriusComponents://semantic?domain=sysml&entity=PortUsage","targetObjectLabel":"port","descriptionId":"siriusComponents://nodeDescription?sourceKind=view&sourceId=74c5d045-51d7-359f-9634-611d0f1bef3d&sourceElementId=de70405c-a973-3bca-88a6-c6829548952d","borderNode":true,"modifiers":[],"state":"Normal","collapsingState":"EXPANDED","insideLabel":null,"outsideLabels":[{"id":"60a7bf29-8db4-3a32-ace4-3add13b5bba4","text":"port","outsideLabelLocation":"BOTTOM_MIDDLE","style":{"color":"#000000","fontSize":12,"bold":false,"italic":false,"underline":false,"strikeThrough":false,"iconURL":[],"background":"transparent","borderColor":"black","borderSize":0,"borderRadius":3,"borderStyle":"Solid"},"overflowStrategy":"NONE","textAlign":"LEFT"}],"style":{"imageURL":"/images/Feature_Inout.svg","scalingFactor":1,"borderColor":"#000000","borderSize":1,"borderRadius":0,"borderStyle":"Solid","positionDependentRotation":true},"childrenLayoutStrategy":null,"position":{"x":-1.0,"y":-1.0},"size":{"width":10.0,"height":10.0},"borderNodes":[],"childNodes":[],"customizedProperties":[],"defaultWidth":10,"defaultHeight":10,"labelEditable":true,"pinned":false}],"childNodes":[{"id":"eba15c1e-5573-3149-832f-464b606fa53a","type":"node:rectangle","targetObjectId":"cc52cc3f-d58c-468b-9910-c41dd05f28d4","targetObjectKind":"siriusComponents://semantic?domain=sysml&entity=PartUsage","targetObjectLabel":"textCapture","descriptionId":"siriusComponents://nodeDescription?sourceKind=view&sourceId=74c5d045-51d7-359f-9634-611d0f1bef3d&sourceElementId=9f871f18-dbda-3798-8e28-094acfae6a2d","borderNode":false,"modifiers":["Hidden"],"state":"Hidden","collapsingState":"EXPANDED","insideLabel":{"id":"db196da4-0c7c-337c-bf4e-9d098c96cdc1","text":"doc","insideLabelLocation":"TOP_CENTER","style":{"color":"#000000","fontSize":12,"bold":false,"italic":true,"underline":false,"strikeThrough":false,"iconURL":[],"background":"transparent","borderColor":"black","borderSize":0,"borderRadius":3,"borderStyle":"Solid"},"isHeader":true,"displayHeaderSeparator":false,"overflowStrategy":"NONE","textAlign":"CENTER"},"outsideLabels":[],"style":{"background":"transparent","borderColor":"#000000","borderSize":1,"borderRadius":0,"borderStyle":"Solid"},"childrenLayoutStrategy":{"areChildNodesDraggable":true,"topGap":0,"bottomGap":10,"growableNodeIds":[],"kind":"List"},"position":{"x":-1.0,"y":-1.0},"size":{"width":125.0,"height":60.0},"borderNodes":[],"childNodes":[],"customizedProperties":[],"defaultWidth":125,"defaultHeight":60,"labelEditable":false,"pinned":false},{"id":"e834f5a4-c481-3525-971c-3ba9fa0ed17e","type":"node:rectangle","targetObjectId":"cc52cc3f-d58c-468b-9910-c41dd05f28d4","targetObjectKind":"siriusComponents://semantic?domain=sysml&entity=PartUsage","targetObjectLabel":"textCapture","descriptionId":"siriusComponents://nodeDescription?sourceKind=view&sourceId=74c5d045-51d7-359f-9634-611d0f1bef3d&sourceElementId=85d2283f-c727-34f0-ba1b-695e544d15a7","borderNode":false,"modifiers":["Hidden"],"state":"Hidden","collapsingState":"EXPANDED","insideLabel":{"id":"ac8dc3ea-b039-32df-be3a-99067a077875","text":"attributes","insideLabelLocation":"TOP_CENTER","style":{"color":"#000000","fontSize":12,"bold":false,"italic":true,"underline":false,"strikeThrough":false,"iconURL":[],"background":"transparent","borderColor":"black","borderSize":0,"borderRadius":3,"borderStyle":"Solid"},"isHeader":true,"displayHeaderSeparator":false,"overflowStrategy":"NONE","textAlign":"CENTER"},"outsideLabels":[],"style":{"background":"transparent","borderColor":"#000000","borderSize":1,"borderRadius":0,"borderStyle":"Solid"},"childrenLayoutStrategy":{"areChildNodesDraggable":true,"topGap":0,"bottomGap":10,"growableNodeIds":[],"kind":"List"},"position":{"x":-1.0,"y":-1.0},"size":{"width":125.0,"height":60.0},"borderNodes":[],"childNodes":[{"id":"f23d724b-6e43-34b3-b6ed-4107f055d7d3","type":"node:icon-label","targetObjectId":"8ed88795-c255-44f0-904c-2f0a826cafc4","targetObjectKind":"siriusComponents://semantic?domain=sysml&entity=AttributeUsage","targetObjectLabel":"captureType","descriptionId":"siriusComponents://nodeDescription?sourceKind=view&sourceId=74c5d045-51d7-359f-9634-611d0f1bef3d&sourceElementId=476c2177-8dca-3dfc-a55d-d5ab09e6eaf2","borderNode":false,"modifiers":[],"state":"Hidden","collapsingState":"EXPANDED","insideLabel":{"id":"a5b566cd-0bc8-3c2c-8ab6-7b0fee14a161","text":"^captureType : CaptureType","insideLabelLocation":"TOP_LEFT","style":{"color":"#000000","fontSize":14,"bold":false,"italic":true,"underline":false,"strikeThrough":false,"iconURL":["/icons/full/obj16/AttributeUsage.svg"],"background":"transparent","borderColor":"black","borderSize":0,"borderRadius":3,"borderStyle":"Solid"},"isHeader":false,"displayHeaderSeparator":false,"overflowStrategy":"WRAP","textAlign":"LEFT"},"outsideLabels":[],"style":{"background":"transparent"},"childrenLayoutStrategy":null,"position":{"x":-1.0,"y":-1.0},"size":{"width":125.0,"height":15.0},"borderNodes":[],"childNodes":[],"customizedProperties":[],"defaultWidth":125,"defaultHeight":15,"labelEditable":false,"pinned":false}],"customizedProperties":[],"defaultWidth":125,"defaultHeight":60,"labelEditable":false,"pinned":false},{"id":"0b58c56a-e5a3-33a5-929e-42ca84f63db7","type":"node:rectangle","targetObjectId":"cc52cc3f-d58c-468b-9910-c41dd05f28d4","targetObjectKind":"siriusComponents://semantic?domain=sysml&entity=PartUsage","targetObjectLabel":"textCapture","descriptionId":"siriusComponents://nodeDescription?sourceKind=view&sourceId=74c5d045-51d7-359f-9634-611d0f1bef3d&sourceElementId=a77b4c6c-526d-3fe4-822b-de505f743123","borderNode":false,"modifiers":["Hidden"],"state":"Hidden","collapsingState":"EXPANDED","insideLabel":{"id":"78f5d503-278e-3042-b542-972cf26a651f","text":"parts","insideLabelLocation":"TOP_CENTER","style":{"color":"#000000","fontSize":12,"bold":false,"italic":true,"underline":false,"strikeThrough":false,"iconURL":[],"background":"transparent","borderColor":"black","borderSize":0,"borderRadius":3,"borderStyle":"Solid"},"isHeader":true,"displayHeaderSeparator":false,"overflowStrategy":"NONE","textAlign":"CENTER"},"outsideLabels":[],"style":{"background":"transparent","borderColor":"#000000","borderSize":1,"borderRadius":0,"borderStyle":"Solid"},"childrenLayoutStrategy":{"kind":"FreeForm"},"position":{"x":-1.0,"y":-1.0},"size":{"width":125.0,"height":150.0},"borderNodes":[],"childNodes":[],"customizedProperties":[],"defaultWidth":125,"defaultHeight":150,"labelEditable":false,"pinned":false}],"customizedProperties":[],"defaultWidth":150,"defaultHeight":60,"labelEditable":true,"pinned":false}],"customizedProperties":[],"defaultWidth":700,"defaultHeight":400,"labelEditable":true,"pinned":false}],"edges":[{"id":"d8bdbf3a-f28c-3433-b3f3-58144e545cf7","type":"edge:straight","targetObjectId":"f5525332-feec-47f8-940d-8073d029bcdc","targetObjectKind":"siriusComponents://semantic?domain=sysml&entity=BindingConnectorAsUsage","targetObjectLabel":"bind","descriptionId":"siriusComponents://edgeDescription?sourceKind=view&sourceId=74c5d045-51d7-359f-9634-611d0f1bef3d&sourceElementId=3d1c5a31-5567-3e8a-8cd5-011bc74140f3","beginLabel":null,"centerLabel":null,"endLabel":null,"sourceId":"8d1a35b0-c27b-34de-a759-47d9c114dcb5","targetId":"0d692fe8-9e77-30e8-b7f0-1d9250a6e77f","modifiers":[],"state":"Normal","style":{"size":1,"lineStyle":"Solid","sourceArrow":"None","targetArrow":"None","color":"#000000"},"routingPoints":[],"sourceAnchorRelativePosition":{"x":-1.0,"y":-1.0},"targetAnchorRelativePosition":{"x":-1.0,"y":-1.0},"centerLabelEditable":false},{"id":"b2e4a785-1971-3855-97bb-902913be7387","type":"edge:straight","targetObjectId":"dff33dd6-7270-49bf-ba68-160d5c2e512b","targetObjectKind":"siriusComponents://semantic?domain=sysml&entity=BindingConnectorAsUsage","targetObjectLabel":"bind","descriptionId":"siriusComponents://edgeDescription?sourceKind=view&sourceId=74c5d045-51d7-359f-9634-611d0f1bef3d&sourceElementId=3d1c5a31-5567-3e8a-8cd5-011bc74140f3","beginLabel":null,"centerLabel":null,"endLabel":null,"sourceId":"8d1a35b0-c27b-34de-a759-47d9c114dcb5","targetId":"60d6ee81-14ac-30b5-bd5f-dba0881cd39d","modifiers":[],"state":"Normal","style":{"size":1,"lineStyle":"Solid","sourceArrow":"None","targetArrow":"None","color":"#000000"},"routingPoints":[],"sourceAnchorRelativePosition":{"x":-1.0,"y":-1.0},"targetAnchorRelativePosition":{"x":-1.0,"y":-1.0},"centerLabelEditable":false},{"id":"82b7ac2a-4af5-3c6b-aca1-dd88c020c815","type":"edge:straight","targetObjectId":"10e6d512-18ae-43cf-8435-b2302cf8d45d","targetObjectKind":"siriusComponents://semantic?domain=sysml&entity=BindingConnectorAsUsage","targetObjectLabel":"bind","descriptionId":"siriusComponents://edgeDescription?sourceKind=view&sourceId=74c5d045-51d7-359f-9634-611d0f1bef3d&sourceElementId=3d1c5a31-5567-3e8a-8cd5-011bc74140f3","beginLabel":null,"centerLabel":null,"endLabel":null,"sourceId":"8d1a35b0-c27b-34de-a759-47d9c114dcb5","targetId":"61c400ed-eadb-3750-8a86-1e92a46dd4b5","modifiers":[],"state":"Normal","style":{"size":1,"lineStyle":"Solid","sourceArrow":"None","targetArrow":"None","color":"#000000"},"routingPoints":[],"sourceAnchorRelativePosition":{"x":-1.0,"y":-1.0},"targetAnchorRelativePosition":{"x":-1.0,"y":-1.0},"centerLabelEditable":false},{"id":"f1441422-6b45-3369-8792-97c09ca30238","type":"edge:straight","targetObjectId":"211fe46d-9191-4e50-abfe-12d249bd264e","targetObjectKind":"siriusComponents://semantic?domain=sysml&entity=BindingConnectorAsUsage","targetObjectLabel":"bind","descriptionId":"siriusComponents://edgeDescription?sourceKind=view&sourceId=74c5d045-51d7-359f-9634-611d0f1bef3d&sourceElementId=3d1c5a31-5567-3e8a-8cd5-011bc74140f3","beginLabel":null,"centerLabel":null,"endLabel":null,"sourceId":"c8bb9a9b-957b-3bfd-a20d-50d648666736","targetId":"61c400ed-eadb-3750-8a86-1e92a46dd4b5","modifiers":[],"state":"Normal","style":{"size":1,"lineStyle":"Solid","sourceArrow":"None","targetArrow":"None","color":"#000000"},"routingPoints":[],"sourceAnchorRelativePosition":{"x":-1.0,"y":-1.0},"targetAnchorRelativePosition":{"x":-1.0,"y":-1.0},"centerLabelEditable":false},{"id":"8d8ec1a3-4a14-34c8-bcff-96c70b3f918d","type":"edge:straight","targetObjectId":"b5da7f32-82ff-4583-9fb3-1a8ddde09792","targetObjectKind":"siriusComponents://semantic?domain=sysml&entity=InterfaceUsage","targetObjectLabel":"connect","descriptionId":"siriusComponents://edgeDescription?sourceKind=view&sourceId=74c5d045-51d7-359f-9634-611d0f1bef3d&sourceElementId=7db99014-f420-3870-a82d-e89fe629a555","beginLabel":null,"centerLabel":{"id":"6dd1e392-43d6-3a85-9cda-0ec0bd44c3da","type":"label:edge-center","text":"connect","position":{"x":-1.0,"y":-1.0},"size":{"width":-1.0,"height":-1.0},"alignment":{"x":-1.0,"y":-1.0},"style":{"color":"#000000","fontSize":14,"bold":false,"italic":false,"underline":false,"strikeThrough":false,"iconURL":[],"background":"transparent","borderColor":"black","borderSize":0,"borderRadius":3,"borderStyle":"Solid"}},"endLabel":null,"sourceId":"60d6ee81-14ac-30b5-bd5f-dba0881cd39d","targetId":"c8bb9a9b-957b-3bfd-a20d-50d648666736","modifiers":[],"state":"Normal","style":{"size":1,"lineStyle":"Solid","sourceArrow":"None","targetArrow":"None","color":"#000000"},"routingPoints":[],"sourceAnchorRelativePosition":{"x":-1.0,"y":-1.0},"targetAnchorRelativePosition":{"x":-1.0,"y":-1.0},"centerLabelEditable":true},{"id":"ed2b78ac-e27d-338c-95fe-c052bd2a4e98","type":"edge:straight","targetObjectId":"23948ecd-6014-4f0d-8d2c-574ad0ab37e3","targetObjectKind":"siriusComponents://semantic?domain=sysml&entity=InterfaceUsage","targetObjectLabel":"connect","descriptionId":"siriusComponents://edgeDescription?sourceKind=view&sourceId=74c5d045-51d7-359f-9634-611d0f1bef3d&sourceElementId=7db99014-f420-3870-a82d-e89fe629a555","beginLabel":null,"centerLabel":{"id":"ba0fa1b8-35a4-3cc4-ab74-1004357ec12b","type":"label:edge-center","text":"connect","position":{"x":-1.0,"y":-1.0},"size":{"width":-1.0,"height":-1.0},"alignment":{"x":-1.0,"y":-1.0},"style":{"color":"#000000","fontSize":14,"bold":false,"italic":false,"underline":false,"strikeThrough":false,"iconURL":[],"background":"transparent","borderColor":"black","borderSize":0,"borderRadius":3,"borderStyle":"Solid"}},"endLabel":null,"sourceId":"c8bb9a9b-957b-3bfd-a20d-50d648666736","targetId":"0d692fe8-9e77-30e8-b7f0-1d9250a6e77f","modifiers":[],"state":"Normal","style":{"size":1,"lineStyle":"Solid","sourceArrow":"None","targetArrow":"None","color":"#000000"},"routingPoints":[],"sourceAnchorRelativePosition":{"x":-1.0,"y":-1.0},"targetAnchorRelativePosition":{"x":-1.0,"y":-1.0},"centerLabelEditable":true}],"layoutData":{"nodeLayoutData":{"61c400ed-eadb-3750-8a86-1e92a46dd4b5":{"id":"61c400ed-eadb-3750-8a86-1e92a46dd4b5","position":{"x":71.74232895442708,"y":-11.0},"size":{"width":16.0,"height":16.0},"resizedByUser":false},"0d692fe8-9e77-30e8-b7f0-1d9250a6e77f":{"id":"0d692fe8-9e77-30e8-b7f0-1d9250a6e77f","position":{"x":147.7361170732422,"y":55.0},"size":{"width":16.0,"height":16.0},"resizedByUser":false},"1d405324-e812-3c56-bc97-91ab4d0b6d28":{"id":"1d405324-e812-3c56-bc97-91ab4d0b6d28","position":{"x":12.0,"y":141.12832548486995},"size":{"width":237.78050746191406,"height":60.0},"resizedByUser":false},"0053ce20-0710-3f78-bfce-a96c2695d3fd":{"id":"0053ce20-0710-3f78-bfce-a96c2695d3fd","position":{"x":12.0,"y":301.12832548486995},"size":{"width":275.73221339453124,"height":60.0},"resizedByUser":false},"6033e94b-799e-3eaa-9e95-15f330fcfbf1":{"id":"6033e94b-799e-3eaa-9e95-15f330fcfbf1","position":{"x":-209.00000000000006,"y":12.0},"size":{"width":556.0,"height":474.433742545722},"resizedByUser":true},"b204a1ff-1de4-3ce9-8a60-b3e60a69979d":{"id":"b204a1ff-1de4-3ce9-8a60-b3e60a69979d","position":{"x":12.0,"y":381.12832548486995},"size":{"width":311.47223414648437,"height":60.0},"resizedByUser":false},"c8bb9a9b-957b-3bfd-a20d-50d648666736":{"id":"c8bb9a9b-957b-3bfd-a20d-50d648666736","position":{"x":232.78050746191406,"y":22.0},"size":{"width":16.0,"height":16.0},"resizedByUser":false},"8d1a35b0-c27b-34de-a759-47d9c114dcb5":{"id":"8d1a35b0-c27b-34de-a759-47d9c114dcb5","position":{"x":228.08653773535156,"y":8.0},"size":{"width":16.0,"height":16.0},"resizedByUser":false},"63440a51-d53b-322f-8e1a-1e2f6d223b7f":{"id":"63440a51-d53b-322f-8e1a-1e2f6d223b7f","position":{"x":12.0,"y":61.12832548486996},"size":{"width":233.08653773535156,"height":60.0},"resizedByUser":false},"1f000564-113c-3296-9e57-debfdec0a461":{"id":"1f000564-113c-3296-9e57-debfdec0a461","position":{"x":12.0,"y":221.12832548486995},"size":{"width":266.30899562109374,"height":60.0},"resizedByUser":false},"60d6ee81-14ac-30b5-bd5f-dba0881cd39d":{"id":"60d6ee81-14ac-30b5-bd5f-dba0881cd39d","position":{"x":102.83119174448598,"y":-11.0},"size":{"width":16.0,"height":16.0},"resizedByUser":false}},"edgeLayoutData":{},"labelLayoutData":{}}}}