{"id":"88e0aaa5-f3eb-4cd7-a066-1dbff310c6a4","projectId":"dd03cbcf-f447-4676-ab8d-582611e7b98a","descriptionId":"siriusComponents://representationDescription?kind=diagramDescription&sourceKind=view&sourceId=8dcd14b0-6259-3193-ad2c-743f394c68e4&sourceElementId=db495705-e917-319b-af55-a32ad63f4089","targetObjectId":"bff3be4f-696f-47c8-a804-0bd6dba97a3c","label":"General View","kind":"siriusComponents://representation?type=Diagram","representation":{"id":"88e0aaa5-f3eb-4cd7-a066-1dbff310c6a4","kind":"siriusComponents://representation?type=Diagram","targetObjectId":"bff3be4f-696f-47c8-a804-0bd6dba97a3c","descriptionId":"siriusComponents://representationDescription?kind=diagramDescription&sourceKind=view&sourceId=8dcd14b0-6259-3193-ad2c-743f394c68e4&sourceElementId=db495705-e917-319b-af55-a32ad63f4089","label":"CM to PoC1","position":{"x":-1.0,"y":-1.0},"size":{"width":-1.0,"height":-1.0},"nodes":[{"id":"f8789c5c-3921-3140-805a-488d8439142e","type":"node:rectangle","targetObjectId":"5a69578e-7977-408d-a778-c371abedd315","targetObjectKind":"siriusComponents://semantic?domain=sysml&entity=PartDefinition","targetObjectLabel":"IdeaCaptureModule","descriptionId":"siriusComponents://nodeDescription?sourceKind=view&sourceId=8dcd14b0-6259-3193-ad2c-743f394c68e4&sourceElementId=52de5719-4873-3c76-8e5b-8d94900d4b7f","borderNode":false,"modifiers":[],"state":"Normal","collapsingState":"EXPANDED","insideLabel":{"id":"3290dd99-5ee5-3ab2-b82e-29878636df5c","text":"«part def»\nIdeaCaptureModule","insideLabelLocation":"TOP_CENTER","style":{"color":"#000000","fontSize":14,"bold":false,"italic":false,"underline":false,"strikeThrough":false,"iconURL":["/icons/full/obj16/PartDefinition.svg"],"background":"transparent","borderColor":"black","borderSize":0,"borderRadius":3,"borderStyle":"Solid"},"isHeader":true,"displayHeaderSeparator":true,"overflowStrategy":"NONE","textAlign":"CENTER"},"outsideLabels":[],"style":{"background":"#ffffff","borderColor":"#000000","borderSize":1,"borderRadius":0,"borderStyle":"Solid"},"childrenLayoutStrategy":{"areChildNodesDraggable":false,"topGap":0,"bottomGap":0,"growableNodeIds":["siriusComponents://nodeDescription?sourceKind=view&sourceId=8dcd14b0-6259-3193-ad2c-743f394c68e4&sourceElementId=55d4b9e8-0e72-318b-9548-34ed7657c16c","siriusComponents://nodeDescription?sourceKind=view&sourceId=8dcd14b0-6259-3193-ad2c-743f394c68e4&sourceElementId=bbf5f364-e67f-3e69-9918-9eb94cc9d724"],"kind":"List"},"position":{"x":-1.0,"y":-1.0},"size":{"width":125.0,"height":60.0},"borderNodes":[],"childNodes":[{"id":"ebd527a0-95e8-3fee-890f-40cfdee59423","type":"node:rectangle","targetObjectId":"5a69578e-7977-408d-a778-c371abedd315","targetObjectKind":"siriusComponents://semantic?domain=sysml&entity=PartDefinition","targetObjectLabel":"IdeaCaptureModule","descriptionId":"siriusComponents://nodeDescription?sourceKind=view&sourceId=8dcd14b0-6259-3193-ad2c-743f394c68e4&sourceElementId=32da1a41-7187-3da3-ae52-f3cfc927b133","borderNode":false,"modifiers":["Hidden"],"state":"Hidden","collapsingState":"EXPANDED","insideLabel":{"id":"936cbf0d-f591-3cab-afcd-9c398d590a96","text":"doc","insideLabelLocation":"TOP_CENTER","style":{"color":"#000000","fontSize":12,"bold":false,"italic":true,"underline":false,"strikeThrough":false,"iconURL":[],"background":"transparent","borderColor":"black","borderSize":0,"borderRadius":3,"borderStyle":"Solid"},"isHeader":true,"displayHeaderSeparator":false,"overflowStrategy":"NONE","textAlign":"CENTER"},"outsideLabels":[],"style":{"background":"transparent","borderColor":"#000000","borderSize":1,"borderRadius":0,"borderStyle":"Solid"},"childrenLayoutStrategy":{"areChildNodesDraggable":true,"topGap":0,"bottomGap":10,"growableNodeIds":[],"kind":"List"},"position":{"x":-1.0,"y":-1.0},"size":{"width":125.0,"height":60.0},"borderNodes":[],"childNodes":[],"customizedProperties":[],"defaultWidth":125,"defaultHeight":60,"labelEditable":false,"pinned":false},{"id":"e6ee66f4-1645-37f9-aa3f-126addb46703","type":"node:rectangle","targetObjectId":"5a69578e-7977-408d-a778-c371abedd315","targetObjectKind":"siriusComponents://semantic?domain=sysml&entity=PartDefinition","targetObjectLabel":"IdeaCaptureModule","descriptionId":"siriusComponents://nodeDescription?sourceKind=view&sourceId=8dcd14b0-6259-3193-ad2c-743f394c68e4&sourceElementId=1d4e3253-3981-3d8a-9887-b887114e3a3e","borderNode":false,"modifiers":[],"state":"Normal","collapsingState":"EXPANDED","insideLabel":{"id":"71879abe-713a-3f72-857d-c07205c7a012","text":"attributes","insideLabelLocation":"TOP_CENTER","style":{"color":"#000000","fontSize":12,"bold":false,"italic":true,"underline":false,"strikeThrough":false,"iconURL":[],"background":"transparent","borderColor":"black","borderSize":0,"borderRadius":3,"borderStyle":"Solid"},"isHeader":true,"displayHeaderSeparator":false,"overflowStrategy":"NONE","textAlign":"CENTER"},"outsideLabels":[],"style":{"background":"transparent","borderColor":"#000000","borderSize":1,"borderRadius":0,"borderStyle":"Solid"},"childrenLayoutStrategy":{"areChildNodesDraggable":true,"topGap":0,"bottomGap":10,"growableNodeIds":[],"kind":"List"},"position":{"x":-1.0,"y":-1.0},"size":{"width":125.0,"height":60.0},"borderNodes":[],"childNodes":[{"id":"11f15269-a783-3192-ae31-d126f08cd834","type":"node:icon-label","targetObjectId":"8ed88795-c255-44f0-904c-2f0a826cafc4","targetObjectKind":"siriusComponents://semantic?domain=sysml&entity=AttributeUsage","targetObjectLabel":"captureType","descriptionId":"siriusComponents://nodeDescription?sourceKind=view&sourceId=8dcd14b0-6259-3193-ad2c-743f394c68e4&sourceElementId=4ecff5eb-33f6-3757-9887-0950a3e59a24","borderNode":false,"modifiers":[],"state":"Normal","collapsingState":"EXPANDED","insideLabel":{"id":"8a342aec-abf1-33e7-9bc4-ae8240f4ac76","text":"captureType : CaptureType","insideLabelLocation":"TOP_LEFT","style":{"color":"#000000","fontSize":14,"bold":false,"italic":false,"underline":false,"strikeThrough":false,"iconURL":["/icons/full/obj16/AttributeUsage.svg"],"background":"transparent","borderColor":"black","borderSize":0,"borderRadius":3,"borderStyle":"Solid"},"isHeader":false,"displayHeaderSeparator":false,"overflowStrategy":"WRAP","textAlign":"LEFT"},"outsideLabels":[],"style":{"background":"transparent"},"childrenLayoutStrategy":null,"position":{"x":-1.0,"y":-1.0},"size":{"width":125.0,"height":15.0},"borderNodes":[],"childNodes":[],"customizedProperties":[],"defaultWidth":125,"defaultHeight":15,"labelEditable":true,"pinned":false}],"customizedProperties":[],"defaultWidth":125,"defaultHeight":60,"labelEditable":false,"pinned":false},{"id":"2b0c006f-816a-3ab9-b317-d531edfa96c1","type":"node:rectangle","targetObjectId":"5a69578e-7977-408d-a778-c371abedd315","targetObjectKind":"siriusComponents://semantic?domain=sysml&entity=PartDefinition","targetObjectLabel":"IdeaCaptureModule","descriptionId":"siriusComponents://nodeDescription?sourceKind=view&sourceId=8dcd14b0-6259-3193-ad2c-743f394c68e4&sourceElementId=a677fbe5-68e8-3949-beab-d96b632c4cc0","borderNode":false,"modifiers":[],"state":"Normal","collapsingState":"EXPANDED","insideLabel":{"id":"1d604bd5-d1a4-3b6b-92fb-faa0e408131f","text":"ports","insideLabelLocation":"TOP_CENTER","style":{"color":"#000000","fontSize":12,"bold":false,"italic":true,"underline":false,"strikeThrough":false,"iconURL":[],"background":"transparent","borderColor":"black","borderSize":0,"borderRadius":3,"borderStyle":"Solid"},"isHeader":true,"displayHeaderSeparator":false,"overflowStrategy":"NONE","textAlign":"CENTER"},"outsideLabels":[],"style":{"background":"transparent","borderColor":"#000000","borderSize":1,"borderRadius":0,"borderStyle":"Solid"},"childrenLayoutStrategy":{"areChildNodesDraggable":true,"topGap":0,"bottomGap":10,"growableNodeIds":[],"kind":"List"},"position":{"x":-1.0,"y":-1.0},"size":{"width":125.0,"height":60.0},"borderNodes":[],"childNodes":[{"id":"d54e24b5-2047-36b2-b4ac-d7e114f94342","type":"node:icon-label","targetObjectId":"37f8a887-de1c-427c-acd5-a38ead399066","targetObjectKind":"siriusComponents://semantic?domain=sysml&entity=PortUsage","targetObjectLabel":"ideaPort","descriptionId":"siriusComponents://nodeDescription?sourceKind=view&sourceId=8dcd14b0-6259-3193-ad2c-743f394c68e4&sourceElementId=a00860fb-f304-3ed8-ab86-c9f1bbfdf671","borderNode":false,"modifiers":[],"state":"Normal","collapsingState":"EXPANDED","insideLabel":{"id":"3a728bc2-920a-3dea-aebd-c4bfb1ac31a5","text":"ref ideaPort : IdeaPort","insideLabelLocation":"TOP_LEFT","style":{"color":"#000000","fontSize":14,"bold":false,"italic":false,"underline":false,"strikeThrough":false,"iconURL":["/icons/full/obj16/PortUsage.svg"],"background":"transparent","borderColor":"black","borderSize":0,"borderRadius":3,"borderStyle":"Solid"},"isHeader":false,"displayHeaderSeparator":false,"overflowStrategy":"WRAP","textAlign":"LEFT"},"outsideLabels":[],"style":{"background":"transparent"},"childrenLayoutStrategy":null,"position":{"x":-1.0,"y":-1.0},"size":{"width":125.0,"height":15.0},"borderNodes":[],"childNodes":[],"customizedProperties":[],"defaultWidth":125,"defaultHeight":15,"labelEditable":true,"pinned":false}],"customizedProperties":[],"defaultWidth":125,"defaultHeight":60,"labelEditable":false,"pinned":false},{"id":"9ffb9a60-0872-30b8-ad96-28d91d691356","type":"node:rectangle","targetObjectId":"5a69578e-7977-408d-a778-c371abedd315","targetObjectKind":"siriusComponents://semantic?domain=sysml&entity=PartDefinition","targetObjectLabel":"IdeaCaptureModule","descriptionId":"siriusComponents://nodeDescription?sourceKind=view&sourceId=8dcd14b0-6259-3193-ad2c-743f394c68e4&sourceElementId=d1db77ad-fee0-3c33-bfe1-db84f9fbd027","borderNode":false,"modifiers":["Hidden"],"state":"Hidden","collapsingState":"EXPANDED","insideLabel":{"id":"bf7ab6e2-fb7f-3d2d-b191-bf67745edc36","text":"actions","insideLabelLocation":"TOP_CENTER","style":{"color":"#000000","fontSize":12,"bold":false,"italic":true,"underline":false,"strikeThrough":false,"iconURL":[],"background":"transparent","borderColor":"black","borderSize":0,"borderRadius":3,"borderStyle":"Solid"},"isHeader":true,"displayHeaderSeparator":false,"overflowStrategy":"NONE","textAlign":"CENTER"},"outsideLabels":[],"style":{"background":"transparent","borderColor":"#000000","borderSize":1,"borderRadius":0,"borderStyle":"Solid"},"childrenLayoutStrategy":{"areChildNodesDraggable":true,"topGap":0,"bottomGap":10,"growableNodeIds":[],"kind":"List"},"position":{"x":-1.0,"y":-1.0},"size":{"width":125.0,"height":60.0},"borderNodes":[],"childNodes":[],"customizedProperties":[],"defaultWidth":125,"defaultHeight":60,"labelEditable":false,"pinned":false},{"id":"b9376d2c-c418-318e-968a-c8a0b5ed7c0b","type":"node:rectangle","targetObjectId":"5a69578e-7977-408d-a778-c371abedd315","targetObjectKind":"siriusComponents://semantic?domain=sysml&entity=PartDefinition","targetObjectLabel":"IdeaCaptureModule","descriptionId":"siriusComponents://nodeDescription?sourceKind=view&sourceId=8dcd14b0-6259-3193-ad2c-743f394c68e4&sourceElementId=ccfe5fb7-d409-3891-b4ac-6ddf4d79da00","borderNode":false,"modifiers":["Hidden"],"state":"Hidden","collapsingState":"EXPANDED","insideLabel":{"id":"a0c73078-fdb8-3040-967b-0ace922bb492","text":"states","insideLabelLocation":"TOP_CENTER","style":{"color":"#000000","fontSize":12,"bold":false,"italic":true,"underline":false,"strikeThrough":false,"iconURL":[],"background":"transparent","borderColor":"black","borderSize":0,"borderRadius":3,"borderStyle":"Solid"},"isHeader":true,"displayHeaderSeparator":false,"overflowStrategy":"NONE","textAlign":"CENTER"},"outsideLabels":[],"style":{"background":"transparent","borderColor":"#000000","borderSize":1,"borderRadius":0,"borderStyle":"Solid"},"childrenLayoutStrategy":{"areChildNodesDraggable":true,"topGap":0,"bottomGap":10,"growableNodeIds":[],"kind":"List"},"position":{"x":-1.0,"y":-1.0},"size":{"width":125.0,"height":60.0},"borderNodes":[],"childNodes":[],"customizedProperties":[],"defaultWidth":125,"defaultHeight":60,"labelEditable":false,"pinned":false},{"id":"ce5c376f-9291-300d-819a-8704f373e5ee","type":"node:rectangle","targetObjectId":"5a69578e-7977-408d-a778-c371abedd315","targetObjectKind":"siriusComponents://semantic?domain=sysml&entity=PartDefinition","targetObjectLabel":"IdeaCaptureModule","descriptionId":"siriusComponents://nodeDescription?sourceKind=view&sourceId=8dcd14b0-6259-3193-ad2c-743f394c68e4&sourceElementId=55d4b9e8-0e72-318b-9548-34ed7657c16c","borderNode":false,"modifiers":["Hidden"],"state":"Hidden","collapsingState":"EXPANDED","insideLabel":{"id":"eda3aad0-7981-3f7a-977b-f78fbeeee44c","text":"action flow","insideLabelLocation":"TOP_CENTER","style":{"color":"#000000","fontSize":12,"bold":false,"italic":true,"underline":false,"strikeThrough":false,"iconURL":[],"background":"transparent","borderColor":"black","borderSize":0,"borderRadius":3,"borderStyle":"Solid"},"isHeader":true,"displayHeaderSeparator":false,"overflowStrategy":"NONE","textAlign":"CENTER"},"outsideLabels":[],"style":{"background":"transparent","borderColor":"#000000","borderSize":1,"borderRadius":0,"borderStyle":"Solid"},"childrenLayoutStrategy":{"kind":"FreeForm"},"position":{"x":-1.0,"y":-1.0},"size":{"width":125.0,"height":150.0},"borderNodes":[],"childNodes":[],"customizedProperties":[],"defaultWidth":125,"defaultHeight":150,"labelEditable":false,"pinned":false},{"id":"c3c5d564-4e07-392a-b720-1a112224fdff","type":"node:rectangle","targetObjectId":"5a69578e-7977-408d-a778-c371abedd315","targetObjectKind":"siriusComponents://semantic?domain=sysml&entity=PartDefinition","targetObjectLabel":"IdeaCaptureModule","descriptionId":"siriusComponents://nodeDescription?sourceKind=view&sourceId=8dcd14b0-6259-3193-ad2c-743f394c68e4&sourceElementId=bbf5f364-e67f-3e69-9918-9eb94cc9d724","borderNode":false,"modifiers":["Hidden"],"state":"Hidden","collapsingState":"EXPANDED","insideLabel":{"id":"dd2f0003-313a-3ef4-842c-d14526cdd1f9","text":"state transition","insideLabelLocation":"TOP_CENTER","style":{"color":"#000000","fontSize":12,"bold":false,"italic":true,"underline":false,"strikeThrough":false,"iconURL":[],"background":"transparent","borderColor":"black","borderSize":0,"borderRadius":3,"borderStyle":"Solid"},"isHeader":true,"displayHeaderSeparator":false,"overflowStrategy":"NONE","textAlign":"CENTER"},"outsideLabels":[],"style":{"background":"transparent","borderColor":"#000000","borderSize":1,"borderRadius":0,"borderStyle":"Solid"},"childrenLayoutStrategy":{"kind":"FreeForm"},"position":{"x":-1.0,"y":-1.0},"size":{"width":125.0,"height":150.0},"borderNodes":[],"childNodes":[],"customizedProperties":[],"defaultWidth":125,"defaultHeight":150,"labelEditable":false,"pinned":false}],"customizedProperties":[],"defaultWidth":125,"defaultHeight":60,"labelEditable":true,"pinned":false},{"id":"ed1f74fa-10b1-384f-9ed0-9e1662d5fccf","type":"node:rectangle","targetObjectId":"ce6e1f46-3a89-487e-a54a-411423a97a48","targetObjectKind":"siriusComponents://semantic?domain=sysml&entity=PartDefinition","targetObjectLabel":"DisplayModule","descriptionId":"siriusComponents://nodeDescription?sourceKind=view&sourceId=8dcd14b0-6259-3193-ad2c-743f394c68e4&sourceElementId=52de5719-4873-3c76-8e5b-8d94900d4b7f","borderNode":false,"modifiers":[],"state":"Normal","collapsingState":"EXPANDED","insideLabel":{"id":"acd66e7a-c42a-32ab-9019-f2b6d69b275b","text":"«part def»\nDisplayModule","insideLabelLocation":"TOP_CENTER","style":{"color":"#000000","fontSize":14,"bold":false,"italic":false,"underline":false,"strikeThrough":false,"iconURL":["/icons/full/obj16/PartDefinition.svg"],"background":"transparent","borderColor":"black","borderSize":0,"borderRadius":3,"borderStyle":"Solid"},"isHeader":true,"displayHeaderSeparator":true,"overflowStrategy":"NONE","textAlign":"CENTER"},"outsideLabels":[],"style":{"background":"#ffffff","borderColor":"#000000","borderSize":1,"borderRadius":0,"borderStyle":"Solid"},"childrenLayoutStrategy":{"areChildNodesDraggable":false,"topGap":0,"bottomGap":0,"growableNodeIds":["siriusComponents://nodeDescription?sourceKind=view&sourceId=8dcd14b0-6259-3193-ad2c-743f394c68e4&sourceElementId=55d4b9e8-0e72-318b-9548-34ed7657c16c","siriusComponents://nodeDescription?sourceKind=view&sourceId=8dcd14b0-6259-3193-ad2c-743f394c68e4&sourceElementId=bbf5f364-e67f-3e69-9918-9eb94cc9d724"],"kind":"List"},"position":{"x":-1.0,"y":-1.0},"size":{"width":125.0,"height":60.0},"borderNodes":[],"childNodes":[{"id":"7b9f6121-2828-3726-99c3-942872f02410","type":"node:rectangle","targetObjectId":"ce6e1f46-3a89-487e-a54a-411423a97a48","targetObjectKind":"siriusComponents://semantic?domain=sysml&entity=PartDefinition","targetObjectLabel":"DisplayModule","descriptionId":"siriusComponents://nodeDescription?sourceKind=view&sourceId=8dcd14b0-6259-3193-ad2c-743f394c68e4&sourceElementId=32da1a41-7187-3da3-ae52-f3cfc927b133","borderNode":false,"modifiers":["Hidden"],"state":"Hidden","collapsingState":"EXPANDED","insideLabel":{"id":"7d271acd-925f-31fc-9ed1-fe37747c7034","text":"doc","insideLabelLocation":"TOP_CENTER","style":{"color":"#000000","fontSize":12,"bold":false,"italic":true,"underline":false,"strikeThrough":false,"iconURL":[],"background":"transparent","borderColor":"black","borderSize":0,"borderRadius":3,"borderStyle":"Solid"},"isHeader":true,"displayHeaderSeparator":false,"overflowStrategy":"NONE","textAlign":"CENTER"},"outsideLabels":[],"style":{"background":"transparent","borderColor":"#000000","borderSize":1,"borderRadius":0,"borderStyle":"Solid"},"childrenLayoutStrategy":{"areChildNodesDraggable":true,"topGap":0,"bottomGap":10,"growableNodeIds":[],"kind":"List"},"position":{"x":-1.0,"y":-1.0},"size":{"width":125.0,"height":60.0},"borderNodes":[],"childNodes":[],"customizedProperties":[],"defaultWidth":125,"defaultHeight":60,"labelEditable":false,"pinned":false},{"id":"6d1760e5-8eff-3222-a9fd-b35ecc73d96f","type":"node:rectangle","targetObjectId":"ce6e1f46-3a89-487e-a54a-411423a97a48","targetObjectKind":"siriusComponents://semantic?domain=sysml&entity=PartDefinition","targetObjectLabel":"DisplayModule","descriptionId":"siriusComponents://nodeDescription?sourceKind=view&sourceId=8dcd14b0-6259-3193-ad2c-743f394c68e4&sourceElementId=1d4e3253-3981-3d8a-9887-b887114e3a3e","borderNode":false,"modifiers":[],"state":"Normal","collapsingState":"EXPANDED","insideLabel":{"id":"53b4e8c9-78f2-33bd-9a51-a8e90f1b7f0c","text":"attributes","insideLabelLocation":"TOP_CENTER","style":{"color":"#000000","fontSize":12,"bold":false,"italic":true,"underline":false,"strikeThrough":false,"iconURL":[],"background":"transparent","borderColor":"black","borderSize":0,"borderRadius":3,"borderStyle":"Solid"},"isHeader":true,"displayHeaderSeparator":false,"overflowStrategy":"NONE","textAlign":"CENTER"},"outsideLabels":[],"style":{"background":"transparent","borderColor":"#000000","borderSize":1,"borderRadius":0,"borderStyle":"Solid"},"childrenLayoutStrategy":{"areChildNodesDraggable":true,"topGap":0,"bottomGap":10,"growableNodeIds":[],"kind":"List"},"position":{"x":-1.0,"y":-1.0},"size":{"width":125.0,"height":60.0},"borderNodes":[],"childNodes":[{"id":"8663c6e7-f094-3821-9b6a-3e34a0bbc1e7","type":"node:icon-label","targetObjectId":"687c1365-bba5-45db-8ed7-e43637f3c2b6","targetObjectKind":"siriusComponents://semantic?domain=sysml&entity=AttributeUsage","targetObjectLabel":"displayType","descriptionId":"siriusComponents://nodeDescription?sourceKind=view&sourceId=8dcd14b0-6259-3193-ad2c-743f394c68e4&sourceElementId=4ecff5eb-33f6-3757-9887-0950a3e59a24","borderNode":false,"modifiers":[],"state":"Normal","collapsingState":"EXPANDED","insideLabel":{"id":"5168faf8-593e-39af-aace-ab2f2a3d681f","text":"displayType","insideLabelLocation":"TOP_LEFT","style":{"color":"#000000","fontSize":14,"bold":false,"italic":false,"underline":false,"strikeThrough":false,"iconURL":["/icons/full/obj16/AttributeUsage.svg"],"background":"transparent","borderColor":"black","borderSize":0,"borderRadius":3,"borderStyle":"Solid"},"isHeader":false,"displayHeaderSeparator":false,"overflowStrategy":"WRAP","textAlign":"LEFT"},"outsideLabels":[],"style":{"background":"transparent"},"childrenLayoutStrategy":null,"position":{"x":-1.0,"y":-1.0},"size":{"width":125.0,"height":15.0},"borderNodes":[],"childNodes":[],"customizedProperties":[],"defaultWidth":125,"defaultHeight":15,"labelEditable":true,"pinned":false}],"customizedProperties":[],"defaultWidth":125,"defaultHeight":60,"labelEditable":false,"pinned":false},{"id":"173308b8-72ff-3752-b3f2-ed327d2f3a74","type":"node:rectangle","targetObjectId":"ce6e1f46-3a89-487e-a54a-411423a97a48","targetObjectKind":"siriusComponents://semantic?domain=sysml&entity=PartDefinition","targetObjectLabel":"DisplayModule","descriptionId":"siriusComponents://nodeDescription?sourceKind=view&sourceId=8dcd14b0-6259-3193-ad2c-743f394c68e4&sourceElementId=a677fbe5-68e8-3949-beab-d96b632c4cc0","borderNode":false,"modifiers":[],"state":"Normal","collapsingState":"EXPANDED","insideLabel":{"id":"7ddb58e2-b205-35ac-8bf6-a6d346064609","text":"ports","insideLabelLocation":"TOP_CENTER","style":{"color":"#000000","fontSize":12,"bold":false,"italic":true,"underline":false,"strikeThrough":false,"iconURL":[],"background":"transparent","borderColor":"black","borderSize":0,"borderRadius":3,"borderStyle":"Solid"},"isHeader":true,"displayHeaderSeparator":false,"overflowStrategy":"NONE","textAlign":"CENTER"},"outsideLabels":[],"style":{"background":"transparent","borderColor":"#000000","borderSize":1,"borderRadius":0,"borderStyle":"Solid"},"childrenLayoutStrategy":{"areChildNodesDraggable":true,"topGap":0,"bottomGap":10,"growableNodeIds":[],"kind":"List"},"position":{"x":-1.0,"y":-1.0},"size":{"width":125.0,"height":60.0},"borderNodes":[],"childNodes":[{"id":"285af036-674d-3e0e-9161-837fa09e1480","type":"node:icon-label","targetObjectId":"0e5d3664-42b6-4974-9a51-cc5b02b86e89","targetObjectKind":"siriusComponents://semantic?domain=sysml&entity=PortUsage","targetObjectLabel":"displayPort","descriptionId":"siriusComponents://nodeDescription?sourceKind=view&sourceId=8dcd14b0-6259-3193-ad2c-743f394c68e4&sourceElementId=a00860fb-f304-3ed8-ab86-c9f1bbfdf671","borderNode":false,"modifiers":[],"state":"Normal","collapsingState":"EXPANDED","insideLabel":{"id":"720caa29-13a7-3203-a397-d14bcc5d7744","text":"ref displayPort : DisplayPort","insideLabelLocation":"TOP_LEFT","style":{"color":"#000000","fontSize":14,"bold":false,"italic":false,"underline":false,"strikeThrough":false,"iconURL":["/icons/full/obj16/PortUsage.svg"],"background":"transparent","borderColor":"black","borderSize":0,"borderRadius":3,"borderStyle":"Solid"},"isHeader":false,"displayHeaderSeparator":false,"overflowStrategy":"WRAP","textAlign":"LEFT"},"outsideLabels":[],"style":{"background":"transparent"},"childrenLayoutStrategy":null,"position":{"x":-1.0,"y":-1.0},"size":{"width":125.0,"height":15.0},"borderNodes":[],"childNodes":[],"customizedProperties":[],"defaultWidth":125,"defaultHeight":15,"labelEditable":true,"pinned":false}],"customizedProperties":[],"defaultWidth":125,"defaultHeight":60,"labelEditable":false,"pinned":false},{"id":"3c92812e-afd2-346c-aa59-25efcda91e8e","type":"node:rectangle","targetObjectId":"ce6e1f46-3a89-487e-a54a-411423a97a48","targetObjectKind":"siriusComponents://semantic?domain=sysml&entity=PartDefinition","targetObjectLabel":"DisplayModule","descriptionId":"siriusComponents://nodeDescription?sourceKind=view&sourceId=8dcd14b0-6259-3193-ad2c-743f394c68e4&sourceElementId=d1db77ad-fee0-3c33-bfe1-db84f9fbd027","borderNode":false,"modifiers":["Hidden"],"state":"Hidden","collapsingState":"EXPANDED","insideLabel":{"id":"9726cfd9-57f1-32c7-bc25-c153291f77a1","text":"actions","insideLabelLocation":"TOP_CENTER","style":{"color":"#000000","fontSize":12,"bold":false,"italic":true,"underline":false,"strikeThrough":false,"iconURL":[],"background":"transparent","borderColor":"black","borderSize":0,"borderRadius":3,"borderStyle":"Solid"},"isHeader":true,"displayHeaderSeparator":false,"overflowStrategy":"NONE","textAlign":"CENTER"},"outsideLabels":[],"style":{"background":"transparent","borderColor":"#000000","borderSize":1,"borderRadius":0,"borderStyle":"Solid"},"childrenLayoutStrategy":{"areChildNodesDraggable":true,"topGap":0,"bottomGap":10,"growableNodeIds":[],"kind":"List"},"position":{"x":-1.0,"y":-1.0},"size":{"width":125.0,"height":60.0},"borderNodes":[],"childNodes":[],"customizedProperties":[],"defaultWidth":125,"defaultHeight":60,"labelEditable":false,"pinned":false},{"id":"a16314d8-3789-3782-9964-1cc72df37bcb","type":"node:rectangle","targetObjectId":"ce6e1f46-3a89-487e-a54a-411423a97a48","targetObjectKind":"siriusComponents://semantic?domain=sysml&entity=PartDefinition","targetObjectLabel":"DisplayModule","descriptionId":"siriusComponents://nodeDescription?sourceKind=view&sourceId=8dcd14b0-6259-3193-ad2c-743f394c68e4&sourceElementId=ccfe5fb7-d409-3891-b4ac-6ddf4d79da00","borderNode":false,"modifiers":["Hidden"],"state":"Hidden","collapsingState":"EXPANDED","insideLabel":{"id":"c6ce673e-16c0-3e6d-93f2-c93c131b8f4a","text":"states","insideLabelLocation":"TOP_CENTER","style":{"color":"#000000","fontSize":12,"bold":false,"italic":true,"underline":false,"strikeThrough":false,"iconURL":[],"background":"transparent","borderColor":"black","borderSize":0,"borderRadius":3,"borderStyle":"Solid"},"isHeader":true,"displayHeaderSeparator":false,"overflowStrategy":"NONE","textAlign":"CENTER"},"outsideLabels":[],"style":{"background":"transparent","borderColor":"#000000","borderSize":1,"borderRadius":0,"borderStyle":"Solid"},"childrenLayoutStrategy":{"areChildNodesDraggable":true,"topGap":0,"bottomGap":10,"growableNodeIds":[],"kind":"List"},"position":{"x":-1.0,"y":-1.0},"size":{"width":125.0,"height":60.0},"borderNodes":[],"childNodes":[],"customizedProperties":[],"defaultWidth":125,"defaultHeight":60,"labelEditable":false,"pinned":false},{"id":"c24df6f0-1184-3059-ab84-8e0c32a120df","type":"node:rectangle","targetObjectId":"ce6e1f46-3a89-487e-a54a-411423a97a48","targetObjectKind":"siriusComponents://semantic?domain=sysml&entity=PartDefinition","targetObjectLabel":"DisplayModule","descriptionId":"siriusComponents://nodeDescription?sourceKind=view&sourceId=8dcd14b0-6259-3193-ad2c-743f394c68e4&sourceElementId=55d4b9e8-0e72-318b-9548-34ed7657c16c","borderNode":false,"modifiers":["Hidden"],"state":"Hidden","collapsingState":"EXPANDED","insideLabel":{"id":"41471b8d-a621-3928-b5d9-07f383466069","text":"action flow","insideLabelLocation":"TOP_CENTER","style":{"color":"#000000","fontSize":12,"bold":false,"italic":true,"underline":false,"strikeThrough":false,"iconURL":[],"background":"transparent","borderColor":"black","borderSize":0,"borderRadius":3,"borderStyle":"Solid"},"isHeader":true,"displayHeaderSeparator":false,"overflowStrategy":"NONE","textAlign":"CENTER"},"outsideLabels":[],"style":{"background":"transparent","borderColor":"#000000","borderSize":1,"borderRadius":0,"borderStyle":"Solid"},"childrenLayoutStrategy":{"kind":"FreeForm"},"position":{"x":-1.0,"y":-1.0},"size":{"width":125.0,"height":150.0},"borderNodes":[],"childNodes":[],"customizedProperties":[],"defaultWidth":125,"defaultHeight":150,"labelEditable":false,"pinned":false},{"id":"7b553d7d-5c67-3e1c-8899-bf2c59125433","type":"node:rectangle","targetObjectId":"ce6e1f46-3a89-487e-a54a-411423a97a48","targetObjectKind":"siriusComponents://semantic?domain=sysml&entity=PartDefinition","targetObjectLabel":"DisplayModule","descriptionId":"siriusComponents://nodeDescription?sourceKind=view&sourceId=8dcd14b0-6259-3193-ad2c-743f394c68e4&sourceElementId=bbf5f364-e67f-3e69-9918-9eb94cc9d724","borderNode":false,"modifiers":["Hidden"],"state":"Hidden","collapsingState":"EXPANDED","insideLabel":{"id":"d22ef455-b3ec-36b2-a5b4-3978c874c329","text":"state transition","insideLabelLocation":"TOP_CENTER","style":{"color":"#000000","fontSize":12,"bold":false,"italic":true,"underline":false,"strikeThrough":false,"iconURL":[],"background":"transparent","borderColor":"black","borderSize":0,"borderRadius":3,"borderStyle":"Solid"},"isHeader":true,"displayHeaderSeparator":false,"overflowStrategy":"NONE","textAlign":"CENTER"},"outsideLabels":[],"style":{"background":"transparent","borderColor":"#000000","borderSize":1,"borderRadius":0,"borderStyle":"Solid"},"childrenLayoutStrategy":{"kind":"FreeForm"},"position":{"x":-1.0,"y":-1.0},"size":{"width":125.0,"height":150.0},"borderNodes":[],"childNodes":[],"customizedProperties":[],"defaultWidth":125,"defaultHeight":150,"labelEditable":false,"pinned":false}],"customizedProperties":[],"defaultWidth":125,"defaultHeight":60,"labelEditable":true,"pinned":false},{"id":"5e77547a-c81d-355f-9158-0532be8ba827","type":"node:rectangle","targetObjectId":"706c5602-0afa-4f59-944a-f4ee4f529c51","targetObjectKind":"siriusComponents://semantic?domain=sysml&entity=PartDefinition","targetObjectLabel":"MicrosoftOfficeLens","descriptionId":"siriusComponents://nodeDescription?sourceKind=view&sourceId=8dcd14b0-6259-3193-ad2c-743f394c68e4&sourceElementId=52de5719-4873-3c76-8e5b-8d94900d4b7f","borderNode":false,"modifiers":[],"state":"Normal","collapsingState":"EXPANDED","insideLabel":{"id":"ce1655fd-ed5b-344b-91b1-50c58943352b","text":"«part def»\nMicrosoftOfficeLens","insideLabelLocation":"TOP_CENTER","style":{"color":"#000000","fontSize":14,"bold":false,"italic":false,"underline":false,"strikeThrough":false,"iconURL":["/icons/full/obj16/PartDefinition.svg"],"background":"transparent","borderColor":"black","borderSize":0,"borderRadius":3,"borderStyle":"Solid"},"isHeader":true,"displayHeaderSeparator":true,"overflowStrategy":"NONE","textAlign":"CENTER"},"outsideLabels":[],"style":{"background":"#ffffff","borderColor":"#000000","borderSize":1,"borderRadius":0,"borderStyle":"Solid"},"childrenLayoutStrategy":{"areChildNodesDraggable":false,"topGap":0,"bottomGap":0,"growableNodeIds":["siriusComponents://nodeDescription?sourceKind=view&sourceId=8dcd14b0-6259-3193-ad2c-743f394c68e4&sourceElementId=55d4b9e8-0e72-318b-9548-34ed7657c16c","siriusComponents://nodeDescription?sourceKind=view&sourceId=8dcd14b0-6259-3193-ad2c-743f394c68e4&sourceElementId=bbf5f364-e67f-3e69-9918-9eb94cc9d724"],"kind":"List"},"position":{"x":-1.0,"y":-1.0},"size":{"width":125.0,"height":60.0},"borderNodes":[],"childNodes":[{"id":"a9f78df6-a730-342d-8530-e7bdbcac1cba","type":"node:rectangle","targetObjectId":"706c5602-0afa-4f59-944a-f4ee4f529c51","targetObjectKind":"siriusComponents://semantic?domain=sysml&entity=PartDefinition","targetObjectLabel":"MicrosoftOfficeLens","descriptionId":"siriusComponents://nodeDescription?sourceKind=view&sourceId=8dcd14b0-6259-3193-ad2c-743f394c68e4&sourceElementId=32da1a41-7187-3da3-ae52-f3cfc927b133","borderNode":false,"modifiers":["Hidden"],"state":"Hidden","collapsingState":"EXPANDED","insideLabel":{"id":"dad84577-25a4-3de1-91f3-ddc19f347d84","text":"doc","insideLabelLocation":"TOP_CENTER","style":{"color":"#000000","fontSize":12,"bold":false,"italic":true,"underline":false,"strikeThrough":false,"iconURL":[],"background":"transparent","borderColor":"black","borderSize":0,"borderRadius":3,"borderStyle":"Solid"},"isHeader":true,"displayHeaderSeparator":false,"overflowStrategy":"NONE","textAlign":"CENTER"},"outsideLabels":[],"style":{"background":"transparent","borderColor":"#000000","borderSize":1,"borderRadius":0,"borderStyle":"Solid"},"childrenLayoutStrategy":{"areChildNodesDraggable":true,"topGap":0,"bottomGap":10,"growableNodeIds":[],"kind":"List"},"position":{"x":-1.0,"y":-1.0},"size":{"width":125.0,"height":60.0},"borderNodes":[],"childNodes":[],"customizedProperties":[],"defaultWidth":125,"defaultHeight":60,"labelEditable":false,"pinned":false},{"id":"bbbf4f32-560f-3b06-8d25-bd461bc89571","type":"node:rectangle","targetObjectId":"706c5602-0afa-4f59-944a-f4ee4f529c51","targetObjectKind":"siriusComponents://semantic?domain=sysml&entity=PartDefinition","targetObjectLabel":"MicrosoftOfficeLens","descriptionId":"siriusComponents://nodeDescription?sourceKind=view&sourceId=8dcd14b0-6259-3193-ad2c-743f394c68e4&sourceElementId=1d4e3253-3981-3d8a-9887-b887114e3a3e","borderNode":false,"modifiers":[],"state":"Normal","collapsingState":"EXPANDED","insideLabel":{"id":"ba467d02-39b0-36b1-83a4-cd5f271409fa","text":"attributes","insideLabelLocation":"TOP_CENTER","style":{"color":"#000000","fontSize":12,"bold":false,"italic":true,"underline":false,"strikeThrough":false,"iconURL":[],"background":"transparent","borderColor":"black","borderSize":0,"borderRadius":3,"borderStyle":"Solid"},"isHeader":true,"displayHeaderSeparator":false,"overflowStrategy":"NONE","textAlign":"CENTER"},"outsideLabels":[],"style":{"background":"transparent","borderColor":"#000000","borderSize":1,"borderRadius":0,"borderStyle":"Solid"},"childrenLayoutStrategy":{"areChildNodesDraggable":true,"topGap":0,"bottomGap":10,"growableNodeIds":[],"kind":"List"},"position":{"x":-1.0,"y":-1.0},"size":{"width":125.0,"height":60.0},"borderNodes":[],"childNodes":[{"id":"651c53c0-e128-33df-8f22-a1ee814ef9b9","type":"node:icon-label","targetObjectId":"97f1f805-38c0-4fae-90da-a3b0826dd523","targetObjectKind":"siriusComponents://semantic?domain=sysml&entity=AttributeUsage","targetObjectLabel":"captureType","descriptionId":"siriusComponents://nodeDescription?sourceKind=view&sourceId=8dcd14b0-6259-3193-ad2c-743f394c68e4&sourceElementId=4ecff5eb-33f6-3757-9887-0950a3e59a24","borderNode":false,"modifiers":[],"state":"Normal","collapsingState":"EXPANDED","insideLabel":{"id":"d9ebf0b9-aaaa-3953-b9ec-71549dcb0f84","text":"","insideLabelLocation":"TOP_LEFT","style":{"color":"#000000","fontSize":14,"bold":false,"italic":false,"underline":false,"strikeThrough":false,"iconURL":["/icons/full/obj16/AttributeUsage.svg"],"background":"transparent","borderColor":"black","borderSize":0,"borderRadius":3,"borderStyle":"Solid"},"isHeader":false,"displayHeaderSeparator":false,"overflowStrategy":"WRAP","textAlign":"LEFT"},"outsideLabels":[],"style":{"background":"transparent"},"childrenLayoutStrategy":null,"position":{"x":-1.0,"y":-1.0},"size":{"width":125.0,"height":15.0},"borderNodes":[],"childNodes":[],"customizedProperties":[],"defaultWidth":125,"defaultHeight":15,"labelEditable":true,"pinned":false}],"customizedProperties":[],"defaultWidth":125,"defaultHeight":60,"labelEditable":false,"pinned":false},{"id":"3c07acad-5728-35e6-9c42-c8856c127db9","type":"node:rectangle","targetObjectId":"706c5602-0afa-4f59-944a-f4ee4f529c51","targetObjectKind":"siriusComponents://semantic?domain=sysml&entity=PartDefinition","targetObjectLabel":"MicrosoftOfficeLens","descriptionId":"siriusComponents://nodeDescription?sourceKind=view&sourceId=8dcd14b0-6259-3193-ad2c-743f394c68e4&sourceElementId=a677fbe5-68e8-3949-beab-d96b632c4cc0","borderNode":false,"modifiers":[],"state":"Normal","collapsingState":"EXPANDED","insideLabel":{"id":"543b7ccf-c81f-37c2-8137-bbb609bb53a2","text":"ports","insideLabelLocation":"TOP_CENTER","style":{"color":"#000000","fontSize":12,"bold":false,"italic":true,"underline":false,"strikeThrough":false,"iconURL":[],"background":"transparent","borderColor":"black","borderSize":0,"borderRadius":3,"borderStyle":"Solid"},"isHeader":true,"displayHeaderSeparator":false,"overflowStrategy":"NONE","textAlign":"CENTER"},"outsideLabels":[],"style":{"background":"transparent","borderColor":"#000000","borderSize":1,"borderRadius":0,"borderStyle":"Solid"},"childrenLayoutStrategy":{"areChildNodesDraggable":true,"topGap":0,"bottomGap":10,"growableNodeIds":[],"kind":"List"},"position":{"x":-1.0,"y":-1.0},"size":{"width":125.0,"height":60.0},"borderNodes":[],"childNodes":[{"id":"d39cfe1e-c45c-3e17-9020-c15022c8aca4","type":"node:icon-label","targetObjectId":"7814bd36-ebe4-4963-8dbb-974ed4e38033","targetObjectKind":"siriusComponents://semantic?domain=sysml&entity=PortUsage","targetObjectLabel":"capturePort","descriptionId":"siriusComponents://nodeDescription?sourceKind=view&sourceId=8dcd14b0-6259-3193-ad2c-743f394c68e4&sourceElementId=a00860fb-f304-3ed8-ab86-c9f1bbfdf671","borderNode":false,"modifiers":[],"state":"Normal","collapsingState":"EXPANDED","insideLabel":{"id":"138465f2-6da5-357c-84a7-21c8bc8cf5f0","text":"ref capturePort : IdeaCapturePort","insideLabelLocation":"TOP_LEFT","style":{"color":"#000000","fontSize":14,"bold":false,"italic":false,"underline":false,"strikeThrough":false,"iconURL":["/icons/full/obj16/PortUsage.svg"],"background":"transparent","borderColor":"black","borderSize":0,"borderRadius":3,"borderStyle":"Solid"},"isHeader":false,"displayHeaderSeparator":false,"overflowStrategy":"WRAP","textAlign":"LEFT"},"outsideLabels":[],"style":{"background":"transparent"},"childrenLayoutStrategy":null,"position":{"x":-1.0,"y":-1.0},"size":{"width":125.0,"height":15.0},"borderNodes":[],"childNodes":[],"customizedProperties":[],"defaultWidth":125,"defaultHeight":15,"labelEditable":true,"pinned":false}],"customizedProperties":[],"defaultWidth":125,"defaultHeight":60,"labelEditable":false,"pinned":false},{"id":"b307eb75-c6af-3cb2-9f17-3c2156bd861c","type":"node:rectangle","targetObjectId":"706c5602-0afa-4f59-944a-f4ee4f529c51","targetObjectKind":"siriusComponents://semantic?domain=sysml&entity=PartDefinition","targetObjectLabel":"MicrosoftOfficeLens","descriptionId":"siriusComponents://nodeDescription?sourceKind=view&sourceId=8dcd14b0-6259-3193-ad2c-743f394c68e4&sourceElementId=d1db77ad-fee0-3c33-bfe1-db84f9fbd027","borderNode":false,"modifiers":["Hidden"],"state":"Hidden","collapsingState":"EXPANDED","insideLabel":{"id":"3ed800eb-7b52-3dc5-b10d-acf572125344","text":"actions","insideLabelLocation":"TOP_CENTER","style":{"color":"#000000","fontSize":12,"bold":false,"italic":true,"underline":false,"strikeThrough":false,"iconURL":[],"background":"transparent","borderColor":"black","borderSize":0,"borderRadius":3,"borderStyle":"Solid"},"isHeader":true,"displayHeaderSeparator":false,"overflowStrategy":"NONE","textAlign":"CENTER"},"outsideLabels":[],"style":{"background":"transparent","borderColor":"#000000","borderSize":1,"borderRadius":0,"borderStyle":"Solid"},"childrenLayoutStrategy":{"areChildNodesDraggable":true,"topGap":0,"bottomGap":10,"growableNodeIds":[],"kind":"List"},"position":{"x":-1.0,"y":-1.0},"size":{"width":125.0,"height":60.0},"borderNodes":[],"childNodes":[],"customizedProperties":[],"defaultWidth":125,"defaultHeight":60,"labelEditable":false,"pinned":false},{"id":"df66b3d6-990c-3af4-9363-0866a2b5d7c5","type":"node:rectangle","targetObjectId":"706c5602-0afa-4f59-944a-f4ee4f529c51","targetObjectKind":"siriusComponents://semantic?domain=sysml&entity=PartDefinition","targetObjectLabel":"MicrosoftOfficeLens","descriptionId":"siriusComponents://nodeDescription?sourceKind=view&sourceId=8dcd14b0-6259-3193-ad2c-743f394c68e4&sourceElementId=ccfe5fb7-d409-3891-b4ac-6ddf4d79da00","borderNode":false,"modifiers":["Hidden"],"state":"Hidden","collapsingState":"EXPANDED","insideLabel":{"id":"9fb7a51e-b9a0-36ed-bad6-f9993ff4522f","text":"states","insideLabelLocation":"TOP_CENTER","style":{"color":"#000000","fontSize":12,"bold":false,"italic":true,"underline":false,"strikeThrough":false,"iconURL":[],"background":"transparent","borderColor":"black","borderSize":0,"borderRadius":3,"borderStyle":"Solid"},"isHeader":true,"displayHeaderSeparator":false,"overflowStrategy":"NONE","textAlign":"CENTER"},"outsideLabels":[],"style":{"background":"transparent","borderColor":"#000000","borderSize":1,"borderRadius":0,"borderStyle":"Solid"},"childrenLayoutStrategy":{"areChildNodesDraggable":true,"topGap":0,"bottomGap":10,"growableNodeIds":[],"kind":"List"},"position":{"x":-1.0,"y":-1.0},"size":{"width":125.0,"height":60.0},"borderNodes":[],"childNodes":[],"customizedProperties":[],"defaultWidth":125,"defaultHeight":60,"labelEditable":false,"pinned":false},{"id":"c15bd32d-1bbd-35c7-ab4d-08fb4506705d","type":"node:rectangle","targetObjectId":"706c5602-0afa-4f59-944a-f4ee4f529c51","targetObjectKind":"siriusComponents://semantic?domain=sysml&entity=PartDefinition","targetObjectLabel":"MicrosoftOfficeLens","descriptionId":"siriusComponents://nodeDescription?sourceKind=view&sourceId=8dcd14b0-6259-3193-ad2c-743f394c68e4&sourceElementId=55d4b9e8-0e72-318b-9548-34ed7657c16c","borderNode":false,"modifiers":["Hidden"],"state":"Hidden","collapsingState":"EXPANDED","insideLabel":{"id":"0c2bf418-2527-3b14-81a0-60de7e456c07","text":"action flow","insideLabelLocation":"TOP_CENTER","style":{"color":"#000000","fontSize":12,"bold":false,"italic":true,"underline":false,"strikeThrough":false,"iconURL":[],"background":"transparent","borderColor":"black","borderSize":0,"borderRadius":3,"borderStyle":"Solid"},"isHeader":true,"displayHeaderSeparator":false,"overflowStrategy":"NONE","textAlign":"CENTER"},"outsideLabels":[],"style":{"background":"transparent","borderColor":"#000000","borderSize":1,"borderRadius":0,"borderStyle":"Solid"},"childrenLayoutStrategy":{"kind":"FreeForm"},"position":{"x":-1.0,"y":-1.0},"size":{"width":125.0,"height":150.0},"borderNodes":[],"childNodes":[],"customizedProperties":[],"defaultWidth":125,"defaultHeight":150,"labelEditable":false,"pinned":false},{"id":"97fc4666-c6bf-3d4a-8661-1d9735418c8e","type":"node:rectangle","targetObjectId":"706c5602-0afa-4f59-944a-f4ee4f529c51","targetObjectKind":"siriusComponents://semantic?domain=sysml&entity=PartDefinition","targetObjectLabel":"MicrosoftOfficeLens","descriptionId":"siriusComponents://nodeDescription?sourceKind=view&sourceId=8dcd14b0-6259-3193-ad2c-743f394c68e4&sourceElementId=bbf5f364-e67f-3e69-9918-9eb94cc9d724","borderNode":false,"modifiers":["Hidden"],"state":"Hidden","collapsingState":"EXPANDED","insideLabel":{"id":"a7feb4e7-3188-32b1-aa92-d06ae6341896","text":"state transition","insideLabelLocation":"TOP_CENTER","style":{"color":"#000000","fontSize":12,"bold":false,"italic":true,"underline":false,"strikeThrough":false,"iconURL":[],"background":"transparent","borderColor":"black","borderSize":0,"borderRadius":3,"borderStyle":"Solid"},"isHeader":true,"displayHeaderSeparator":false,"overflowStrategy":"NONE","textAlign":"CENTER"},"outsideLabels":[],"style":{"background":"transparent","borderColor":"#000000","borderSize":1,"borderRadius":0,"borderStyle":"Solid"},"childrenLayoutStrategy":{"kind":"FreeForm"},"position":{"x":-1.0,"y":-1.0},"size":{"width":125.0,"height":150.0},"borderNodes":[],"childNodes":[],"customizedProperties":[],"defaultWidth":125,"defaultHeight":150,"labelEditable":false,"pinned":false}],"customizedProperties":[],"defaultWidth":125,"defaultHeight":60,"labelEditable":true,"pinned":false},{"id":"a039d4d2-c124-34c0-99ef-7cbb93cd5e0a","type":"node:rectangle","targetObjectId":"3c5a6b1a-bad9-4691-9cba-5fedbfeb0b99","targetObjectKind":"siriusComponents://semantic?domain=sysml&entity=PartDefinition","targetObjectLabel":"SamsungFlip","descriptionId":"siriusComponents://nodeDescription?sourceKind=view&sourceId=8dcd14b0-6259-3193-ad2c-743f394c68e4&sourceElementId=52de5719-4873-3c76-8e5b-8d94900d4b7f","borderNode":false,"modifiers":[],"state":"Normal","collapsingState":"EXPANDED","insideLabel":{"id":"00fd8e9b-0fd3-3521-aa7d-1bbffc7bd314","text":"«part def»\nSamsungFlip","insideLabelLocation":"TOP_CENTER","style":{"color":"#000000","fontSize":14,"bold":false,"italic":false,"underline":false,"strikeThrough":false,"iconURL":["/icons/full/obj16/PartDefinition.svg"],"background":"transparent","borderColor":"black","borderSize":0,"borderRadius":3,"borderStyle":"Solid"},"isHeader":true,"displayHeaderSeparator":true,"overflowStrategy":"NONE","textAlign":"CENTER"},"outsideLabels":[],"style":{"background":"#ffffff","borderColor":"#000000","borderSize":1,"borderRadius":0,"borderStyle":"Solid"},"childrenLayoutStrategy":{"areChildNodesDraggable":false,"topGap":0,"bottomGap":0,"growableNodeIds":["siriusComponents://nodeDescription?sourceKind=view&sourceId=8dcd14b0-6259-3193-ad2c-743f394c68e4&sourceElementId=55d4b9e8-0e72-318b-9548-34ed7657c16c","siriusComponents://nodeDescription?sourceKind=view&sourceId=8dcd14b0-6259-3193-ad2c-743f394c68e4&sourceElementId=bbf5f364-e67f-3e69-9918-9eb94cc9d724"],"kind":"List"},"position":{"x":-1.0,"y":-1.0},"size":{"width":125.0,"height":60.0},"borderNodes":[],"childNodes":[{"id":"90b6ef26-599a-3d1a-97fd-43e6e999bf3e","type":"node:rectangle","targetObjectId":"3c5a6b1a-bad9-4691-9cba-5fedbfeb0b99","targetObjectKind":"siriusComponents://semantic?domain=sysml&entity=PartDefinition","targetObjectLabel":"SamsungFlip","descriptionId":"siriusComponents://nodeDescription?sourceKind=view&sourceId=8dcd14b0-6259-3193-ad2c-743f394c68e4&sourceElementId=32da1a41-7187-3da3-ae52-f3cfc927b133","borderNode":false,"modifiers":["Hidden"],"state":"Hidden","collapsingState":"EXPANDED","insideLabel":{"id":"bd920add-e4f6-3722-94f7-b71c7d4939db","text":"doc","insideLabelLocation":"TOP_CENTER","style":{"color":"#000000","fontSize":12,"bold":false,"italic":true,"underline":false,"strikeThrough":false,"iconURL":[],"background":"transparent","borderColor":"black","borderSize":0,"borderRadius":3,"borderStyle":"Solid"},"isHeader":true,"displayHeaderSeparator":false,"overflowStrategy":"NONE","textAlign":"CENTER"},"outsideLabels":[],"style":{"background":"transparent","borderColor":"#000000","borderSize":1,"borderRadius":0,"borderStyle":"Solid"},"childrenLayoutStrategy":{"areChildNodesDraggable":true,"topGap":0,"bottomGap":10,"growableNodeIds":[],"kind":"List"},"position":{"x":-1.0,"y":-1.0},"size":{"width":125.0,"height":60.0},"borderNodes":[],"childNodes":[],"customizedProperties":[],"defaultWidth":125,"defaultHeight":60,"labelEditable":false,"pinned":false},{"id":"75331b20-2b16-3483-805a-147b4d97ba34","type":"node:rectangle","targetObjectId":"3c5a6b1a-bad9-4691-9cba-5fedbfeb0b99","targetObjectKind":"siriusComponents://semantic?domain=sysml&entity=PartDefinition","targetObjectLabel":"SamsungFlip","descriptionId":"siriusComponents://nodeDescription?sourceKind=view&sourceId=8dcd14b0-6259-3193-ad2c-743f394c68e4&sourceElementId=1d4e3253-3981-3d8a-9887-b887114e3a3e","borderNode":false,"modifiers":[],"state":"Normal","collapsingState":"EXPANDED","insideLabel":{"id":"40b06cb2-e8e2-3809-8dd8-a6ff87bbb447","text":"attributes","insideLabelLocation":"TOP_CENTER","style":{"color":"#000000","fontSize":12,"bold":false,"italic":true,"underline":false,"strikeThrough":false,"iconURL":[],"background":"transparent","borderColor":"black","borderSize":0,"borderRadius":3,"borderStyle":"Solid"},"isHeader":true,"displayHeaderSeparator":false,"overflowStrategy":"NONE","textAlign":"CENTER"},"outsideLabels":[],"style":{"background":"transparent","borderColor":"#000000","borderSize":1,"borderRadius":0,"borderStyle":"Solid"},"childrenLayoutStrategy":{"areChildNodesDraggable":true,"topGap":0,"bottomGap":10,"growableNodeIds":[],"kind":"List"},"position":{"x":-1.0,"y":-1.0},"size":{"width":125.0,"height":60.0},"borderNodes":[],"childNodes":[{"id":"3bccb954-89cf-302a-906f-4bcc5fd3f610","type":"node:icon-label","targetObjectId":"e0e796b3-ccaa-4602-ad7c-617f3254f7c3","targetObjectKind":"siriusComponents://semantic?domain=sysml&entity=AttributeUsage","targetObjectLabel":"displayType","descriptionId":"siriusComponents://nodeDescription?sourceKind=view&sourceId=8dcd14b0-6259-3193-ad2c-743f394c68e4&sourceElementId=4ecff5eb-33f6-3757-9887-0950a3e59a24","borderNode":false,"modifiers":[],"state":"Normal","collapsingState":"EXPANDED","insideLabel":{"id":"492c5f37-6f1c-3884-a0dc-ebce72c75d7c","text":"","insideLabelLocation":"TOP_LEFT","style":{"color":"#000000","fontSize":14,"bold":false,"italic":false,"underline":false,"strikeThrough":false,"iconURL":["/icons/full/obj16/AttributeUsage.svg"],"background":"transparent","borderColor":"black","borderSize":0,"borderRadius":3,"borderStyle":"Solid"},"isHeader":false,"displayHeaderSeparator":false,"overflowStrategy":"WRAP","textAlign":"LEFT"},"outsideLabels":[],"style":{"background":"transparent"},"childrenLayoutStrategy":null,"position":{"x":-1.0,"y":-1.0},"size":{"width":125.0,"height":15.0},"borderNodes":[],"childNodes":[],"customizedProperties":[],"defaultWidth":125,"defaultHeight":15,"labelEditable":true,"pinned":false}],"customizedProperties":[],"defaultWidth":125,"defaultHeight":60,"labelEditable":false,"pinned":false},{"id":"0739ca4e-b1c3-30da-b278-308cee35436a","type":"node:rectangle","targetObjectId":"3c5a6b1a-bad9-4691-9cba-5fedbfeb0b99","targetObjectKind":"siriusComponents://semantic?domain=sysml&entity=PartDefinition","targetObjectLabel":"SamsungFlip","descriptionId":"siriusComponents://nodeDescription?sourceKind=view&sourceId=8dcd14b0-6259-3193-ad2c-743f394c68e4&sourceElementId=a677fbe5-68e8-3949-beab-d96b632c4cc0","borderNode":false,"modifiers":[],"state":"Normal","collapsingState":"EXPANDED","insideLabel":{"id":"4d4e3c9c-a44e-3480-a21b-f1e6f9ed00a0","text":"ports","insideLabelLocation":"TOP_CENTER","style":{"color":"#000000","fontSize":12,"bold":false,"italic":true,"underline":false,"strikeThrough":false,"iconURL":[],"background":"transparent","borderColor":"black","borderSize":0,"borderRadius":3,"borderStyle":"Solid"},"isHeader":true,"displayHeaderSeparator":false,"overflowStrategy":"NONE","textAlign":"CENTER"},"outsideLabels":[],"style":{"background":"transparent","borderColor":"#000000","borderSize":1,"borderRadius":0,"borderStyle":"Solid"},"childrenLayoutStrategy":{"areChildNodesDraggable":true,"topGap":0,"bottomGap":10,"growableNodeIds":[],"kind":"List"},"position":{"x":-1.0,"y":-1.0},"size":{"width":125.0,"height":60.0},"borderNodes":[],"childNodes":[{"id":"7443ea05-0fa8-3ef7-8e83-626f5d93b203","type":"node:icon-label","targetObjectId":"c0073cd3-a3f3-458c-ab17-57d23b8ad5e6","targetObjectKind":"siriusComponents://semantic?domain=sysml&entity=PortUsage","targetObjectLabel":"displayPort","descriptionId":"siriusComponents://nodeDescription?sourceKind=view&sourceId=8dcd14b0-6259-3193-ad2c-743f394c68e4&sourceElementId=a00860fb-f304-3ed8-ab86-c9f1bbfdf671","borderNode":false,"modifiers":[],"state":"Normal","collapsingState":"EXPANDED","insideLabel":{"id":"ba0d2c6e-3dee-379e-8cb9-5a796a58559a","text":"ref displayPort","insideLabelLocation":"TOP_LEFT","style":{"color":"#000000","fontSize":14,"bold":false,"italic":false,"underline":false,"strikeThrough":false,"iconURL":["/icons/full/obj16/PortUsage.svg"],"background":"transparent","borderColor":"black","borderSize":0,"borderRadius":3,"borderStyle":"Solid"},"isHeader":false,"displayHeaderSeparator":false,"overflowStrategy":"WRAP","textAlign":"LEFT"},"outsideLabels":[],"style":{"background":"transparent"},"childrenLayoutStrategy":null,"position":{"x":-1.0,"y":-1.0},"size":{"width":125.0,"height":15.0},"borderNodes":[],"childNodes":[],"customizedProperties":[],"defaultWidth":125,"defaultHeight":15,"labelEditable":true,"pinned":false}],"customizedProperties":[],"defaultWidth":125,"defaultHeight":60,"labelEditable":false,"pinned":false},{"id":"238da5b7-74b6-3d56-bd28-72b6a4e5848a","type":"node:rectangle","targetObjectId":"3c5a6b1a-bad9-4691-9cba-5fedbfeb0b99","targetObjectKind":"siriusComponents://semantic?domain=sysml&entity=PartDefinition","targetObjectLabel":"SamsungFlip","descriptionId":"siriusComponents://nodeDescription?sourceKind=view&sourceId=8dcd14b0-6259-3193-ad2c-743f394c68e4&sourceElementId=d1db77ad-fee0-3c33-bfe1-db84f9fbd027","borderNode":false,"modifiers":[],"state":"Normal","collapsingState":"EXPANDED","insideLabel":{"id":"13a86522-b82d-3988-a0a0-e36a4f94d92c","text":"actions","insideLabelLocation":"TOP_CENTER","style":{"color":"#000000","fontSize":12,"bold":false,"italic":true,"underline":false,"strikeThrough":false,"iconURL":[],"background":"transparent","borderColor":"black","borderSize":0,"borderRadius":3,"borderStyle":"Solid"},"isHeader":true,"displayHeaderSeparator":false,"overflowStrategy":"NONE","textAlign":"CENTER"},"outsideLabels":[],"style":{"background":"transparent","borderColor":"#000000","borderSize":1,"borderRadius":0,"borderStyle":"Solid"},"childrenLayoutStrategy":{"areChildNodesDraggable":true,"topGap":0,"bottomGap":10,"growableNodeIds":[],"kind":"List"},"position":{"x":-1.0,"y":-1.0},"size":{"width":125.0,"height":60.0},"borderNodes":[],"childNodes":[{"id":"97b2a90f-ef3a-3df0-8f7a-9564d74732ab","type":"node:icon-label","targetObjectId":"21ac9d44-15d3-40a2-8c3b-e0cc6630539b","targetObjectKind":"siriusComponents://semantic?domain=sysml&entity=PerformActionUsage","targetObjectLabel":"displayContent","descriptionId":"siriusComponents://nodeDescription?sourceKind=view&sourceId=8dcd14b0-6259-3193-ad2c-743f394c68e4&sourceElementId=b33ffdab-3544-346b-835f-a6c1f9912254","borderNode":false,"modifiers":[],"state":"Normal","collapsingState":"EXPANDED","insideLabel":{"id":"ad6f0b83-54d8-3f13-b52e-553835bb3b1f","text":"ref displayContent","insideLabelLocation":"TOP_LEFT","style":{"color":"#000000","fontSize":14,"bold":false,"italic":false,"underline":false,"strikeThrough":false,"iconURL":["/icons/full/obj16/PerformActionUsage.svg"],"background":"transparent","borderColor":"black","borderSize":0,"borderRadius":3,"borderStyle":"Solid"},"isHeader":false,"displayHeaderSeparator":false,"overflowStrategy":"WRAP","textAlign":"LEFT"},"outsideLabels":[],"style":{"background":"transparent"},"childrenLayoutStrategy":null,"position":{"x":-1.0,"y":-1.0},"size":{"width":125.0,"height":15.0},"borderNodes":[],"childNodes":[],"customizedProperties":[],"defaultWidth":125,"defaultHeight":15,"labelEditable":true,"pinned":false},{"id":"869838eb-38f4-3bd9-9456-0a7bcece3e9a","type":"node:icon-label","targetObjectId":"181640f0-1f33-4d71-ac80-2c9c3bdf741e","targetObjectKind":"siriusComponents://semantic?domain=sysml&entity=PerformActionUsage","targetObjectLabel":"annotateContent","descriptionId":"siriusComponents://nodeDescription?sourceKind=view&sourceId=8dcd14b0-6259-3193-ad2c-743f394c68e4&sourceElementId=b33ffdab-3544-346b-835f-a6c1f9912254","borderNode":false,"modifiers":[],"state":"Normal","collapsingState":"EXPANDED","insideLabel":{"id":"0f6ac195-ccd0-369d-963c-ab4f43e6327d","text":"ref annotateContent","insideLabelLocation":"TOP_LEFT","style":{"color":"#000000","fontSize":14,"bold":false,"italic":false,"underline":false,"strikeThrough":false,"iconURL":["/icons/full/obj16/PerformActionUsage.svg"],"background":"transparent","borderColor":"black","borderSize":0,"borderRadius":3,"borderStyle":"Solid"},"isHeader":false,"displayHeaderSeparator":false,"overflowStrategy":"WRAP","textAlign":"LEFT"},"outsideLabels":[],"style":{"background":"transparent"},"childrenLayoutStrategy":null,"position":{"x":-1.0,"y":-1.0},"size":{"width":125.0,"height":15.0},"borderNodes":[],"childNodes":[],"customizedProperties":[],"defaultWidth":125,"defaultHeight":15,"labelEditable":true,"pinned":false},{"id":"3231dc6f-ddd6-366d-ad53-1db495a7c208","type":"node:icon-label","targetObjectId":"783ff506-c230-4f12-a96e-13a350b17c86","targetObjectKind":"siriusComponents://semantic?domain=sysml&entity=PerformActionUsage","targetObjectLabel":"shareScreen","descriptionId":"siriusComponents://nodeDescription?sourceKind=view&sourceId=8dcd14b0-6259-3193-ad2c-743f394c68e4&sourceElementId=b33ffdab-3544-346b-835f-a6c1f9912254","borderNode":false,"modifiers":[],"state":"Normal","collapsingState":"EXPANDED","insideLabel":{"id":"fd1b3a55-82be-39eb-add8-c54e3aeb687d","text":"ref shareScreen","insideLabelLocation":"TOP_LEFT","style":{"color":"#000000","fontSize":14,"bold":false,"italic":false,"underline":false,"strikeThrough":false,"iconURL":["/icons/full/obj16/PerformActionUsage.svg"],"background":"transparent","borderColor":"black","borderSize":0,"borderRadius":3,"borderStyle":"Solid"},"isHeader":false,"displayHeaderSeparator":false,"overflowStrategy":"WRAP","textAlign":"LEFT"},"outsideLabels":[],"style":{"background":"transparent"},"childrenLayoutStrategy":null,"position":{"x":-1.0,"y":-1.0},"size":{"width":125.0,"height":15.0},"borderNodes":[],"childNodes":[],"customizedProperties":[],"defaultWidth":125,"defaultHeight":15,"labelEditable":true,"pinned":false},{"id":"732ea3cd-6356-3ec0-bf5d-5a8dc87d251e","type":"node:icon-label","targetObjectId":"fb25f013-8773-437d-a08a-9b02d2dc1d17","targetObjectKind":"siriusComponents://semantic?domain=sysml&entity=PerformActionUsage","targetObjectLabel":"saveSession","descriptionId":"siriusComponents://nodeDescription?sourceKind=view&sourceId=8dcd14b0-6259-3193-ad2c-743f394c68e4&sourceElementId=b33ffdab-3544-346b-835f-a6c1f9912254","borderNode":false,"modifiers":[],"state":"Normal","collapsingState":"EXPANDED","insideLabel":{"id":"e8bc86de-72df-3b70-8a4a-0e1429a9ffd7","text":"ref saveSession","insideLabelLocation":"TOP_LEFT","style":{"color":"#000000","fontSize":14,"bold":false,"italic":false,"underline":false,"strikeThrough":false,"iconURL":["/icons/full/obj16/PerformActionUsage.svg"],"background":"transparent","borderColor":"black","borderSize":0,"borderRadius":3,"borderStyle":"Solid"},"isHeader":false,"displayHeaderSeparator":false,"overflowStrategy":"WRAP","textAlign":"LEFT"},"outsideLabels":[],"style":{"background":"transparent"},"childrenLayoutStrategy":null,"position":{"x":-1.0,"y":-1.0},"size":{"width":125.0,"height":15.0},"borderNodes":[],"childNodes":[],"customizedProperties":[],"defaultWidth":125,"defaultHeight":15,"labelEditable":true,"pinned":false}],"customizedProperties":[],"defaultWidth":125,"defaultHeight":60,"labelEditable":false,"pinned":false},{"id":"ff0a0722-a180-3bf0-b40b-caf7d1c0496a","type":"node:rectangle","targetObjectId":"3c5a6b1a-bad9-4691-9cba-5fedbfeb0b99","targetObjectKind":"siriusComponents://semantic?domain=sysml&entity=PartDefinition","targetObjectLabel":"SamsungFlip","descriptionId":"siriusComponents://nodeDescription?sourceKind=view&sourceId=8dcd14b0-6259-3193-ad2c-743f394c68e4&sourceElementId=ccfe5fb7-d409-3891-b4ac-6ddf4d79da00","borderNode":false,"modifiers":["Hidden"],"state":"Hidden","collapsingState":"EXPANDED","insideLabel":{"id":"65d29820-2a5b-368b-8cda-0de73ca35e6d","text":"states","insideLabelLocation":"TOP_CENTER","style":{"color":"#000000","fontSize":12,"bold":false,"italic":true,"underline":false,"strikeThrough":false,"iconURL":[],"background":"transparent","borderColor":"black","borderSize":0,"borderRadius":3,"borderStyle":"Solid"},"isHeader":true,"displayHeaderSeparator":false,"overflowStrategy":"NONE","textAlign":"CENTER"},"outsideLabels":[],"style":{"background":"transparent","borderColor":"#000000","borderSize":1,"borderRadius":0,"borderStyle":"Solid"},"childrenLayoutStrategy":{"areChildNodesDraggable":true,"topGap":0,"bottomGap":10,"growableNodeIds":[],"kind":"List"},"position":{"x":-1.0,"y":-1.0},"size":{"width":125.0,"height":60.0},"borderNodes":[],"childNodes":[],"customizedProperties":[],"defaultWidth":125,"defaultHeight":60,"labelEditable":false,"pinned":false},{"id":"63ae7087-e5ab-370e-bf34-a6ea25ea5912","type":"node:rectangle","targetObjectId":"3c5a6b1a-bad9-4691-9cba-5fedbfeb0b99","targetObjectKind":"siriusComponents://semantic?domain=sysml&entity=PartDefinition","targetObjectLabel":"SamsungFlip","descriptionId":"siriusComponents://nodeDescription?sourceKind=view&sourceId=8dcd14b0-6259-3193-ad2c-743f394c68e4&sourceElementId=55d4b9e8-0e72-318b-9548-34ed7657c16c","borderNode":false,"modifiers":["Hidden"],"state":"Hidden","collapsingState":"EXPANDED","insideLabel":{"id":"77e14a76-4e55-35a8-9125-aa3c32b73f31","text":"action flow","insideLabelLocation":"TOP_CENTER","style":{"color":"#000000","fontSize":12,"bold":false,"italic":true,"underline":false,"strikeThrough":false,"iconURL":[],"background":"transparent","borderColor":"black","borderSize":0,"borderRadius":3,"borderStyle":"Solid"},"isHeader":true,"displayHeaderSeparator":false,"overflowStrategy":"NONE","textAlign":"CENTER"},"outsideLabels":[],"style":{"background":"transparent","borderColor":"#000000","borderSize":1,"borderRadius":0,"borderStyle":"Solid"},"childrenLayoutStrategy":{"kind":"FreeForm"},"position":{"x":-1.0,"y":-1.0},"size":{"width":125.0,"height":150.0},"borderNodes":[],"childNodes":[],"customizedProperties":[],"defaultWidth":125,"defaultHeight":150,"labelEditable":false,"pinned":false},{"id":"fb903f60-1982-3301-b5e3-48e06484ac16","type":"node:rectangle","targetObjectId":"3c5a6b1a-bad9-4691-9cba-5fedbfeb0b99","targetObjectKind":"siriusComponents://semantic?domain=sysml&entity=PartDefinition","targetObjectLabel":"SamsungFlip","descriptionId":"siriusComponents://nodeDescription?sourceKind=view&sourceId=8dcd14b0-6259-3193-ad2c-743f394c68e4&sourceElementId=bbf5f364-e67f-3e69-9918-9eb94cc9d724","borderNode":false,"modifiers":["Hidden"],"state":"Hidden","collapsingState":"EXPANDED","insideLabel":{"id":"6d9da4d2-b4a1-31b5-878b-1fd91e37a37a","text":"state transition","insideLabelLocation":"TOP_CENTER","style":{"color":"#000000","fontSize":12,"bold":false,"italic":true,"underline":false,"strikeThrough":false,"iconURL":[],"background":"transparent","borderColor":"black","borderSize":0,"borderRadius":3,"borderStyle":"Solid"},"isHeader":true,"displayHeaderSeparator":false,"overflowStrategy":"NONE","textAlign":"CENTER"},"outsideLabels":[],"style":{"background":"transparent","borderColor":"#000000","borderSize":1,"borderRadius":0,"borderStyle":"Solid"},"childrenLayoutStrategy":{"kind":"FreeForm"},"position":{"x":-1.0,"y":-1.0},"size":{"width":125.0,"height":150.0},"borderNodes":[],"childNodes":[],"customizedProperties":[],"defaultWidth":125,"defaultHeight":150,"labelEditable":false,"pinned":false}],"customizedProperties":[],"defaultWidth":125,"defaultHeight":60,"labelEditable":true,"pinned":false}],"edges":[{"id":"67c33ad0-6b11-38e3-8f5a-113ecb8f4182","type":"edge:straight","targetObjectId":"17fc8c59-e816-41e2-923e-97fc3aacec54","targetObjectKind":"siriusComponents://semantic?domain=sysml&entity=Dependency","targetObjectLabel":"dependency","descriptionId":"siriusComponents://edgeDescription?sourceKind=view&sourceId=8dcd14b0-6259-3193-ad2c-743f394c68e4&sourceElementId=9938eddb-e21d-3a4e-8817-f5d5479aad24","beginLabel":null,"centerLabel":null,"endLabel":null,"sourceId":"ed1f74fa-10b1-384f-9ed0-9e1662d5fccf","targetId":"a039d4d2-c124-34c0-99ef-7cbb93cd5e0a","modifiers":[],"state":"Normal","style":{"size":1,"lineStyle":"Dash","sourceArrow":"None","targetArrow":"InputArrow","color":"#000000"},"routingPoints":[],"sourceAnchorRelativePosition":{"x":-1.0,"y":-1.0},"targetAnchorRelativePosition":{"x":-1.0,"y":-1.0},"centerLabelEditable":false},{"id":"ac139e18-13f4-30d4-95b8-896978a1e527","type":"edge:straight","targetObjectId":"4bf8d8c1-5afb-4e31-8bdb-e67489becd4c","targetObjectKind":"siriusComponents://semantic?domain=sysml&entity=Dependency","targetObjectLabel":"dependency","descriptionId":"siriusComponents://edgeDescription?sourceKind=view&sourceId=8dcd14b0-6259-3193-ad2c-743f394c68e4&sourceElementId=9938eddb-e21d-3a4e-8817-f5d5479aad24","beginLabel":null,"centerLabel":null,"endLabel":null,"sourceId":"f8789c5c-3921-3140-805a-488d8439142e","targetId":"5e77547a-c81d-355f-9158-0532be8ba827","modifiers":[],"state":"Normal","style":{"size":1,"lineStyle":"Dash","sourceArrow":"None","targetArrow":"InputArrow","color":"#000000"},"routingPoints":[],"sourceAnchorRelativePosition":{"x":-1.0,"y":-1.0},"targetAnchorRelativePosition":{"x":-1.0,"y":-1.0},"centerLabelEditable":false}],"layoutData":{"nodeLayoutData":{"75331b20-2b16-3483-805a-147b4d97ba34":{"id":"75331b20-2b16-3483-805a-147b4d97ba34","position":{"x":0.752917,"y":50.633646675292965},"size":{"width":260.494166,"height":60.0},"resizedByUser":false},"97b2a90f-ef3a-3df0-8f7a-9564d74732ab":{"id":"97b2a90f-ef3a-3df0-8f7a-9564d74732ab","position":{"x":0.0,"y":30.30489730834961},"size":{"width":260.494166,"height":16.564167022705078},"resizedByUser":false},"869838eb-38f4-3bd9-9456-0a7bcece3e9a":{"id":"869838eb-38f4-3bd9-9456-0a7bcece3e9a","position":{"x":0.0,"y":46.86906433105469},"size":{"width":260.494166,"height":16.564167022705078},"resizedByUser":false},"238da5b7-74b6-3d56-bd28-72b6a4e5848a":{"id":"238da5b7-74b6-3d56-bd28-72b6a4e5848a","position":{"x":0.752917,"y":170.63364667529297},"size":{"width":260.494166,"height":106.56156539916992},"resizedByUser":false},"3bccb954-89cf-302a-906f-4bcc5fd3f610":{"id":"3bccb954-89cf-302a-906f-4bcc5fd3f610","position":{"x":0.0,"y":30.30489730834961},"size":{"width":260.494166,"height":15.999479293823242},"resizedByUser":false},"5e77547a-c81d-355f-9158-0532be8ba827":{"id":"5e77547a-c81d-355f-9158-0532be8ba827","position":{"x":832.9894952466582,"y":186.5927848797599},"size":{"width":202.0,"height":196.0},"resizedByUser":true},"ed1f74fa-10b1-384f-9ed0-9e1662d5fccf":{"id":"ed1f74fa-10b1-384f-9ed0-9e1662d5fccf","position":{"x":459.3138808049577,"y":-112.65263674843169},"size":{"width":150.92450465429687,"height":184.81979502905273},"resizedByUser":false},"d54e24b5-2047-36b2-b4ac-d7e114f94342":{"id":"d54e24b5-2047-36b2-b4ac-d7e114f94342","position":{"x":0.0,"y":30.30489730834961},"size":{"width":201.494166,"height":16.564167022705078},"resizedByUser":false},"8663c6e7-f094-3821-9b6a-3e34a0bbc1e7":{"id":"8663c6e7-f094-3821-9b6a-3e34a0bbc1e7","position":{"x":0.0,"y":30.30489730834961},"size":{"width":149.41867065429688,"height":16.564167022705078},"resizedByUser":false},"2b0c006f-816a-3ab9-b317-d531edfa96c1":{"id":"2b0c006f-816a-3ab9-b317-d531edfa96c1","position":{"x":0.752917,"y":124.06687802905273},"size":{"width":201.494166,"height":60.0},"resizedByUser":false},"732ea3cd-6356-3ec0-bf5d-5a8dc87d251e":{"id":"732ea3cd-6356-3ec0-bf5d-5a8dc87d251e","position":{"x":0.0,"y":79.99739837646484},"size":{"width":260.494166,"height":16.564167022705078},"resizedByUser":false},"285af036-674d-3e0e-9161-837fa09e1480":{"id":"285af036-674d-3e0e-9161-837fa09e1480","position":{"x":0.0,"y":30.30489730834961},"size":{"width":149.41867065429688,"height":33.128334045410156},"resizedByUser":false},"6d1760e5-8eff-3222-a9fd-b35ecc73d96f":{"id":"6d1760e5-8eff-3222-a9fd-b35ecc73d96f","position":{"x":0.752917,"y":50.633646675292965},"size":{"width":149.41867065429688,"height":60.0},"resizedByUser":false},"e6ee66f4-1645-37f9-aa3f-126addb46703":{"id":"e6ee66f4-1645-37f9-aa3f-126addb46703","position":{"x":0.752917,"y":50.633646675292965},"size":{"width":201.494166,"height":73.43323135375977},"resizedByUser":false},"f8789c5c-3921-3140-805a-488d8439142e":{"id":"f8789c5c-3921-3140-805a-488d8439142e","position":{"x":433.2761331321062,"y":183.0927848797599},"size":{"width":203.0,"height":203.0},"resizedByUser":true},"a039d4d2-c124-34c0-99ef-7cbb93cd5e0a":{"id":"a039d4d2-c124-34c0-99ef-7cbb93cd5e0a","position":{"x":802.9894952466583,"y":-160.95857414125396},"size":{"width":262.0,"height":288.0},"resizedByUser":true},"173308b8-72ff-3752-b3f2-ed327d2f3a74":{"id":"173308b8-72ff-3752-b3f2-ed327d2f3a74","position":{"x":0.752917,"y":110.63364667529297},"size":{"width":149.41867065429688,"height":73.43323135375977},"resizedByUser":false},"d39cfe1e-c45c-3e17-9020-c15022c8aca4":{"id":"d39cfe1e-c45c-3e17-9020-c15022c8aca4","position":{"x":0.0,"y":30.30489730834961},"size":{"width":200.494166,"height":33.128334045410156},"resizedByUser":false},"3231dc6f-ddd6-366d-ad53-1db495a7c208":{"id":"3231dc6f-ddd6-366d-ad53-1db495a7c208","position":{"x":0.0,"y":63.433231353759766},"size":{"width":260.494166,"height":16.564167022705078},"resizedByUser":false},"651c53c0-e128-33df-8f22-a1ee814ef9b9":{"id":"651c53c0-e128-33df-8f22-a1ee814ef9b9","position":{"x":0.0,"y":30.30489730834961},"size":{"width":200.494166,"height":15.999479293823242},"resizedByUser":false},"3c07acad-5728-35e6-9c42-c8856c127db9":{"id":"3c07acad-5728-35e6-9c42-c8856c127db9","position":{"x":0.752917,"y":110.63364667529297},"size":{"width":200.494166,"height":73.43323135375977},"resizedByUser":false},"7443ea05-0fa8-3ef7-8e83-626f5d93b203":{"id":"7443ea05-0fa8-3ef7-8e83-626f5d93b203","position":{"x":0.0,"y":30.30489730834961},"size":{"width":260.494166,"height":16.564167022705078},"resizedByUser":false},"0739ca4e-b1c3-30da-b278-308cee35436a":{"id":"0739ca4e-b1c3-30da-b278-308cee35436a","position":{"x":0.752917,"y":110.63364667529297},"size":{"width":260.494166,"height":60.0},"resizedByUser":false},"bbbf4f32-560f-3b06-8d25-bd461bc89571":{"id":"bbbf4f32-560f-3b06-8d25-bd461bc89571","position":{"x":0.752917,"y":50.633646675292965},"size":{"width":200.494166,"height":60.0},"resizedByUser":false},"11f15269-a783-3192-ae31-d126f08cd834":{"id":"11f15269-a783-3192-ae31-d126f08cd834","position":{"x":0.0,"y":30.30489730834961},"size":{"width":201.494166,"height":33.128334045410156},"resizedByUser":false}},"edgeLayoutData":{},"labelLayoutData":{}}}}