{"id":"9903033e-97f8-4c7a-8b31-8a5e2304fcf3","projectId":"dd03cbcf-f447-4676-ab8d-582611e7b98a","descriptionId":"siriusComponents://representationDescription?kind=diagramDescription&sourceKind=view&sourceId=8dcd14b0-6259-3193-ad2c-743f394c68e4&sourceElementId=db495705-e917-319b-af55-a32ad63f4089","targetObjectId":"5318af85-0703-49ff-bfa6-d102da451b0b","label":"General View","kind":"siriusComponents://representation?type=Diagram","representation":{"id":"9903033e-97f8-4c7a-8b31-8a5e2304fcf3","kind":"siriusComponents://representation?type=Diagram","targetObjectId":"5318af85-0703-49ff-bfa6-d102da451b0b","descriptionId":"siriusComponents://representationDescription?kind=diagramDescription&sourceKind=view&sourceId=8dcd14b0-6259-3193-ad2c-743f394c68e4&sourceElementId=db495705-e917-319b-af55-a32ad63f4089","label":"General View","position":{"x":-1.0,"y":-1.0},"size":{"width":-1.0,"height":-1.0},"nodes":[{"id":"0ad3083e-a5b0-3e11-b028-48b643ced8b2","type":"customnode:sysmlpackage","targetObjectId":"8b768f1a-3965-4a1f-b1fa-7eabed73fb89","targetObjectKind":"siriusComponents://semantic?domain=sysml&entity=Package","targetObjectLabel":"Concept Model","descriptionId":"siriusComponents://nodeDescription?sourceKind=view&sourceId=8dcd14b0-6259-3193-ad2c-743f394c68e4&sourceElementId=c0ac286a-69c6-389a-9635-a559ec3e942d","borderNode":false,"modifiers":[],"state":"Normal","collapsingState":"EXPANDED","insideLabel":{"id":"70272a58-4ca9-324e-a4de-0250e027b558","text":"Concept Model","insideLabelLocation":"TOP_CENTER","style":{"color":"#000000","fontSize":14,"bold":false,"italic":false,"underline":false,"strikeThrough":false,"iconURL":["/icons/full/obj16/Package.svg"],"background":"transparent","borderColor":"black","borderSize":0,"borderRadius":3,"borderStyle":"Solid"},"isHeader":false,"displayHeaderSeparator":false,"overflowStrategy":"NONE","textAlign":"CENTER"},"outsideLabels":[],"style":{"background":"#ffffff","borderColor":"#000000","borderSize":1,"borderStyle":"Solid"},"childrenLayoutStrategy":{"kind":"FreeForm"},"position":{"x":-1.0,"y":-1.0},"size":{"width":300.0,"height":101.0},"borderNodes":[],"childNodes":[],"customizedProperties":[],"defaultWidth":300,"defaultHeight":101,"labelEditable":true,"pinned":false},{"id":"e3fb6d9a-b59b-37db-880c-32d77c7dc5dd","type":"node:rectangle","targetObjectId":"649ed149-0b83-4315-a428-dbc5c660f5d9","targetObjectKind":"siriusComponents://semantic?domain=sysml&entity=RequirementDefinition","targetObjectLabel":"RequirementDefinition","descriptionId":"siriusComponents://nodeDescription?sourceKind=view&sourceId=8dcd14b0-6259-3193-ad2c-743f394c68e4&sourceElementId=38402f15-6e82-36f0-8424-61f6f73a5ed2","borderNode":false,"modifiers":[],"state":"Normal","collapsingState":"EXPANDED","insideLabel":{"id":"751657f7-65e9-3268-a394-6402e45d1e11","text":"«requirement def»\nRequirementDefinition","insideLabelLocation":"TOP_CENTER","style":{"color":"#000000","fontSize":14,"bold":false,"italic":false,"underline":false,"strikeThrough":false,"iconURL":["/icons/full/obj16/RequirementDefinition.svg"],"background":"transparent","borderColor":"black","borderSize":0,"borderRadius":3,"borderStyle":"Solid"},"isHeader":true,"displayHeaderSeparator":true,"overflowStrategy":"NONE","textAlign":"CENTER"},"outsideLabels":[],"style":{"background":"#ffffff","borderColor":"#000000","borderSize":1,"borderRadius":0,"borderStyle":"Solid"},"childrenLayoutStrategy":{"areChildNodesDraggable":false,"topGap":0,"bottomGap":0,"growableNodeIds":[],"kind":"List"},"position":{"x":-1.0,"y":-1.0},"size":{"width":125.0,"height":60.0},"borderNodes":[],"childNodes":[{"id":"96303735-36ba-3baf-94d9-54c46bda00d1","type":"node:rectangle","targetObjectId":"649ed149-0b83-4315-a428-dbc5c660f5d9","targetObjectKind":"siriusComponents://semantic?domain=sysml&entity=RequirementDefinition","targetObjectLabel":"RequirementDefinition","descriptionId":"siriusComponents://nodeDescription?sourceKind=view&sourceId=8dcd14b0-6259-3193-ad2c-743f394c68e4&sourceElementId=5362b06b-0ed6-324d-a896-39f812723d4d","borderNode":false,"modifiers":[],"state":"Normal","collapsingState":"EXPANDED","insideLabel":{"id":"135b0e3e-7e25-3dbf-ab95-ac82bf8419fd","text":"doc","insideLabelLocation":"TOP_CENTER","style":{"color":"#000000","fontSize":12,"bold":false,"italic":true,"underline":false,"strikeThrough":false,"iconURL":[],"background":"transparent","borderColor":"black","borderSize":0,"borderRadius":3,"borderStyle":"Solid"},"isHeader":true,"displayHeaderSeparator":false,"overflowStrategy":"NONE","textAlign":"CENTER"},"outsideLabels":[],"style":{"background":"transparent","borderColor":"#000000","borderSize":1,"borderRadius":0,"borderStyle":"Solid"},"childrenLayoutStrategy":{"areChildNodesDraggable":true,"topGap":0,"bottomGap":10,"growableNodeIds":[],"kind":"List"},"position":{"x":-1.0,"y":-1.0},"size":{"width":125.0,"height":60.0},"borderNodes":[],"childNodes":[{"id":"4465d0bc-650b-3bf0-b1f1-a7476ea74c7a","type":"node:icon-label","targetObjectId":"8f28c418-aa55-49a3-9493-e36756fd01a6","targetObjectKind":"siriusComponents://semantic?domain=sysml&entity=Documentation","targetObjectLabel":"","descriptionId":"siriusComponents://nodeDescription?sourceKind=view&sourceId=8dcd14b0-6259-3193-ad2c-743f394c68e4&sourceElementId=66c5cbdc-97ba-3e87-bf28-782130f7e931","borderNode":false,"modifiers":[],"state":"Normal","collapsingState":"EXPANDED","insideLabel":{"id":"f1229c42-a839-3760-a250-29c80955837b","text":"The idea wall can capture ideas on-the-go, anywhere and automatically display them on a team (i.e. shared) collaborative boards that can be set-up in multiple locations.","insideLabelLocation":"TOP_LEFT","style":{"color":"#000000","fontSize":14,"bold":false,"italic":false,"underline":false,"strikeThrough":false,"iconURL":["/icons/full/obj16/Documentation.svg"],"background":"transparent","borderColor":"black","borderSize":0,"borderRadius":3,"borderStyle":"Solid"},"isHeader":false,"displayHeaderSeparator":false,"overflowStrategy":"WRAP","textAlign":"LEFT"},"outsideLabels":[],"style":{"background":"transparent"},"childrenLayoutStrategy":null,"position":{"x":-1.0,"y":-1.0},"size":{"width":125.0,"height":15.0},"borderNodes":[],"childNodes":[],"customizedProperties":[],"defaultWidth":125,"defaultHeight":15,"labelEditable":true,"pinned":false}],"customizedProperties":[],"defaultWidth":125,"defaultHeight":60,"labelEditable":false,"pinned":false},{"id":"76be9be1-68f5-3257-bf2e-baa01ffa0c5b","type":"node:rectangle","targetObjectId":"649ed149-0b83-4315-a428-dbc5c660f5d9","targetObjectKind":"siriusComponents://semantic?domain=sysml&entity=RequirementDefinition","targetObjectLabel":"RequirementDefinition","descriptionId":"siriusComponents://nodeDescription?sourceKind=view&sourceId=8dcd14b0-6259-3193-ad2c-743f394c68e4&sourceElementId=e9eb8e50-3a1f-3d76-8f0b-c219261ce58e","borderNode":false,"modifiers":["Hidden"],"state":"Hidden","collapsingState":"EXPANDED","insideLabel":{"id":"23a39640-12ac-3084-8ab4-7d0757bfdc8c","text":"attributes","insideLabelLocation":"TOP_CENTER","style":{"color":"#000000","fontSize":12,"bold":false,"italic":true,"underline":false,"strikeThrough":false,"iconURL":[],"background":"transparent","borderColor":"black","borderSize":0,"borderRadius":3,"borderStyle":"Solid"},"isHeader":true,"displayHeaderSeparator":false,"overflowStrategy":"NONE","textAlign":"CENTER"},"outsideLabels":[],"style":{"background":"transparent","borderColor":"#000000","borderSize":1,"borderRadius":0,"borderStyle":"Solid"},"childrenLayoutStrategy":{"areChildNodesDraggable":true,"topGap":0,"bottomGap":10,"growableNodeIds":[],"kind":"List"},"position":{"x":-1.0,"y":-1.0},"size":{"width":125.0,"height":60.0},"borderNodes":[],"childNodes":[],"customizedProperties":[],"defaultWidth":125,"defaultHeight":60,"labelEditable":false,"pinned":false},{"id":"074b3d2c-0b0d-34df-a0c7-43e350bff49d","type":"node:rectangle","targetObjectId":"649ed149-0b83-4315-a428-dbc5c660f5d9","targetObjectKind":"siriusComponents://semantic?domain=sysml&entity=RequirementDefinition","targetObjectLabel":"RequirementDefinition","descriptionId":"siriusComponents://nodeDescription?sourceKind=view&sourceId=8dcd14b0-6259-3193-ad2c-743f394c68e4&sourceElementId=b4ef6223-56a6-3d71-a60d-3856e0d56e6d","borderNode":false,"modifiers":["Hidden"],"state":"Hidden","collapsingState":"EXPANDED","insideLabel":{"id":"3d69f623-fc71-389e-8109-638e2c0c3452","text":"requirements","insideLabelLocation":"TOP_CENTER","style":{"color":"#000000","fontSize":12,"bold":false,"italic":true,"underline":false,"strikeThrough":false,"iconURL":[],"background":"transparent","borderColor":"black","borderSize":0,"borderRadius":3,"borderStyle":"Solid"},"isHeader":true,"displayHeaderSeparator":false,"overflowStrategy":"NONE","textAlign":"CENTER"},"outsideLabels":[],"style":{"background":"transparent","borderColor":"#000000","borderSize":1,"borderRadius":0,"borderStyle":"Solid"},"childrenLayoutStrategy":{"areChildNodesDraggable":true,"topGap":0,"bottomGap":10,"growableNodeIds":[],"kind":"List"},"position":{"x":-1.0,"y":-1.0},"size":{"width":125.0,"height":60.0},"borderNodes":[],"childNodes":[],"customizedProperties":[],"defaultWidth":125,"defaultHeight":60,"labelEditable":false,"pinned":false},{"id":"3cb33c54-5dc5-30cd-b4bf-49401388a6c2","type":"node:rectangle","targetObjectId":"649ed149-0b83-4315-a428-dbc5c660f5d9","targetObjectKind":"siriusComponents://semantic?domain=sysml&entity=RequirementDefinition","targetObjectLabel":"RequirementDefinition","descriptionId":"siriusComponents://nodeDescription?sourceKind=view&sourceId=8dcd14b0-6259-3193-ad2c-743f394c68e4&sourceElementId=c54a1573-81f0-3e2b-99f9-952e1b586bbc","borderNode":false,"modifiers":["Hidden"],"state":"Hidden","collapsingState":"EXPANDED","insideLabel":{"id":"e982cdb2-925d-389e-8eda-be74bd0355a1","text":"assume constraints","insideLabelLocation":"TOP_CENTER","style":{"color":"#000000","fontSize":12,"bold":false,"italic":true,"underline":false,"strikeThrough":false,"iconURL":[],"background":"transparent","borderColor":"black","borderSize":0,"borderRadius":3,"borderStyle":"Solid"},"isHeader":true,"displayHeaderSeparator":false,"overflowStrategy":"NONE","textAlign":"CENTER"},"outsideLabels":[],"style":{"background":"transparent","borderColor":"#000000","borderSize":1,"borderRadius":0,"borderStyle":"Solid"},"childrenLayoutStrategy":{"areChildNodesDraggable":true,"topGap":0,"bottomGap":10,"growableNodeIds":[],"kind":"List"},"position":{"x":-1.0,"y":-1.0},"size":{"width":125.0,"height":60.0},"borderNodes":[],"childNodes":[],"customizedProperties":[],"defaultWidth":125,"defaultHeight":60,"labelEditable":false,"pinned":false},{"id":"740d2501-7987-32c7-9d60-bffaee05411b","type":"node:rectangle","targetObjectId":"649ed149-0b83-4315-a428-dbc5c660f5d9","targetObjectKind":"siriusComponents://semantic?domain=sysml&entity=RequirementDefinition","targetObjectLabel":"RequirementDefinition","descriptionId":"siriusComponents://nodeDescription?sourceKind=view&sourceId=8dcd14b0-6259-3193-ad2c-743f394c68e4&sourceElementId=cd0aa201-6656-362d-a520-3488c846f463","borderNode":false,"modifiers":["Hidden"],"state":"Hidden","collapsingState":"EXPANDED","insideLabel":{"id":"ae7bc325-62f2-3c8a-bec2-cf6caf7e5f00","text":"require constraints","insideLabelLocation":"TOP_CENTER","style":{"color":"#000000","fontSize":12,"bold":false,"italic":true,"underline":false,"strikeThrough":false,"iconURL":[],"background":"transparent","borderColor":"black","borderSize":0,"borderRadius":3,"borderStyle":"Solid"},"isHeader":true,"displayHeaderSeparator":false,"overflowStrategy":"NONE","textAlign":"CENTER"},"outsideLabels":[],"style":{"background":"transparent","borderColor":"#000000","borderSize":1,"borderRadius":0,"borderStyle":"Solid"},"childrenLayoutStrategy":{"areChildNodesDraggable":true,"topGap":0,"bottomGap":10,"growableNodeIds":[],"kind":"List"},"position":{"x":-1.0,"y":-1.0},"size":{"width":125.0,"height":60.0},"borderNodes":[],"childNodes":[],"customizedProperties":[],"defaultWidth":125,"defaultHeight":60,"labelEditable":false,"pinned":false},{"id":"59c9a47e-e725-31d9-82c5-b13fe2252570","type":"node:rectangle","targetObjectId":"649ed149-0b83-4315-a428-dbc5c660f5d9","targetObjectKind":"siriusComponents://semantic?domain=sysml&entity=RequirementDefinition","targetObjectLabel":"RequirementDefinition","descriptionId":"siriusComponents://nodeDescription?sourceKind=view&sourceId=8dcd14b0-6259-3193-ad2c-743f394c68e4&sourceElementId=52bfcd14-267f-3197-9c52-631866c33529","borderNode":false,"modifiers":["Hidden"],"state":"Hidden","collapsingState":"EXPANDED","insideLabel":{"id":"131d1266-a457-3937-bb78-729c22f7c9dd","text":"subject","insideLabelLocation":"TOP_CENTER","style":{"color":"#000000","fontSize":12,"bold":false,"italic":true,"underline":false,"strikeThrough":false,"iconURL":[],"background":"transparent","borderColor":"black","borderSize":0,"borderRadius":3,"borderStyle":"Solid"},"isHeader":true,"displayHeaderSeparator":false,"overflowStrategy":"NONE","textAlign":"CENTER"},"outsideLabels":[],"style":{"background":"transparent","borderColor":"#000000","borderSize":1,"borderRadius":0,"borderStyle":"Solid"},"childrenLayoutStrategy":{"areChildNodesDraggable":true,"topGap":0,"bottomGap":10,"growableNodeIds":[],"kind":"List"},"position":{"x":-1.0,"y":-1.0},"size":{"width":125.0,"height":60.0},"borderNodes":[],"childNodes":[],"customizedProperties":[],"defaultWidth":125,"defaultHeight":60,"labelEditable":false,"pinned":false}],"customizedProperties":[],"defaultWidth":125,"defaultHeight":60,"labelEditable":true,"pinned":false}],"edges":[{"id":"7d52e38a-9248-38de-995a-cdf581e34aa8","type":"edge:straight","targetObjectId":"9329100a-38cd-4a7f-bd9e-f6a7790d0f76","targetObjectKind":"siriusComponents://semantic?domain=sysml&entity=Dependency","targetObjectLabel":"dependency","descriptionId":"siriusComponents://edgeDescription?sourceKind=view&sourceId=8dcd14b0-6259-3193-ad2c-743f394c68e4&sourceElementId=9938eddb-e21d-3a4e-8817-f5d5479aad24","beginLabel":null,"centerLabel":null,"endLabel":null,"sourceId":"e3fb6d9a-b59b-37db-880c-32d77c7dc5dd","targetId":"0ad3083e-a5b0-3e11-b028-48b643ced8b2","modifiers":[],"state":"Normal","style":{"size":1,"lineStyle":"Dash","sourceArrow":"None","targetArrow":"InputArrow","color":"#000000"},"routingPoints":[],"sourceAnchorRelativePosition":{"x":-1.0,"y":-1.0},"targetAnchorRelativePosition":{"x":-1.0,"y":-1.0},"centerLabelEditable":false}],"layoutData":{"nodeLayoutData":{"96303735-36ba-3baf-94d9-54c46bda00d1":{"id":"96303735-36ba-3baf-94d9-54c46bda00d1","position":{"x":0.752917,"y":50.633646675292965},"size":{"width":197.35829162597656,"height":156.25407028198242},"resizedByUser":false},"0ad3083e-a5b0-3e11-b028-48b643ced8b2":{"id":"0ad3083e-a5b0-3e11-b028-48b643ced8b2","position":{"x":853.0012832593557,"y":-96.05415938749054},"size":{"width":300.0,"height":101.0},"resizedByUser":false},"e3fb6d9a-b59b-37db-880c-32d77c7dc5dd":{"id":"e3fb6d9a-b59b-37db-880c-32d77c7dc5dd","position":{"x":569.3067442014617,"y":68.95428654422776},"size":{"width":198.86412562597656,"height":207.64063395727538},"resizedByUser":false},"4465d0bc-650b-3bf0-b1f1-a7476ea74c7a":{"id":"4465d0bc-650b-3bf0-b1f1-a7476ea74c7a","position":{"x":0.0,"y":30.30489730834961},"size":{"width":197.35829162597656,"height":115.94917297363281},"resizedByUser":false}},"edgeLayoutData":{},"labelLayoutData":{}}}}