{"id":"a41a2d8b-a7e0-45fa-b47a-3bce08027104","projectId":"fb4aec21-439b-4292-b26b-c87287d5ac0d","descriptionId":"siriusComponents://representationDescription?kind=diagramDescription&sourceKind=view&sourceId=74c5d045-51d7-359f-9634-611d0f1bef3d&sourceElementId=e1bd3b6d-357b-3068-b2e9-e0c1e19d6856","targetObjectId":"73de32f8-3ae0-4fa8-b9ca-00a07c179d3a","label":"Interconnection View complete chair 3","kind":"siriusComponents://representation?type=Diagram","representation":{"id":"a41a2d8b-a7e0-45fa-b47a-3bce08027104","kind":"siriusComponents://representation?type=Diagram","targetObjectId":"73de32f8-3ae0-4fa8-b9ca-00a07c179d3a","descriptionId":"siriusComponents://representationDescription?kind=diagramDescription&sourceKind=view&sourceId=74c5d045-51d7-359f-9634-611d0f1bef3d&sourceElementId=e1bd3b6d-357b-3068-b2e9-e0c1e19d6856","label":"Interconnection View complete chair 3","nodes":[{"id":"906df697-223d-35ea-b130-46566e0d1e3a","type":"node:rectangle","targetObjectId":"73de32f8-3ae0-4fa8-b9ca-00a07c179d3a","targetObjectKind":"siriusComponents://semantic?domain=sysml&entity=PartDefinition","targetObjectLabel":"LiftChairSystemConfiguration","descriptionId":"siriusComponents://nodeDescription?sourceKind=view&sourceId=74c5d045-51d7-359f-9634-611d0f1bef3d&sourceElementId=4055a909-560d-3db5-a777-ea29c14cc2c2","borderNode":false,"modifiers":[],"state":"Normal","collapsingState":"EXPANDED","insideLabel":{"id":"e4fcab21-b4a1-397f-b60f-a087bdb603d5","text":"«part def»\nLiftChairSystemConfiguration","insideLabelLocation":"TOP_CENTER","style":{"color":"#000000","fontSize":14,"bold":false,"italic":false,"underline":false,"strikeThrough":false,"iconURL":["/icons/full/obj16/PartDefinition.svg"],"background":"transparent","borderColor":"black","borderSize":0,"borderRadius":3,"borderStyle":"Solid","maxWidth":null},"isHeader":true,"headerSeparatorDisplayMode":"NEVER","overflowStrategy":"NONE","textAlign":"CENTER"},"outsideLabels":[],"style":{"background":"#ffffff","borderColor":"#000000","borderSize":1,"borderRadius":0,"borderStyle":"Solid"},"childrenLayoutStrategy":{"kind":"FreeForm"},"borderNodes":[],"childNodes":[{"id":"00da38da-d571-3ff3-83bb-217f1dd84c9d","type":"node:rectangle","targetObjectId":"6a8ae8b8-c4f3-4c4d-8c6c-d04fc2df2eb7","targetObjectKind":"siriusComponents://semantic?domain=sysml&entity=PartUsage","targetObjectLabel":"chair","descriptionId":"siriusComponents://nodeDescription?sourceKind=view&sourceId=74c5d045-51d7-359f-9634-611d0f1bef3d&sourceElementId=700133eb-7806-3dce-98d2-9ec37d212aaa","borderNode":false,"modifiers":[],"state":"Normal","collapsingState":"EXPANDED","insideLabel":{"id":"9e4998ab-cb3b-3e8e-a3db-7288605c0ad2","text":"«part»\nchair : LiftChair","insideLabelLocation":"TOP_CENTER","style":{"color":"#000000","fontSize":14,"bold":false,"italic":false,"underline":false,"strikeThrough":false,"iconURL":["/icons/full/obj16/PartUsage.svg"],"background":"transparent","borderColor":"black","borderSize":0,"borderRadius":3,"borderStyle":"Solid","maxWidth":null},"isHeader":true,"headerSeparatorDisplayMode":"IF_CHILDREN","overflowStrategy":"NONE","textAlign":"CENTER"},"outsideLabels":[],"style":{"background":"#ffffff","borderColor":"#000000","borderSize":1,"borderRadius":10,"borderStyle":"Solid"},"childrenLayoutStrategy":{"areChildNodesDraggable":false,"topGap":0,"bottomGap":0,"growableNodeIds":["siriusComponents://nodeDescription?sourceKind=view&sourceId=74c5d045-51d7-359f-9634-611d0f1bef3d&sourceElementId=a77b4c6c-526d-3fe4-822b-de505f743123"],"kind":"List"},"borderNodes":[{"id":"7b9b15bd-d7fc-3206-b879-85208dcb3c8f","type":"node:rectangle","targetObjectId":"83a4ca47-6d35-483e-a981-a81968de83bd","targetObjectKind":"siriusComponents://semantic?domain=sysml&entity=PortUsage","targetObjectLabel":"motorConnector","descriptionId":"siriusComponents://nodeDescription?sourceKind=view&sourceId=74c5d045-51d7-359f-9634-611d0f1bef3d&sourceElementId=de70405c-a973-3bca-88a6-c6829548952d","borderNode":true,"modifiers":[],"state":"Normal","collapsingState":"EXPANDED","insideLabel":null,"outsideLabels":[{"id":"f1f7e00e-42c8-393a-9aec-78e974ed8e20","text":"motorConnector","outsideLabelLocation":"BOTTOM_MIDDLE","style":{"color":"#000000","fontSize":12,"bold":false,"italic":false,"underline":false,"strikeThrough":false,"iconURL":[],"background":"transparent","borderColor":"black","borderSize":0,"borderRadius":3,"borderStyle":"Solid","maxWidth":null},"overflowStrategy":"NONE","textAlign":"LEFT"}],"style":{"background":"#ffffff","borderColor":"#000000","borderSize":1,"borderRadius":0,"borderStyle":"Solid"},"childrenLayoutStrategy":null,"borderNodes":[],"childNodes":[],"defaultWidth":10,"defaultHeight":10,"labelEditable":true,"pinned":false},{"id":"a64b0410-9f52-36b8-8a73-52022dc3e092","type":"node:rectangle","targetObjectId":"7cd5a66e-ac49-4f43-b85d-0eacf57dd54a","targetObjectKind":"siriusComponents://semantic?domain=sysml&entity=PortUsage","targetObjectLabel":"guideConnection","descriptionId":"siriusComponents://nodeDescription?sourceKind=view&sourceId=74c5d045-51d7-359f-9634-611d0f1bef3d&sourceElementId=de70405c-a973-3bca-88a6-c6829548952d","borderNode":true,"modifiers":[],"state":"Normal","collapsingState":"EXPANDED","insideLabel":null,"outsideLabels":[{"id":"877e4d1b-91dd-37df-9625-81054eadb0d5","text":"guideConnection","outsideLabelLocation":"BOTTOM_MIDDLE","style":{"color":"#000000","fontSize":12,"bold":false,"italic":false,"underline":false,"strikeThrough":false,"iconURL":[],"background":"transparent","borderColor":"black","borderSize":0,"borderRadius":3,"borderStyle":"Solid","maxWidth":null},"overflowStrategy":"NONE","textAlign":"LEFT"}],"style":{"background":"#ffffff","borderColor":"#000000","borderSize":1,"borderRadius":0,"borderStyle":"Solid"},"childrenLayoutStrategy":null,"borderNodes":[],"childNodes":[],"defaultWidth":10,"defaultHeight":10,"labelEditable":true,"pinned":false},{"id":"882d83ba-8fef-3865-9464-7284c1e73149","type":"node:rectangle","targetObjectId":"f43715e1-2154-4622-8afd-362ff3c1349d","targetObjectKind":"siriusComponents://semantic?domain=sysml&entity=PortUsage","targetObjectLabel":"controlInput","descriptionId":"siriusComponents://nodeDescription?sourceKind=view&sourceId=74c5d045-51d7-359f-9634-611d0f1bef3d&sourceElementId=de70405c-a973-3bca-88a6-c6829548952d","borderNode":true,"modifiers":[],"state":"Normal","collapsingState":"EXPANDED","insideLabel":null,"outsideLabels":[{"id":"772f8622-1ecf-3fb2-ae87-3e961250de0d","text":"controlInput","outsideLabelLocation":"BOTTOM_MIDDLE","style":{"color":"#000000","fontSize":12,"bold":false,"italic":false,"underline":false,"strikeThrough":false,"iconURL":[],"background":"transparent","borderColor":"black","borderSize":0,"borderRadius":3,"borderStyle":"Solid","maxWidth":null},"overflowStrategy":"NONE","textAlign":"LEFT"}],"style":{"background":"#ffffff","borderColor":"#000000","borderSize":1,"borderRadius":0,"borderStyle":"Solid"},"childrenLayoutStrategy":null,"borderNodes":[],"childNodes":[],"defaultWidth":10,"defaultHeight":10,"labelEditable":true,"pinned":false}],"childNodes":[{"id":"b2c4c88e-24b7-3784-a223-b08a4830e2b3","type":"node:rectangle","targetObjectId":"6a8ae8b8-c4f3-4c4d-8c6c-d04fc2df2eb7","targetObjectKind":"siriusComponents://semantic?domain=sysml&entity=PartUsage","targetObjectLabel":"chair","descriptionId":"siriusComponents://nodeDescription?sourceKind=view&sourceId=74c5d045-51d7-359f-9634-611d0f1bef3d&sourceElementId=9f871f18-dbda-3798-8e28-094acfae6a2d","borderNode":false,"modifiers":["Hidden"],"state":"Hidden","collapsingState":"EXPANDED","insideLabel":{"id":"08d9e8c9-c24c-31ad-ba74-8099f2ed9172","text":"doc","insideLabelLocation":"TOP_CENTER","style":{"color":"#000000","fontSize":12,"bold":false,"italic":true,"underline":false,"strikeThrough":false,"iconURL":[],"background":"transparent","borderColor":"black","borderSize":0,"borderRadius":3,"borderStyle":"Solid","maxWidth":null},"isHeader":true,"headerSeparatorDisplayMode":"NEVER","overflowStrategy":"NONE","textAlign":"CENTER"},"outsideLabels":[],"style":{"background":"transparent","borderColor":"#000000","borderSize":1,"borderRadius":0,"borderStyle":"Solid"},"childrenLayoutStrategy":{"areChildNodesDraggable":true,"topGap":0,"bottomGap":10,"growableNodeIds":[],"kind":"List"},"borderNodes":[],"childNodes":[],"defaultWidth":125,"defaultHeight":60,"labelEditable":false,"pinned":false},{"id":"db5c6762-2f72-3628-853d-8d47e5269eb2","type":"node:rectangle","targetObjectId":"6a8ae8b8-c4f3-4c4d-8c6c-d04fc2df2eb7","targetObjectKind":"siriusComponents://semantic?domain=sysml&entity=PartUsage","targetObjectLabel":"chair","descriptionId":"siriusComponents://nodeDescription?sourceKind=view&sourceId=74c5d045-51d7-359f-9634-611d0f1bef3d&sourceElementId=85d2283f-c727-34f0-ba1b-695e544d15a7","borderNode":false,"modifiers":["Hidden"],"state":"Hidden","collapsingState":"EXPANDED","insideLabel":{"id":"c7c693c3-7f5b-3161-a088-c4a2759f1fb3","text":"attributes","insideLabelLocation":"TOP_CENTER","style":{"color":"#000000","fontSize":12,"bold":false,"italic":true,"underline":false,"strikeThrough":false,"iconURL":[],"background":"transparent","borderColor":"black","borderSize":0,"borderRadius":3,"borderStyle":"Solid","maxWidth":null},"isHeader":true,"headerSeparatorDisplayMode":"NEVER","overflowStrategy":"NONE","textAlign":"CENTER"},"outsideLabels":[],"style":{"background":"transparent","borderColor":"#000000","borderSize":1,"borderRadius":0,"borderStyle":"Solid"},"childrenLayoutStrategy":{"areChildNodesDraggable":true,"topGap":0,"bottomGap":10,"growableNodeIds":[],"kind":"List"},"borderNodes":[],"childNodes":[],"defaultWidth":125,"defaultHeight":60,"labelEditable":false,"pinned":false},{"id":"a5a6f9ef-7a6b-363f-83a3-da9ad36c66b0","type":"node:rectangle","targetObjectId":"6a8ae8b8-c4f3-4c4d-8c6c-d04fc2df2eb7","targetObjectKind":"siriusComponents://semantic?domain=sysml&entity=PartUsage","targetObjectLabel":"chair","descriptionId":"siriusComponents://nodeDescription?sourceKind=view&sourceId=74c5d045-51d7-359f-9634-611d0f1bef3d&sourceElementId=a77b4c6c-526d-3fe4-822b-de505f743123","borderNode":false,"modifiers":["Hidden"],"state":"Hidden","collapsingState":"EXPANDED","insideLabel":{"id":"10e21aa1-ebb2-367d-9bf8-86df8ae833d9","text":"parts","insideLabelLocation":"TOP_CENTER","style":{"color":"#000000","fontSize":12,"bold":false,"italic":true,"underline":false,"strikeThrough":false,"iconURL":[],"background":"transparent","borderColor":"black","borderSize":0,"borderRadius":3,"borderStyle":"Solid","maxWidth":null},"isHeader":true,"headerSeparatorDisplayMode":"NEVER","overflowStrategy":"NONE","textAlign":"CENTER"},"outsideLabels":[],"style":{"background":"transparent","borderColor":"#000000","borderSize":1,"borderRadius":0,"borderStyle":"Solid"},"childrenLayoutStrategy":{"kind":"FreeForm"},"borderNodes":[],"childNodes":[],"defaultWidth":125,"defaultHeight":150,"labelEditable":false,"pinned":false}],"defaultWidth":150,"defaultHeight":60,"labelEditable":true,"pinned":false},{"id":"48be4dae-3c47-35ac-8204-2da13a394ba6","type":"node:rectangle","targetObjectId":"093ee5fb-78c3-4412-b832-0daa18846f61","targetObjectKind":"siriusComponents://semantic?domain=sysml&entity=PartUsage","targetObjectLabel":"motor","descriptionId":"siriusComponents://nodeDescription?sourceKind=view&sourceId=74c5d045-51d7-359f-9634-611d0f1bef3d&sourceElementId=700133eb-7806-3dce-98d2-9ec37d212aaa","borderNode":false,"modifiers":[],"state":"Normal","collapsingState":"EXPANDED","insideLabel":{"id":"e6b5a187-b2a2-38d2-9afd-9a58eee3d0bb","text":"«part»\nmotor : Motor","insideLabelLocation":"TOP_CENTER","style":{"color":"#000000","fontSize":14,"bold":false,"italic":false,"underline":false,"strikeThrough":false,"iconURL":["/icons/full/obj16/PartUsage.svg"],"background":"transparent","borderColor":"black","borderSize":0,"borderRadius":3,"borderStyle":"Solid","maxWidth":null},"isHeader":true,"headerSeparatorDisplayMode":"IF_CHILDREN","overflowStrategy":"NONE","textAlign":"CENTER"},"outsideLabels":[],"style":{"background":"#ffffff","borderColor":"#000000","borderSize":1,"borderRadius":10,"borderStyle":"Solid"},"childrenLayoutStrategy":{"areChildNodesDraggable":false,"topGap":0,"bottomGap":0,"growableNodeIds":["siriusComponents://nodeDescription?sourceKind=view&sourceId=74c5d045-51d7-359f-9634-611d0f1bef3d&sourceElementId=a77b4c6c-526d-3fe4-822b-de505f743123"],"kind":"List"},"borderNodes":[{"id":"6ce33405-739a-3288-bd19-936481136a77","type":"node:rectangle","targetObjectId":"8f570674-4eb0-48ea-b1a3-e9e9fc182ecb","targetObjectKind":"siriusComponents://semantic?domain=sysml&entity=PortUsage","targetObjectLabel":"powerInput","descriptionId":"siriusComponents://nodeDescription?sourceKind=view&sourceId=74c5d045-51d7-359f-9634-611d0f1bef3d&sourceElementId=de70405c-a973-3bca-88a6-c6829548952d","borderNode":true,"modifiers":[],"state":"Normal","collapsingState":"EXPANDED","insideLabel":null,"outsideLabels":[{"id":"e01b0a8a-1f21-3c0f-92aa-fe236c2af6e8","text":"powerInput","outsideLabelLocation":"BOTTOM_MIDDLE","style":{"color":"#000000","fontSize":12,"bold":false,"italic":false,"underline":false,"strikeThrough":false,"iconURL":[],"background":"transparent","borderColor":"black","borderSize":0,"borderRadius":3,"borderStyle":"Solid","maxWidth":null},"overflowStrategy":"NONE","textAlign":"LEFT"}],"style":{"background":"#ffffff","borderColor":"#000000","borderSize":1,"borderRadius":0,"borderStyle":"Solid"},"childrenLayoutStrategy":null,"borderNodes":[],"childNodes":[],"defaultWidth":10,"defaultHeight":10,"labelEditable":true,"pinned":false},{"id":"dd22eebe-835b-3a38-831d-90ec6a7b7aea","type":"node:rectangle","targetObjectId":"84c1b9f9-8c74-4c31-aac8-c8386f41dc80","targetObjectKind":"siriusComponents://semantic?domain=sysml&entity=PortUsage","targetObjectLabel":"port","descriptionId":"siriusComponents://nodeDescription?sourceKind=view&sourceId=74c5d045-51d7-359f-9634-611d0f1bef3d&sourceElementId=de70405c-a973-3bca-88a6-c6829548952d","borderNode":true,"modifiers":[],"state":"Normal","collapsingState":"EXPANDED","insideLabel":null,"outsideLabels":[{"id":"e907bac9-5fef-3ed4-a2bb-4ff6e28d638d","text":"port","outsideLabelLocation":"BOTTOM_MIDDLE","style":{"color":"#000000","fontSize":12,"bold":false,"italic":false,"underline":false,"strikeThrough":false,"iconURL":[],"background":"transparent","borderColor":"black","borderSize":0,"borderRadius":3,"borderStyle":"Solid","maxWidth":null},"overflowStrategy":"NONE","textAlign":"LEFT"}],"style":{"background":"#ffffff","borderColor":"#000000","borderSize":1,"borderRadius":0,"borderStyle":"Solid"},"childrenLayoutStrategy":null,"borderNodes":[],"childNodes":[],"defaultWidth":10,"defaultHeight":10,"labelEditable":true,"pinned":false}],"childNodes":[{"id":"4cf716c9-4301-318d-af9f-3728b711d19b","type":"node:rectangle","targetObjectId":"093ee5fb-78c3-4412-b832-0daa18846f61","targetObjectKind":"siriusComponents://semantic?domain=sysml&entity=PartUsage","targetObjectLabel":"motor","descriptionId":"siriusComponents://nodeDescription?sourceKind=view&sourceId=74c5d045-51d7-359f-9634-611d0f1bef3d&sourceElementId=9f871f18-dbda-3798-8e28-094acfae6a2d","borderNode":false,"modifiers":["Hidden"],"state":"Hidden","collapsingState":"EXPANDED","insideLabel":{"id":"d5753093-e18d-3dcf-999b-6a46814c899f","text":"doc","insideLabelLocation":"TOP_CENTER","style":{"color":"#000000","fontSize":12,"bold":false,"italic":true,"underline":false,"strikeThrough":false,"iconURL":[],"background":"transparent","borderColor":"black","borderSize":0,"borderRadius":3,"borderStyle":"Solid","maxWidth":null},"isHeader":true,"headerSeparatorDisplayMode":"NEVER","overflowStrategy":"NONE","textAlign":"CENTER"},"outsideLabels":[],"style":{"background":"transparent","borderColor":"#000000","borderSize":1,"borderRadius":0,"borderStyle":"Solid"},"childrenLayoutStrategy":{"areChildNodesDraggable":true,"topGap":0,"bottomGap":10,"growableNodeIds":[],"kind":"List"},"borderNodes":[],"childNodes":[],"defaultWidth":125,"defaultHeight":60,"labelEditable":false,"pinned":false},{"id":"84536413-7a3c-372f-9028-c6d916d53c0d","type":"node:rectangle","targetObjectId":"093ee5fb-78c3-4412-b832-0daa18846f61","targetObjectKind":"siriusComponents://semantic?domain=sysml&entity=PartUsage","targetObjectLabel":"motor","descriptionId":"siriusComponents://nodeDescription?sourceKind=view&sourceId=74c5d045-51d7-359f-9634-611d0f1bef3d&sourceElementId=85d2283f-c727-34f0-ba1b-695e544d15a7","borderNode":false,"modifiers":["Hidden"],"state":"Hidden","collapsingState":"EXPANDED","insideLabel":{"id":"aa63de60-0727-34c4-b168-79ad0a45c1fc","text":"attributes","insideLabelLocation":"TOP_CENTER","style":{"color":"#000000","fontSize":12,"bold":false,"italic":true,"underline":false,"strikeThrough":false,"iconURL":[],"background":"transparent","borderColor":"black","borderSize":0,"borderRadius":3,"borderStyle":"Solid","maxWidth":null},"isHeader":true,"headerSeparatorDisplayMode":"NEVER","overflowStrategy":"NONE","textAlign":"CENTER"},"outsideLabels":[],"style":{"background":"transparent","borderColor":"#000000","borderSize":1,"borderRadius":0,"borderStyle":"Solid"},"childrenLayoutStrategy":{"areChildNodesDraggable":true,"topGap":0,"bottomGap":10,"growableNodeIds":[],"kind":"List"},"borderNodes":[],"childNodes":[],"defaultWidth":125,"defaultHeight":60,"labelEditable":false,"pinned":false},{"id":"a31caae2-038d-3fed-a2a4-30fbe515ac32","type":"node:rectangle","targetObjectId":"093ee5fb-78c3-4412-b832-0daa18846f61","targetObjectKind":"siriusComponents://semantic?domain=sysml&entity=PartUsage","targetObjectLabel":"motor","descriptionId":"siriusComponents://nodeDescription?sourceKind=view&sourceId=74c5d045-51d7-359f-9634-611d0f1bef3d&sourceElementId=a77b4c6c-526d-3fe4-822b-de505f743123","borderNode":false,"modifiers":["Hidden"],"state":"Hidden","collapsingState":"EXPANDED","insideLabel":{"id":"a414eaee-04b3-32f5-8f14-8e5fa9b41942","text":"parts","insideLabelLocation":"TOP_CENTER","style":{"color":"#000000","fontSize":12,"bold":false,"italic":true,"underline":false,"strikeThrough":false,"iconURL":[],"background":"transparent","borderColor":"black","borderSize":0,"borderRadius":3,"borderStyle":"Solid","maxWidth":null},"isHeader":true,"headerSeparatorDisplayMode":"NEVER","overflowStrategy":"NONE","textAlign":"CENTER"},"outsideLabels":[],"style":{"background":"transparent","borderColor":"#000000","borderSize":1,"borderRadius":0,"borderStyle":"Solid"},"childrenLayoutStrategy":{"kind":"FreeForm"},"borderNodes":[],"childNodes":[],"defaultWidth":125,"defaultHeight":150,"labelEditable":false,"pinned":false}],"defaultWidth":150,"defaultHeight":60,"labelEditable":true,"pinned":false},{"id":"ca012072-f1d3-3f0c-a72e-0b10a4beb754","type":"node:rectangle","targetObjectId":"6d01be81-bb0f-4be5-b3c0-3c8ec4402fdf","targetObjectKind":"siriusComponents://semantic?domain=sysml&entity=PartUsage","targetObjectLabel":"powerSource","descriptionId":"siriusComponents://nodeDescription?sourceKind=view&sourceId=74c5d045-51d7-359f-9634-611d0f1bef3d&sourceElementId=700133eb-7806-3dce-98d2-9ec37d212aaa","borderNode":false,"modifiers":[],"state":"Normal","collapsingState":"EXPANDED","insideLabel":{"id":"be31e478-735a-3b69-9a31-e31aefd623c9","text":"«part»\npowerSource : PowerSource","insideLabelLocation":"TOP_CENTER","style":{"color":"#000000","fontSize":14,"bold":false,"italic":false,"underline":false,"strikeThrough":false,"iconURL":["/icons/full/obj16/PartUsage.svg"],"background":"transparent","borderColor":"black","borderSize":0,"borderRadius":3,"borderStyle":"Solid","maxWidth":null},"isHeader":true,"headerSeparatorDisplayMode":"IF_CHILDREN","overflowStrategy":"NONE","textAlign":"CENTER"},"outsideLabels":[],"style":{"background":"#ffffff","borderColor":"#000000","borderSize":1,"borderRadius":10,"borderStyle":"Solid"},"childrenLayoutStrategy":{"areChildNodesDraggable":false,"topGap":0,"bottomGap":0,"growableNodeIds":["siriusComponents://nodeDescription?sourceKind=view&sourceId=74c5d045-51d7-359f-9634-611d0f1bef3d&sourceElementId=a77b4c6c-526d-3fe4-822b-de505f743123"],"kind":"List"},"borderNodes":[{"id":"9e4e370e-58d8-3dce-ba1b-672cd49109c2","type":"node:rectangle","targetObjectId":"0761318b-1ddc-4e95-8197-c191203d3a26","targetObjectKind":"siriusComponents://semantic?domain=sysml&entity=PortUsage","targetObjectLabel":"powerOutput","descriptionId":"siriusComponents://nodeDescription?sourceKind=view&sourceId=74c5d045-51d7-359f-9634-611d0f1bef3d&sourceElementId=de70405c-a973-3bca-88a6-c6829548952d","borderNode":true,"modifiers":[],"state":"Normal","collapsingState":"EXPANDED","insideLabel":null,"outsideLabels":[{"id":"09d21f4f-5e90-369d-953d-13502b381628","text":"powerOutput","outsideLabelLocation":"BOTTOM_MIDDLE","style":{"color":"#000000","fontSize":12,"bold":false,"italic":false,"underline":false,"strikeThrough":false,"iconURL":[],"background":"transparent","borderColor":"black","borderSize":0,"borderRadius":3,"borderStyle":"Solid","maxWidth":null},"overflowStrategy":"NONE","textAlign":"LEFT"}],"style":{"background":"#ffffff","borderColor":"#000000","borderSize":1,"borderRadius":0,"borderStyle":"Solid"},"childrenLayoutStrategy":null,"borderNodes":[],"childNodes":[],"defaultWidth":10,"defaultHeight":10,"labelEditable":true,"pinned":false}],"childNodes":[{"id":"7598bd6b-8681-3b61-a4f2-827796bbaa58","type":"node:rectangle","targetObjectId":"6d01be81-bb0f-4be5-b3c0-3c8ec4402fdf","targetObjectKind":"siriusComponents://semantic?domain=sysml&entity=PartUsage","targetObjectLabel":"powerSource","descriptionId":"siriusComponents://nodeDescription?sourceKind=view&sourceId=74c5d045-51d7-359f-9634-611d0f1bef3d&sourceElementId=9f871f18-dbda-3798-8e28-094acfae6a2d","borderNode":false,"modifiers":["Hidden"],"state":"Hidden","collapsingState":"EXPANDED","insideLabel":{"id":"ab394f2f-cf4f-3fa3-b858-8c82d4031553","text":"doc","insideLabelLocation":"TOP_CENTER","style":{"color":"#000000","fontSize":12,"bold":false,"italic":true,"underline":false,"strikeThrough":false,"iconURL":[],"background":"transparent","borderColor":"black","borderSize":0,"borderRadius":3,"borderStyle":"Solid","maxWidth":null},"isHeader":true,"headerSeparatorDisplayMode":"NEVER","overflowStrategy":"NONE","textAlign":"CENTER"},"outsideLabels":[],"style":{"background":"transparent","borderColor":"#000000","borderSize":1,"borderRadius":0,"borderStyle":"Solid"},"childrenLayoutStrategy":{"areChildNodesDraggable":true,"topGap":0,"bottomGap":10,"growableNodeIds":[],"kind":"List"},"borderNodes":[],"childNodes":[],"defaultWidth":125,"defaultHeight":60,"labelEditable":false,"pinned":false},{"id":"ffa6a00d-f9ca-397d-abe7-61016c65e0ef","type":"node:rectangle","targetObjectId":"6d01be81-bb0f-4be5-b3c0-3c8ec4402fdf","targetObjectKind":"siriusComponents://semantic?domain=sysml&entity=PartUsage","targetObjectLabel":"powerSource","descriptionId":"siriusComponents://nodeDescription?sourceKind=view&sourceId=74c5d045-51d7-359f-9634-611d0f1bef3d&sourceElementId=85d2283f-c727-34f0-ba1b-695e544d15a7","borderNode":false,"modifiers":["Hidden"],"state":"Hidden","collapsingState":"EXPANDED","insideLabel":{"id":"e67100bb-fdb1-3a78-9c60-8fa039b30e3e","text":"attributes","insideLabelLocation":"TOP_CENTER","style":{"color":"#000000","fontSize":12,"bold":false,"italic":true,"underline":false,"strikeThrough":false,"iconURL":[],"background":"transparent","borderColor":"black","borderSize":0,"borderRadius":3,"borderStyle":"Solid","maxWidth":null},"isHeader":true,"headerSeparatorDisplayMode":"NEVER","overflowStrategy":"NONE","textAlign":"CENTER"},"outsideLabels":[],"style":{"background":"transparent","borderColor":"#000000","borderSize":1,"borderRadius":0,"borderStyle":"Solid"},"childrenLayoutStrategy":{"areChildNodesDraggable":true,"topGap":0,"bottomGap":10,"growableNodeIds":[],"kind":"List"},"borderNodes":[],"childNodes":[],"defaultWidth":125,"defaultHeight":60,"labelEditable":false,"pinned":false},{"id":"53d0a02a-65b6-3229-9e3a-4056fd649159","type":"node:rectangle","targetObjectId":"6d01be81-bb0f-4be5-b3c0-3c8ec4402fdf","targetObjectKind":"siriusComponents://semantic?domain=sysml&entity=PartUsage","targetObjectLabel":"powerSource","descriptionId":"siriusComponents://nodeDescription?sourceKind=view&sourceId=74c5d045-51d7-359f-9634-611d0f1bef3d&sourceElementId=a77b4c6c-526d-3fe4-822b-de505f743123","borderNode":false,"modifiers":["Hidden"],"state":"Hidden","collapsingState":"EXPANDED","insideLabel":{"id":"06f13c67-f5cc-39c7-80ec-abb226a40f11","text":"parts","insideLabelLocation":"TOP_CENTER","style":{"color":"#000000","fontSize":12,"bold":false,"italic":true,"underline":false,"strikeThrough":false,"iconURL":[],"background":"transparent","borderColor":"black","borderSize":0,"borderRadius":3,"borderStyle":"Solid","maxWidth":null},"isHeader":true,"headerSeparatorDisplayMode":"NEVER","overflowStrategy":"NONE","textAlign":"CENTER"},"outsideLabels":[],"style":{"background":"transparent","borderColor":"#000000","borderSize":1,"borderRadius":0,"borderStyle":"Solid"},"childrenLayoutStrategy":{"kind":"FreeForm"},"borderNodes":[],"childNodes":[],"defaultWidth":125,"defaultHeight":150,"labelEditable":false,"pinned":false}],"defaultWidth":150,"defaultHeight":60,"labelEditable":true,"pinned":false},{"id":"a2378009-f31b-3e75-93c2-d30eba5cbf10","type":"node:rectangle","targetObjectId":"79cf91b9-54d6-4de8-af65-e7ea62155bd9","targetObjectKind":"siriusComponents://semantic?domain=sysml&entity=PartUsage","targetObjectLabel":"guideRail","descriptionId":"siriusComponents://nodeDescription?sourceKind=view&sourceId=74c5d045-51d7-359f-9634-611d0f1bef3d&sourceElementId=700133eb-7806-3dce-98d2-9ec37d212aaa","borderNode":false,"modifiers":[],"state":"Normal","collapsingState":"EXPANDED","insideLabel":{"id":"6a39c4be-bbf3-3367-af32-1b33f060660d","text":"«part»\nguideRail : GuideRail","insideLabelLocation":"TOP_CENTER","style":{"color":"#000000","fontSize":14,"bold":false,"italic":false,"underline":false,"strikeThrough":false,"iconURL":["/icons/full/obj16/PartUsage.svg"],"background":"transparent","borderColor":"black","borderSize":0,"borderRadius":3,"borderStyle":"Solid","maxWidth":null},"isHeader":true,"headerSeparatorDisplayMode":"IF_CHILDREN","overflowStrategy":"NONE","textAlign":"CENTER"},"outsideLabels":[],"style":{"background":"#ffffff","borderColor":"#000000","borderSize":1,"borderRadius":10,"borderStyle":"Solid"},"childrenLayoutStrategy":{"areChildNodesDraggable":false,"topGap":0,"bottomGap":0,"growableNodeIds":["siriusComponents://nodeDescription?sourceKind=view&sourceId=74c5d045-51d7-359f-9634-611d0f1bef3d&sourceElementId=a77b4c6c-526d-3fe4-822b-de505f743123"],"kind":"List"},"borderNodes":[{"id":"1ab397f6-a5ec-3959-810a-47c397a15cc1","type":"node:rectangle","targetObjectId":"1cd0fbaf-9cc6-44fa-b3d8-24bc8a5ebb17","targetObjectKind":"siriusComponents://semantic?domain=sysml&entity=PortUsage","targetObjectLabel":"port","descriptionId":"siriusComponents://nodeDescription?sourceKind=view&sourceId=74c5d045-51d7-359f-9634-611d0f1bef3d&sourceElementId=de70405c-a973-3bca-88a6-c6829548952d","borderNode":true,"modifiers":[],"state":"Normal","collapsingState":"EXPANDED","insideLabel":null,"outsideLabels":[{"id":"03442c15-1364-3f25-a655-165c6704fd14","text":"port","outsideLabelLocation":"BOTTOM_MIDDLE","style":{"color":"#000000","fontSize":12,"bold":false,"italic":false,"underline":false,"strikeThrough":false,"iconURL":[],"background":"transparent","borderColor":"black","borderSize":0,"borderRadius":3,"borderStyle":"Solid","maxWidth":null},"overflowStrategy":"NONE","textAlign":"LEFT"}],"style":{"background":"#ffffff","borderColor":"#000000","borderSize":1,"borderRadius":0,"borderStyle":"Solid"},"childrenLayoutStrategy":null,"borderNodes":[],"childNodes":[],"defaultWidth":10,"defaultHeight":10,"labelEditable":true,"pinned":false}],"childNodes":[{"id":"1d2bdf1e-ed1a-3539-bb0c-f3e8634c6066","type":"node:rectangle","targetObjectId":"79cf91b9-54d6-4de8-af65-e7ea62155bd9","targetObjectKind":"siriusComponents://semantic?domain=sysml&entity=PartUsage","targetObjectLabel":"guideRail","descriptionId":"siriusComponents://nodeDescription?sourceKind=view&sourceId=74c5d045-51d7-359f-9634-611d0f1bef3d&sourceElementId=9f871f18-dbda-3798-8e28-094acfae6a2d","borderNode":false,"modifiers":["Hidden"],"state":"Hidden","collapsingState":"EXPANDED","insideLabel":{"id":"9d4d86ea-2abd-3fda-92bf-207fdbd638fb","text":"doc","insideLabelLocation":"TOP_CENTER","style":{"color":"#000000","fontSize":12,"bold":false,"italic":true,"underline":false,"strikeThrough":false,"iconURL":[],"background":"transparent","borderColor":"black","borderSize":0,"borderRadius":3,"borderStyle":"Solid","maxWidth":null},"isHeader":true,"headerSeparatorDisplayMode":"NEVER","overflowStrategy":"NONE","textAlign":"CENTER"},"outsideLabels":[],"style":{"background":"transparent","borderColor":"#000000","borderSize":1,"borderRadius":0,"borderStyle":"Solid"},"childrenLayoutStrategy":{"areChildNodesDraggable":true,"topGap":0,"bottomGap":10,"growableNodeIds":[],"kind":"List"},"borderNodes":[],"childNodes":[],"defaultWidth":125,"defaultHeight":60,"labelEditable":false,"pinned":false},{"id":"55667ffe-1920-3f21-8dab-e59e6e867fd4","type":"node:rectangle","targetObjectId":"79cf91b9-54d6-4de8-af65-e7ea62155bd9","targetObjectKind":"siriusComponents://semantic?domain=sysml&entity=PartUsage","targetObjectLabel":"guideRail","descriptionId":"siriusComponents://nodeDescription?sourceKind=view&sourceId=74c5d045-51d7-359f-9634-611d0f1bef3d&sourceElementId=85d2283f-c727-34f0-ba1b-695e544d15a7","borderNode":false,"modifiers":[],"state":"Normal","collapsingState":"EXPANDED","insideLabel":{"id":"31a6ab82-7041-3b7b-8f81-8a11ebf912a8","text":"attributes","insideLabelLocation":"TOP_CENTER","style":{"color":"#000000","fontSize":12,"bold":false,"italic":true,"underline":false,"strikeThrough":false,"iconURL":[],"background":"transparent","borderColor":"black","borderSize":0,"borderRadius":3,"borderStyle":"Solid","maxWidth":null},"isHeader":true,"headerSeparatorDisplayMode":"NEVER","overflowStrategy":"NONE","textAlign":"CENTER"},"outsideLabels":[],"style":{"background":"transparent","borderColor":"#000000","borderSize":1,"borderRadius":0,"borderStyle":"Solid"},"childrenLayoutStrategy":{"areChildNodesDraggable":true,"topGap":0,"bottomGap":10,"growableNodeIds":[],"kind":"List"},"borderNodes":[],"childNodes":[{"id":"8ba4c1d6-6420-3da3-b410-16d6db099e57","type":"node:icon-label","targetObjectId":"4073136d-07da-4ab2-adab-a1089afe7f1a","targetObjectKind":"siriusComponents://semantic?domain=sysml&entity=AttributeUsage","targetObjectLabel":"length","descriptionId":"siriusComponents://nodeDescription?sourceKind=view&sourceId=74c5d045-51d7-359f-9634-611d0f1bef3d&sourceElementId=5e24b2f2-ab56-32b3-bb96-63207d6fcf82","borderNode":false,"modifiers":[],"state":"Normal","collapsingState":"EXPANDED","insideLabel":{"id":"73b894bb-3325-34fb-80ab-a798327215e4","text":"length = ","insideLabelLocation":"TOP_LEFT","style":{"color":"#000000","fontSize":14,"bold":false,"italic":false,"underline":false,"strikeThrough":false,"iconURL":["/icons/full/obj16/AttributeUsage.svg"],"background":"transparent","borderColor":"black","borderSize":0,"borderRadius":3,"borderStyle":"Solid","maxWidth":null},"isHeader":false,"headerSeparatorDisplayMode":"NEVER","overflowStrategy":"WRAP","textAlign":"LEFT"},"outsideLabels":[],"style":{"background":"transparent"},"childrenLayoutStrategy":null,"borderNodes":[],"childNodes":[],"defaultWidth":125,"defaultHeight":15,"labelEditable":true,"pinned":false}],"defaultWidth":125,"defaultHeight":60,"labelEditable":false,"pinned":false},{"id":"7d6e70cf-6c11-3387-aebc-36a397b1ce11","type":"node:rectangle","targetObjectId":"79cf91b9-54d6-4de8-af65-e7ea62155bd9","targetObjectKind":"siriusComponents://semantic?domain=sysml&entity=PartUsage","targetObjectLabel":"guideRail","descriptionId":"siriusComponents://nodeDescription?sourceKind=view&sourceId=74c5d045-51d7-359f-9634-611d0f1bef3d&sourceElementId=a77b4c6c-526d-3fe4-822b-de505f743123","borderNode":false,"modifiers":["Hidden"],"state":"Hidden","collapsingState":"EXPANDED","insideLabel":{"id":"5ec8a5a6-57c0-36c3-84c1-7e97e75c6316","text":"parts","insideLabelLocation":"TOP_CENTER","style":{"color":"#000000","fontSize":12,"bold":false,"italic":true,"underline":false,"strikeThrough":false,"iconURL":[],"background":"transparent","borderColor":"black","borderSize":0,"borderRadius":3,"borderStyle":"Solid","maxWidth":null},"isHeader":true,"headerSeparatorDisplayMode":"NEVER","overflowStrategy":"NONE","textAlign":"CENTER"},"outsideLabels":[],"style":{"background":"transparent","borderColor":"#000000","borderSize":1,"borderRadius":0,"borderStyle":"Solid"},"childrenLayoutStrategy":{"kind":"FreeForm"},"borderNodes":[],"childNodes":[],"defaultWidth":125,"defaultHeight":150,"labelEditable":false,"pinned":false}],"defaultWidth":150,"defaultHeight":60,"labelEditable":true,"pinned":false},{"id":"6a003049-04e5-346d-acfd-e9561642a2d8","type":"node:rectangle","targetObjectId":"c58a5151-781f-4910-b868-0bbde3b4f9f5","targetObjectKind":"siriusComponents://semantic?domain=sysml&entity=PartUsage","targetObjectLabel":"controlSystem","descriptionId":"siriusComponents://nodeDescription?sourceKind=view&sourceId=74c5d045-51d7-359f-9634-611d0f1bef3d&sourceElementId=700133eb-7806-3dce-98d2-9ec37d212aaa","borderNode":false,"modifiers":[],"state":"Normal","collapsingState":"EXPANDED","insideLabel":{"id":"80923bca-ae5b-3ab5-a39c-f1b46fd49e70","text":"«part»\ncontrolSystem : ControlSystem","insideLabelLocation":"TOP_CENTER","style":{"color":"#000000","fontSize":14,"bold":false,"italic":false,"underline":false,"strikeThrough":false,"iconURL":["/icons/full/obj16/PartUsage.svg"],"background":"transparent","borderColor":"black","borderSize":0,"borderRadius":3,"borderStyle":"Solid","maxWidth":null},"isHeader":true,"headerSeparatorDisplayMode":"IF_CHILDREN","overflowStrategy":"NONE","textAlign":"CENTER"},"outsideLabels":[],"style":{"background":"#ffffff","borderColor":"#000000","borderSize":1,"borderRadius":10,"borderStyle":"Solid"},"childrenLayoutStrategy":{"areChildNodesDraggable":false,"topGap":0,"bottomGap":0,"growableNodeIds":["siriusComponents://nodeDescription?sourceKind=view&sourceId=74c5d045-51d7-359f-9634-611d0f1bef3d&sourceElementId=a77b4c6c-526d-3fe4-822b-de505f743123"],"kind":"List"},"borderNodes":[{"id":"a1be137e-60a8-377f-897a-636974d882aa","type":"node:rectangle","targetObjectId":"80352582-bc60-4c25-82a3-506e92cbd983","targetObjectKind":"siriusComponents://semantic?domain=sysml&entity=PortUsage","targetObjectLabel":"controlSignalOutput","descriptionId":"siriusComponents://nodeDescription?sourceKind=view&sourceId=74c5d045-51d7-359f-9634-611d0f1bef3d&sourceElementId=de70405c-a973-3bca-88a6-c6829548952d","borderNode":true,"modifiers":[],"state":"Normal","collapsingState":"EXPANDED","insideLabel":null,"outsideLabels":[{"id":"7fbad1f4-f14d-3cdf-bd20-7bed369e4360","text":"controlSignalOutput","outsideLabelLocation":"BOTTOM_MIDDLE","style":{"color":"#000000","fontSize":12,"bold":false,"italic":false,"underline":false,"strikeThrough":false,"iconURL":[],"background":"transparent","borderColor":"black","borderSize":0,"borderRadius":3,"borderStyle":"Solid","maxWidth":null},"overflowStrategy":"NONE","textAlign":"LEFT"}],"style":{"background":"#ffffff","borderColor":"#000000","borderSize":1,"borderRadius":0,"borderStyle":"Solid"},"childrenLayoutStrategy":null,"borderNodes":[],"childNodes":[],"defaultWidth":10,"defaultHeight":10,"labelEditable":true,"pinned":false}],"childNodes":[{"id":"38629423-a339-3370-8410-7af21b545d12","type":"node:rectangle","targetObjectId":"c58a5151-781f-4910-b868-0bbde3b4f9f5","targetObjectKind":"siriusComponents://semantic?domain=sysml&entity=PartUsage","targetObjectLabel":"controlSystem","descriptionId":"siriusComponents://nodeDescription?sourceKind=view&sourceId=74c5d045-51d7-359f-9634-611d0f1bef3d&sourceElementId=9f871f18-dbda-3798-8e28-094acfae6a2d","borderNode":false,"modifiers":["Hidden"],"state":"Hidden","collapsingState":"EXPANDED","insideLabel":{"id":"8fc6b832-4f38-3866-b79d-13470525eba5","text":"doc","insideLabelLocation":"TOP_CENTER","style":{"color":"#000000","fontSize":12,"bold":false,"italic":true,"underline":false,"strikeThrough":false,"iconURL":[],"background":"transparent","borderColor":"black","borderSize":0,"borderRadius":3,"borderStyle":"Solid","maxWidth":null},"isHeader":true,"headerSeparatorDisplayMode":"NEVER","overflowStrategy":"NONE","textAlign":"CENTER"},"outsideLabels":[],"style":{"background":"transparent","borderColor":"#000000","borderSize":1,"borderRadius":0,"borderStyle":"Solid"},"childrenLayoutStrategy":{"areChildNodesDraggable":true,"topGap":0,"bottomGap":10,"growableNodeIds":[],"kind":"List"},"borderNodes":[],"childNodes":[],"defaultWidth":125,"defaultHeight":60,"labelEditable":false,"pinned":false},{"id":"192e5950-0196-353f-900b-bd12786a187f","type":"node:rectangle","targetObjectId":"c58a5151-781f-4910-b868-0bbde3b4f9f5","targetObjectKind":"siriusComponents://semantic?domain=sysml&entity=PartUsage","targetObjectLabel":"controlSystem","descriptionId":"siriusComponents://nodeDescription?sourceKind=view&sourceId=74c5d045-51d7-359f-9634-611d0f1bef3d&sourceElementId=85d2283f-c727-34f0-ba1b-695e544d15a7","borderNode":false,"modifiers":["Hidden"],"state":"Hidden","collapsingState":"EXPANDED","insideLabel":{"id":"047788df-9ec4-3981-94aa-392881a86b29","text":"attributes","insideLabelLocation":"TOP_CENTER","style":{"color":"#000000","fontSize":12,"bold":false,"italic":true,"underline":false,"strikeThrough":false,"iconURL":[],"background":"transparent","borderColor":"black","borderSize":0,"borderRadius":3,"borderStyle":"Solid","maxWidth":null},"isHeader":true,"headerSeparatorDisplayMode":"NEVER","overflowStrategy":"NONE","textAlign":"CENTER"},"outsideLabels":[],"style":{"background":"transparent","borderColor":"#000000","borderSize":1,"borderRadius":0,"borderStyle":"Solid"},"childrenLayoutStrategy":{"areChildNodesDraggable":true,"topGap":0,"bottomGap":10,"growableNodeIds":[],"kind":"List"},"borderNodes":[],"childNodes":[],"defaultWidth":125,"defaultHeight":60,"labelEditable":false,"pinned":false},{"id":"c1c72152-a700-39e5-b4dd-f624d81bfa65","type":"node:rectangle","targetObjectId":"c58a5151-781f-4910-b868-0bbde3b4f9f5","targetObjectKind":"siriusComponents://semantic?domain=sysml&entity=PartUsage","targetObjectLabel":"controlSystem","descriptionId":"siriusComponents://nodeDescription?sourceKind=view&sourceId=74c5d045-51d7-359f-9634-611d0f1bef3d&sourceElementId=a77b4c6c-526d-3fe4-822b-de505f743123","borderNode":false,"modifiers":["Hidden"],"state":"Hidden","collapsingState":"EXPANDED","insideLabel":{"id":"258445ca-1548-3f9f-b39a-831a32a61b43","text":"parts","insideLabelLocation":"TOP_CENTER","style":{"color":"#000000","fontSize":12,"bold":false,"italic":true,"underline":false,"strikeThrough":false,"iconURL":[],"background":"transparent","borderColor":"black","borderSize":0,"borderRadius":3,"borderStyle":"Solid","maxWidth":null},"isHeader":true,"headerSeparatorDisplayMode":"NEVER","overflowStrategy":"NONE","textAlign":"CENTER"},"outsideLabels":[],"style":{"background":"transparent","borderColor":"#000000","borderSize":1,"borderRadius":0,"borderStyle":"Solid"},"childrenLayoutStrategy":{"kind":"FreeForm"},"borderNodes":[],"childNodes":[],"defaultWidth":125,"defaultHeight":150,"labelEditable":false,"pinned":false}],"defaultWidth":150,"defaultHeight":60,"labelEditable":true,"pinned":false}],"defaultWidth":700,"defaultHeight":400,"labelEditable":true,"pinned":false}],"edges":[{"id":"03a0af6f-31c8-3ef4-b95a-7a8dc11b8f74","type":"edge:straight","targetObjectId":"b0fd309c-b847-4d38-af9f-2671d1c95826","targetObjectKind":"siriusComponents://semantic?domain=sysml&entity=FlowConnectionUsage","targetObjectLabel":"flow","descriptionId":"siriusComponents://edgeDescription?sourceKind=view&sourceId=74c5d045-51d7-359f-9634-611d0f1bef3d&sourceElementId=51e8557c-7a3c-3aa0-aa76-cd79b863e686","beginLabel":null,"centerLabel":{"id":"4da6927b-a2b6-32b4-88dc-cf397e19775d","type":"label:edge-center","text":"flow","style":{"color":"#000000","fontSize":14,"bold":false,"italic":false,"underline":false,"strikeThrough":false,"iconURL":[],"background":"transparent","borderColor":"black","borderSize":0,"borderRadius":3,"borderStyle":"Solid","maxWidth":null}},"endLabel":null,"sourceId":"9e4e370e-58d8-3dce-ba1b-672cd49109c2","targetId":"6ce33405-739a-3288-bd19-936481136a77","modifiers":[],"state":"Normal","style":{"size":1,"lineStyle":"Solid","sourceArrow":"None","targetArrow":"InputFillClosedArrow","color":"#000000"},"centerLabelEditable":true},{"id":"0e7c760a-d41d-318c-8b4a-545500ea61de","type":"edge:straight","targetObjectId":"d7e992ba-5709-4256-994d-01fa5e49bd7f","targetObjectKind":"siriusComponents://semantic?domain=sysml&entity=FlowConnectionUsage","targetObjectLabel":"flow","descriptionId":"siriusComponents://edgeDescription?sourceKind=view&sourceId=74c5d045-51d7-359f-9634-611d0f1bef3d&sourceElementId=51e8557c-7a3c-3aa0-aa76-cd79b863e686","beginLabel":null,"centerLabel":{"id":"b4050aa8-e60a-36f7-bd74-30faada152e8","type":"label:edge-center","text":"flow","style":{"color":"#000000","fontSize":14,"bold":false,"italic":false,"underline":false,"strikeThrough":false,"iconURL":[],"background":"transparent","borderColor":"black","borderSize":0,"borderRadius":3,"borderStyle":"Solid","maxWidth":null}},"endLabel":null,"sourceId":"dd22eebe-835b-3a38-831d-90ec6a7b7aea","targetId":"7b9b15bd-d7fc-3206-b879-85208dcb3c8f","modifiers":[],"state":"Normal","style":{"size":1,"lineStyle":"Solid","sourceArrow":"None","targetArrow":"InputFillClosedArrow","color":"#000000"},"centerLabelEditable":true},{"id":"aa37bb87-d5eb-3280-bac3-4f0b50fe69bc","type":"edge:straight","targetObjectId":"883371d7-6572-4775-b940-e943ad248129","targetObjectKind":"siriusComponents://semantic?domain=sysml&entity=FlowConnectionUsage","targetObjectLabel":"flow","descriptionId":"siriusComponents://edgeDescription?sourceKind=view&sourceId=74c5d045-51d7-359f-9634-611d0f1bef3d&sourceElementId=51e8557c-7a3c-3aa0-aa76-cd79b863e686","beginLabel":null,"centerLabel":{"id":"c402dd69-bbed-3857-b083-fe80682e1596","type":"label:edge-center","text":"flow","style":{"color":"#000000","fontSize":14,"bold":false,"italic":false,"underline":false,"strikeThrough":false,"iconURL":[],"background":"transparent","borderColor":"black","borderSize":0,"borderRadius":3,"borderStyle":"Solid","maxWidth":null}},"endLabel":null,"sourceId":"882d83ba-8fef-3865-9464-7284c1e73149","targetId":"a1be137e-60a8-377f-897a-636974d882aa","modifiers":[],"state":"Normal","style":{"size":1,"lineStyle":"Solid","sourceArrow":"None","targetArrow":"InputFillClosedArrow","color":"#000000"},"centerLabelEditable":true},{"id":"eec70b45-7a8a-373f-9a2b-e532383f2417","type":"edge:straight","targetObjectId":"6a2f6f97-0b5c-4e26-aa88-b5d1b5f25a82","targetObjectKind":"siriusComponents://semantic?domain=sysml&entity=FlowConnectionUsage","targetObjectLabel":"flow","descriptionId":"siriusComponents://edgeDescription?sourceKind=view&sourceId=74c5d045-51d7-359f-9634-611d0f1bef3d&sourceElementId=51e8557c-7a3c-3aa0-aa76-cd79b863e686","beginLabel":null,"centerLabel":{"id":"d6ef332b-0cce-3a9f-8fd9-a4e25d974b1a","type":"label:edge-center","text":"flow","style":{"color":"#000000","fontSize":14,"bold":false,"italic":false,"underline":false,"strikeThrough":false,"iconURL":[],"background":"transparent","borderColor":"black","borderSize":0,"borderRadius":3,"borderStyle":"Solid","maxWidth":null}},"endLabel":null,"sourceId":"1ab397f6-a5ec-3959-810a-47c397a15cc1","targetId":"a64b0410-9f52-36b8-8a73-52022dc3e092","modifiers":[],"state":"Normal","style":{"size":1,"lineStyle":"Solid","sourceArrow":"None","targetArrow":"InputFillClosedArrow","color":"#000000"},"centerLabelEditable":true}],"layoutData":{"nodeLayoutData":{"a64b0410-9f52-36b8-8a73-52022dc3e092":{"id":"a64b0410-9f52-36b8-8a73-52022dc3e092","position":{"x":125.0,"y":55.0},"size":{"width":16.0,"height":16.0},"resizedByUser":false},"b2c4c88e-24b7-3784-a223-b08a4830e2b3":{"id":"b2c4c88e-24b7-3784-a223-b08a4830e2b3","position":{"x":0.0,"y":0.0},"size":{"width":125.0,"height":60.0},"resizedByUser":false},"1ab397f6-a5ec-3959-810a-47c397a15cc1":{"id":"1ab397f6-a5ec-3959-810a-47c397a15cc1","position":{"x":86.66796875,"y":-11.0},"size":{"width":16.0,"height":16.0},"resizedByUser":false},"a2378009-f31b-3e75-93c2-d30eba5cbf10":{"id":"a2378009-f31b-3e75-93c2-d30eba5cbf10","position":{"x":678.8334110510046,"y":414.6512231155136},"size":{"width":189.3359375,"height":115.0},"resizedByUser":false},"6a003049-04e5-346d-acfd-e9561642a2d8":{"id":"6a003049-04e5-346d-acfd-e9561642a2d8","position":{"x":368.4807532317367,"y":469.6512231155137},"size":{"width":255.84375,"height":60.0},"resizedByUser":false},"6ce33405-739a-3288-bd19-936481136a77":{"id":"6ce33405-739a-3288-bd19-936481136a77","position":{"x":67.0,"y":55.0},"size":{"width":16.0,"height":16.0},"resizedByUser":false},"84536413-7a3c-372f-9028-c6d916d53c0d":{"id":"84536413-7a3c-372f-9028-c6d916d53c0d","position":{"x":0.0,"y":0.0},"size":{"width":125.0,"height":60.0},"resizedByUser":false},"4cf716c9-4301-318d-af9f-3728b711d19b":{"id":"4cf716c9-4301-318d-af9f-3728b711d19b","position":{"x":0.0,"y":0.0},"size":{"width":125.0,"height":60.0},"resizedByUser":false},"53d0a02a-65b6-3229-9e3a-4056fd649159":{"id":"53d0a02a-65b6-3229-9e3a-4056fd649159","position":{"x":0.0,"y":0.0},"size":{"width":125.0,"height":150.0},"resizedByUser":false},"7b9b15bd-d7fc-3206-b879-85208dcb3c8f":{"id":"7b9b15bd-d7fc-3206-b879-85208dcb3c8f","position":{"x":19.2421875,"y":55.0},"size":{"width":16.0,"height":16.0},"resizedByUser":false},"192e5950-0196-353f-900b-bd12786a187f":{"id":"192e5950-0196-353f-900b-bd12786a187f","position":{"x":0.0,"y":0.0},"size":{"width":125.0,"height":60.0},"resizedByUser":false},"00da38da-d571-3ff3-83bb-217f1dd84c9d":{"id":"00da38da-d571-3ff3-83bb-217f1dd84c9d","position":{"x":406.87890625,"y":93.49995829666472},"size":{"width":156.2421875,"height":60.0},"resizedByUser":false},"c1c72152-a700-39e5-b4dd-f624d81bfa65":{"id":"c1c72152-a700-39e5-b4dd-f624d81bfa65","position":{"x":0.0,"y":0.0},"size":{"width":125.0,"height":150.0},"resizedByUser":false},"9e4e370e-58d8-3dce-ba1b-672cd49109c2":{"id":"9e4e370e-58d8-3dce-ba1b-672cd49109c2","position":{"x":89.97396709994075,"y":-11.0},"size":{"width":16.0,"height":16.0},"resizedByUser":false},"a31caae2-038d-3fed-a2a4-30fbe515ac32":{"id":"a31caae2-038d-3fed-a2a4-30fbe515ac32","position":{"x":0.0,"y":0.0},"size":{"width":125.0,"height":150.0},"resizedByUser":false},"7598bd6b-8681-3b61-a4f2-827796bbaa58":{"id":"7598bd6b-8681-3b61-a4f2-827796bbaa58","position":{"x":0.0,"y":0.0},"size":{"width":125.0,"height":60.0},"resizedByUser":false},"882d83ba-8fef-3865-9464-7284c1e73149":{"id":"882d83ba-8fef-3865-9464-7284c1e73149","position":{"x":70.12109375,"y":55.0},"size":{"width":16.0,"height":16.0},"resizedByUser":false},"1d2bdf1e-ed1a-3539-bb0c-f3e8634c6066":{"id":"1d2bdf1e-ed1a-3539-bb0c-f3e8634c6066","position":{"x":0.0,"y":0.0},"size":{"width":125.0,"height":60.0},"resizedByUser":false},"a5a6f9ef-7a6b-363f-83a3-da9ad36c66b0":{"id":"a5a6f9ef-7a6b-363f-83a3-da9ad36c66b0","position":{"x":0.0,"y":0.0},"size":{"width":125.0,"height":150.0},"resizedByUser":false},"a1be137e-60a8-377f-897a-636974d882aa":{"id":"a1be137e-60a8-377f-897a-636974d882aa","position":{"x":109.0,"y":-11.0},"size":{"width":16.0,"height":16.0},"resizedByUser":false},"55667ffe-1920-3f21-8dab-e59e6e867fd4":{"id":"55667ffe-1920-3f21-8dab-e59e6e867fd4","position":{"x":1.0,"y":54.0},"size":{"width":187.3359375,"height":60.0},"resizedByUser":false},"ca012072-f1d3-3f0c-a72e-0b10a4beb754":{"id":"ca012072-f1d3-3f0c-a72e-0b10a4beb754","position":{"x":72.0,"y":585.3455525292668},"size":{"width":238.1796875,"height":60.0},"resizedByUser":false},"db5c6762-2f72-3628-853d-8d47e5269eb2":{"id":"db5c6762-2f72-3628-853d-8d47e5269eb2","position":{"x":0.0,"y":0.0},"size":{"width":125.0,"height":60.0},"resizedByUser":false},"dd22eebe-835b-3a38-831d-90ec6a7b7aea":{"id":"dd22eebe-835b-3a38-831d-90ec6a7b7aea","position":{"x":67.0,"y":-11.0},"size":{"width":16.0,"height":16.0},"resizedByUser":false},"38629423-a339-3370-8410-7af21b545d12":{"id":"38629423-a339-3370-8410-7af21b545d12","position":{"x":0.0,"y":0.0},"size":{"width":125.0,"height":60.0},"resizedByUser":false},"7d6e70cf-6c11-3387-aebc-36a397b1ce11":{"id":"7d6e70cf-6c11-3387-aebc-36a397b1ce11","position":{"x":0.0,"y":0.0},"size":{"width":125.0,"height":150.0},"resizedByUser":false},"ffa6a00d-f9ca-397d-abe7-61016c65e0ef":{"id":"ffa6a00d-f9ca-397d-abe7-61016c65e0ef","position":{"x":0.0,"y":0.0},"size":{"width":125.0,"height":60.0},"resizedByUser":false},"8ba4c1d6-6420-3da3-b410-16d6db099e57":{"id":"8ba4c1d6-6420-3da3-b410-16d6db099e57","position":{"x":0.0,"y":32.5},"size":{"width":187.3359375,"height":17.0},"resizedByUser":false},"906df697-223d-35ea-b130-46566e0d1e3a":{"id":"906df697-223d-35ea-b130-46566e0d1e3a","position":{"x":-258.0,"y":12.0},"size":{"width":970.0,"height":773.0},"resizedByUser":true},"48be4dae-3c47-35ac-8204-2da13a394ba6":{"id":"48be4dae-3c47-35ac-8204-2da13a394ba6","position":{"x":94.97396709994075,"y":330.1784153234342},"size":{"width":150.0,"height":60.0},"resizedByUser":false}},"edgeLayoutData":{},"labelLayoutData":{}}}}